settlement_id,name,district,source,lon,lat,elevation_m,slope_deg,profile_curv,plan_curv,static_susceptibility,susceptibility_tier
LGD_0000, ,Charaideo,LGD,95.34237608000518,27.161622714804434,121.4092,6.788349,-0.0020627005,-0.021335317,0.26251243168861943,low
LGD_0001,Borpatra Bagicha,Charaideo,LGD,95.35499420710602,27.14058894443699,128.15422,3.3804655,-0.00013511442,-0.01848376,0.24609039000867877,low
LGD_0002,Panisaki Grant,Charaideo,LGD,95.34890999729356,27.151577316274686,128.44434,4.6099486,-0.001687026,-0.060497355,0.25680813747223313,low
LGD_0003, ,Charaideo,LGD,95.32834361124381,27.154767327997767,124.93719,2.642508,0.0039109546,1.8121189,0.10343726872299921,low
LGD_0004, ,Charaideo,LGD,95.32160008787315,27.147342052230183,120.51451,4.3869953,-0.002882848,-0.059460055,0.2544390084081102,low
LGD_0005,Dangeri Kumar,Charaideo,LGD,95.33441997841459,27.1369969441224,129.9663,5.7156715,0.0044234293,0.15512209,0.23936211512601757,low
LGD_0006,Tiokia Gaon,Charaideo,LGD,95.31820785317726,27.125597866837015,118.86215,4.255617,-0.0019188965,-0.078155786,0.25534937590237355,low
LGD_0007,Nagakata Gaon,Charaideo,LGD,95.31027648791905,27.140599832211148,122.03342,2.1998847,0.002804425,0.15969111,0.22152901689035412,low
LGD_0008,Nagakata Grant,Charaideo,LGD,95.3092243375772,27.168056599017433,122.40443,5.7713637,3.301031e-05,-0.012214502,0.2562873895032034,low
LGD_0009,Nagakata Grant,Charaideo,LGD,95.32375161101461,27.17769208432913,115.10916,3.3445864,-0.00079282915,-0.048375085,0.24698049747169118,low
LGD_0010,Poita Khat,Charaideo,LGD,95.2846570343474,27.188307088208152,119.1815,6.688766,-0.0063126744,-0.018006768,0.26186361167799177,low
LGD_0011,Nahar Pukhuri Changmai Gaon,Charaideo,LGD,95.2477540035709,27.178850059081356,114.99946,0.29448116,0.00021880516,0.036524504,0.2239514508555618,low
LGD_0012,Mridong Para & Barua Nagar Rly. Stn.,Charaideo,LGD,95.20935455054926,27.14461376794573,113.99573,2.9277415,-0.0028517654,-0.037650205,0.2439452108174672,low
LGD_0013,Atal Pothar,Charaideo,LGD,95.19587485462475,27.13462197394766,110.95701,5.4392605,0.00052486773,0.13553874,0.23752902452852787,low
LGD_0014,Raidang Basti,Charaideo,LGD,95.21732038901784,27.129142212130347,117.106346,6.1277256,-0.001138664,0.011876556,0.25481255745939135,low
LGD_0015,Timon Habi,Charaideo,LGD,95.22967581541444,27.134834245113552,114.34728,1.6674404,0.000823962,0.054432686,0.22835011697934085,low
LGD_0016, ,Charaideo,LGD,95.21679405193031,27.139129334744297,115.88593,2.9908688,0.0025870125,0.12285013,0.22780449938417252,low
LGD_0017,Kharia Bheta,Charaideo,LGD,95.22367677510874,27.157477388498798,113.793915,2.8025448,0.00052509794,0.1518975,0.2240635168356537,low
LGD_0018,Pachim Nalbari,Charaideo,LGD,95.24005178769556,27.15590159766786,119.69401,7.598223,0.0018451666,0.024297038,0.26090695418076953,low
LGD_0019,Dhonekhona Grant,Charaideo,LGD,95.2474397712223,27.142901368056368,112.270775,1.6890882,0.00032045384,-0.02240001,0.2357860196711805,low
LGD_0020,Kachari Pothar,Charaideo,LGD,95.23832657593374,27.139716870237873,111.42964,4.5274386,-0.0051739546,-0.07005752,0.2550705860633606,low
LGD_0021,Dhonekhona Grant,Charaideo,LGD,95.24379564769623,27.12697336914928,113.382324,3.4926498,0.0005134906,-0.0597465,0.2484270823944919,low
LGD_0022,Bhuyan Khat,Charaideo,LGD,95.25609799408878,27.130945786308537,119.84062,5.819553,0.002725287,-0.004186484,0.2548922469093491,low
LGD_0023,Chatiakari,Charaideo,LGD,95.266631668412,27.13821854962767,117.26044,4.6633244,-0.0032498345,-0.004386689,0.24956915292938303,low
LGD_0024,Loholia,Charaideo,LGD,95.27005478039416,27.151217786788923,114.27338,2.720657,-0.0025274819,-0.052855436,0.24449895149793144,low
LGD_0025, ,Charaideo,LGD,95.2561023816028,27.147665094998988,112.687614,0.7858516,5.6176304e-05,0.0677454,0.22285984549921856,low
LGD_0026,Pub-Nalbaria,Charaideo,LGD,95.2555766107953,27.16173338353545,113.88971,5.280752,0.0001256109,0.0538433,0.24558218902029968,low
LGD_0027,Borpothar,Charaideo,LGD,95.26918636496393,27.182134854411114,125.961266,5.5655766,0.0067632557,0.24331242,0.2289651857501323,low
LGD_0028,Michajan & Borhat Rly. Stn.,Charaideo,LGD,95.27121738533933,27.16727216329562,115.59243,5.581781,0.00011601145,0.064678274,0.24620939036926442,low
LGD_0029,Borhat Bagicha,Charaideo,LGD,95.28255686090873,27.158646535162834,117.25277,5.5321918,-0.003276454,-0.10973769,0.2650923902654864,low
LGD_0030,Chakalia Grant,Charaideo,LGD,95.2915548568336,27.166627856801906,115.44525,1.5875452,-0.00017955132,-0.06247609,0.23989397527151599,low
LGD_0031,Narem Pothar,Charaideo,LGD,95.29469931980425,27.178911787622955,119.25006,6.216405,-0.0014388519,-0.0041234065,0.257341133493036,low
LGD_0032,Chakalia Pothar,Charaideo,LGD,95.29513635665329,27.16180968937164,115.93267,5.989061,4.9937218e-05,0.0074080597,0.2542372882616961,low
LGD_0033,Nagakata Balamia,Charaideo,LGD,95.30376704558248,27.154754707543603,117.22464,5.431889,-0.00026722427,-0.0589615,0.2587205544727255,low
LGD_0034,Borhat Bagicha,Charaideo,LGD,95.28705295070264,27.145124955284267,125.37225,3.3706958,0.008695214,0.082272135,0.23425872109684157,low
LGD_0035,Dabohi Bil,Charaideo,LGD,95.28166048136072,27.1288372092577,118.20556,2.445576,-0.0017970852,-0.014116813,0.2397615881200684,low
LGD_0036,Borholla Habi,Charaideo,LGD,95.29765032141927,27.133571255501092,117.37359,0.9306966,3.3619213e-05,0.08290876,0.22276906358892845,low
LGD_0037,Lefera Gaon,Charaideo,LGD,95.30004161581691,27.12288872846938,117.80033,1.8802392,-5.7502566e-05,0.038779043,0.23151812952792777,low
LGD_0038,Naga Gaon,Charaideo,LGD,95.30210376936778,27.113373842504934,128.6402,5.840395,0.004852832,0.23619762,0.23159758372413852,low
LGD_0039,Bihubor Habi No.2,Charaideo,LGD,95.28827367534784,27.120909049148946,117.54324,4.783644,-0.0006839722,-0.03735571,0.2533053036383785,low
LGD_0040,Bihubor Habi No.1,Charaideo,LGD,95.28162988403737,27.115757757325223,120.85363,4.541108,0.002566601,0.055398915,0.24263032269861037,low
LGD_0041,Charaipung No.1 & Bimalapur,Charaideo,LGD,95.2635301940036,27.081303533104336,134.49817,11.089041,0.00033386255,0.05204862,0.2786751657957268,low
LGD_0042,Bihubor Habi No.1,Charaideo,LGD,95.26667252972302,27.062535443861638,271.0536,28.904875,-0.008098367,-0.014425139,0.4202305108096929,low
LGD_0043,Dabolo Habi Gaon,Charaideo,LGD,95.25113903955695,27.070491109334423,124.77984,7.952465,-0.0049574063,-0.040018566,0.2715003075252457,low
LGD_0044,Nagahat Gaon,Charaideo,LGD,95.25027976421019,27.086662578977705,117.20866,4.8162975,-0.0022944664,-0.047285594,0.25467419564651905,low
LGD_0045,Dabolo Habi Gaon,Charaideo,LGD,95.25759347638426,27.08884265770286,120.38124,6.0458775,-0.0012743529,-0.11147317,0.26816925622125126,low
LGD_0046,Nagahat Kachari,Charaideo,LGD,95.25098277289202,27.103219672748764,121.18672,6.167671,-0.0028168259,0.024247263,0.25460895157524355,low
LGD_0047,Garkush Habi Gaon,Charaideo,LGD,95.269468803674,27.095582616188675,118.59986,6.720459,-7.725614e-06,0.013219606,0.2577306153427042,low
LGD_0048,Lakili Habi,Charaideo,LGD,95.26799009302117,27.105124930059834,118.758545,4.4014807,-0.000698359,0.01463128,0.2462230384319604,low
LGD_0049,Baruasali Bagicha,Charaideo,LGD,95.27434380028002,27.12208640848376,119.89764,2.775353,0.0015141871,0.19939609,0.22018197258789352,low
LGD_0050,Dhonekhona Habi,Charaideo,LGD,95.2620371690064,27.117679003380477,116.29883,3.2279353,-0.0012510903,-0.025389666,0.24430307491471132,low
LGD_0051,Lawjan No.2,Charaideo,LGD,95.23733794783391,27.115565495603665,115.90456,2.9737132,0.002025401,0.030606491,0.23692022820248718,low
LGD_0052, ,Charaideo,LGD,95.24521427515339,27.114806369672014,116.50827,4.839097,-0.000106137224,0.010723488,0.2483238395520088,low
LGD_0053,Kala Kata Gaon,Charaideo,LGD,95.23365006075937,27.098471239022118,112.19927,4.568067,-0.003327939,-0.01278219,0.2491612870391881,low
LGD_0054,Medela Jan  No.2,Charaideo,LGD,95.21966025028432,27.105286629737044,114.31503,3.6626906,0.0022888193,0.05830146,0.23713272393711415,low
LGD_0055,Bheseli Pothar,Charaideo,LGD,95.22887825903793,27.110692706627844,114.45186,5.0159874,-0.0021207505,-0.037123933,0.2541235273205984,low
LGD_0056,Lawjan No.1,Charaideo,LGD,95.22713833147688,27.121587840005706,114.62024,2.907125,0.001059444,0.017823683,0.23781004783424883,low
LGD_0057,Raidang T.E,Charaideo,LGD,95.20817738632849,27.120370472821808,111.429504,3.4762206,-0.003420072,-0.011435779,0.2435863786165536,low
LGD_0058,Ghorajan T.E.No.1,Charaideo,LGD,95.1953263613676,27.118288818438256,112.28612,1.677769,0.00013977678,0.01777888,0.23176800389706312,low
LGD_0059,Gorokhia Bam No.1,Charaideo,LGD,95.19548623422425,27.106873578166866,114.728,3.983549,-0.0021396761,-0.03568497,0.24891593810058302,low
LGD_0060,Dharam Pothar,Charaideo,LGD,95.19327702500212,27.097059692016046,110.11499,3.6296642,-0.0004986068,-0.085364476,0.25136879597879697,low
LGD_0061,Medela Jan No.3,Charaideo,LGD,95.20450188971432,27.099592756952404,110.90784,3.433736,-0.0009825977,0.020470792,0.23973775174488066,low
LGD_0062,Sal Kathoni T.G,Charaideo,LGD,95.20982415874442,27.10842443403205,112.43226,2.5941129,0.0008934405,-0.004170384,0.23820809599662315,low
LGD_0063,Medelajan No.1,Charaideo,LGD,95.20883836266151,27.089327251601663,116.49061,6.11717,-0.0007818881,0.0019932867,0.2556515312426794,low
LGD_0064, ,Charaideo,LGD,95.1871576644128,27.088084870990112,113.59442,5.561447,-0.0067315022,0.01894576,0.2514399856629737,low
LGD_0065,Bagh Moria Gaon,Charaideo,LGD,95.19293024400986,27.08029894911989,110.21359,3.8400674,-0.0017758496,-0.0016855518,0.2439405466023895,low
LGD_0066,Ujankuri Gaon,Charaideo,LGD,95.20944120511382,27.067915466138984,115.7191,6.218333,-0.00033820068,-0.018272666,0.2581154699606696,low
LGD_0067,Moran Habi No.1,Charaideo,LGD,95.22396566793203,27.080004512555124,113.06395,4.366411,0.0003270591,0.015626479,0.24489976765252114,low
LGD_0068,Gohain Gaon,Charaideo,LGD,95.2410512365329,27.081097216071086,117.1969,4.4376235,-0.00338844,-0.028713329,0.25099588129204314,low
LGD_0069,Charaipung No.2,Charaideo,LGD,95.2437826171851,27.0603505312104,130.73975,8.22227,-0.0029041513,-0.033640925,0.27293654386603144,low
LGD_0070,Holongamora No.2,Charaideo,LGD,95.23418534594146,27.057632096508485,138.21587,5.5852942,0.0032473188,0.20097038,0.2355862555862133,low
LGD_0071,Gazuating Grant & Rongsali T E,Charaideo,LGD,95.22070929024285,27.042701408412274,135.75052,16.175568,-0.011269966,-0.018239588,0.3166763332874705,low
LGD_0072,Holonga Mora No.1,Charaideo,LGD,95.21974276918975,27.05681522595906,118.17509,4.190503,-0.0028483546,-0.03854446,0.2508872090979264,low
LGD_0073,Boka Pothar,Charaideo,LGD,95.20392881101846,27.053364226787224,120.036514,6.0269885,-0.007161478,-0.023414092,0.2593516877703392,low
LGD_0074,Baregaon,Charaideo,LGD,95.19429056337539,27.05781419676444,114.762115,7.3847637,-0.0031792491,-0.0154199395,0.26395173423518953,low
LGD_0075,Boga Bagh T.G,Charaideo,LGD,95.19328036391897,27.0397715080685,120.476166,2.41682,0.0020536468,0.0354643,0.23451021433035427,low
LGD_0076,Naga Gaon,Charaideo,LGD,95.32419475043193,27.103552542795974,277.07114,22.569643,0.0003475628,-0.0024992686,0.3785608307842179,low
LGD_0077,Tangia F.V,Charaideo,LGD,95.11617316123805,26.996103978933988,116.873,4.289349,0.0016097598,0.030381,0.2434566382681337,low
LGD_0078,Lalotipothar No.1,Charaideo,LGD,95.09455905617463,26.99008753139531,114.94796,3.479544,-0.002742682,0.027964298,0.24006766303576355,low
LGD_0079,Laloti Pothar No.3,Charaideo,LGD,95.10008075731183,26.978922619047992,121.50838,2.852762,0.0011119763,0.004022129,0.24002081817404597,low
LGD_0080,Towkok Grant No.2,Charaideo,LGD,95.06759163034076,26.970397004045324,114.94453,6.313009,-0.007003228,-0.120880015,0.27045476862430873,low
LGD_0081,Towkok Grant No.1,Charaideo,LGD,95.06214406370853,26.99666706611702,115.84749,3.0699382,0.00084265583,-0.024561204,0.2431055275953726,low
LGD_0082, ,Charaideo,LGD,95.02479170584292,26.99547095955328,107.33443,3.3669624,-0.0001743293,0.111702725,0.22967799935602534,low
LGD_0083, ,Charaideo,LGD,94.99853408229885,26.989027500089314,139.27289,13.39598,0.0004078292,-0.017426418,0.29988562351979847,low
LGD_0084,Naphuk Grant,Charaideo,LGD,94.99428137884107,26.998991310463918,119.969055,5.803814,0.0015716905,0.012200505,0.2532693611707178,low
LGD_0085, ,Charaideo,LGD,94.99370801640245,26.95282988658274,129.98877,7.033819,-0.00014470423,-0.13063005,0.2769104302312777,low
LGD_0086,Singlo T.G,Charaideo,LGD,94.97213638549445,26.968083552125684,146.34947,17.417274,0.00048243054,-0.013519387,0.3233750326556356,low
LGD_0087,Suffry Grant,Charaideo,LGD,94.9568793756058,26.98121789743648,113.56617,3.6219597,0.00020800179,0.010717567,0.24189595307728076,low
LGD_0088, ,Charaideo,LGD,94.97616932091422,26.98029579358452,110.644585,4.1925163,-0.0011676032,-0.05957997,0.2516370814621023,low
LGD_0089,Abhoypur Grant,Charaideo,LGD,94.97253057161846,26.991475181590992,111.68502,7.24329,-0.0008833161,-0.011139494,0.26193652831330594,low
LGD_0090,Maibela Grant Elec. Power Project,Sivasagar,LGD,94.93398928231272,26.978710009536268,116.625916,7.833954,0.005058005,-0.02561145,0.2665195065919405,low
LGD_0091,Bhokot Gaon,Charaideo,LGD,94.89917707229023,26.97440784469441,101.39549,6.669513,-0.0014078622,-0.027465004,0.259130635191062,low
LGD_0092,Mathurapur Grant,Charaideo,LGD,94.91787040536087,26.98292196870379,114.92561,6.8157682,0.0006334272,0.03313665,0.25540680311367475,low
LGD_0093,Mathurapur Grant,Sivasagar,LGD,94.92416860228525,26.96468479713424,111.94853,8.858822,0.00012579742,-0.004900197,0.2694437578355058,low
LGD_0094,Bokopukhuri Habi,Sivasagar,LGD,94.89969684815053,26.960116204688717,104.17413,5.384288,0.00049567205,-0.07333042,0.25773549211822017,low
LGD_0095,Bokopukhuri Habi,Sivasagar,LGD,94.9072761704672,26.947010125447505,134.84584,13.416165,-2.8194025e-05,0.036114905,0.2930691698483791,low
LGD_0096, ,Sivasagar,LGD,94.88771002995004,26.93211406569365,120.92477,6.175233,-0.0033983234,-0.092730075,0.26718820088273326,low
LGD_0097, ,Sivasagar,LGD,94.87038338600195,26.93521657384783,122.625404,9.132751,-0.0017239528,0.0035978241,0.27202260895527763,low
LGD_0098, ,Sivasagar,LGD,94.87717491268127,26.92877521912059,109.96753,5.191664,-0.0014044092,0.10667695,0.2393485683592227,low
LGD_0099, ,Sivasagar,LGD,94.86484942892328,26.914425804543033,103.763145,3.4537125,-0.0031697,-0.038130008,0.24494949224298138,low
LGD_0100, ,Sivasagar,LGD,94.85160785186423,26.88626388458047,117.02807,11.036423,0.00015435413,-0.068042144,0.2888741746727258,low
LGD_0101, ,Sivasagar,LGD,94.84053332568391,26.878354288775167,114.180084,4.50739,0.0029617879,0.016063793,0.24537060733829533,low
LGD_0102,Khula Khowa Pothar,Sivasagar,LGD,94.84741156360658,26.897689761997782,110.47631,10.817978,-0.0032278148,-0.044154488,0.28432624823016167,low
LGD_0103,Khula Khowa Pothar,Sivasagar,LGD,94.85536982164845,26.906387580607944,105.293976,12.2471,-0.0025123141,-0.028795663,0.2892386304863809,low
LGD_0104, ,Charaideo,LGD,94.85081934271727,26.938126229191234,97.57121,3.5947967,-0.00034694397,0.0063811876,0.23974250168136058,low
LGD_0105,Gochai Kolakhat,Sivasagar,LGD,94.84882506057991,26.921705450871116,98.5298,2.53654,-0.0004239263,-0.11064016,0.24673167680824776,low
LGD_0106,Bamun Bari,Sivasagar,LGD,94.84327933822185,26.923921979686774,107.29392,5.216889,0.006524545,0.10011725,0.23867799922968766,low
LGD_0107, ,Charaideo,LGD,94.84418089516655,26.939619172335597,97.77509,5.6829166,-0.0035240655,-0.0028878169,0.2513061597888017,low
LGD_0108,Ghorpholia,Charaideo,LGD,94.84007427260921,26.94884940002578,96.54148,0.59635806,0.00031759142,0.03422648,0.22275989775237914,low
LGD_0109, ,Charaideo,LGD,94.85096970390501,26.962988465666474,102.76195,7.0429044,-0.0027231914,-0.00085419044,0.2585892727727731,low
LGD_0110, ,Charaideo,LGD,94.88167214204442,26.966490573025634,102.444855,5.0956783,0.0036247326,0.12322183,0.2354001915347663,low
LGD_0111,Chakial Gaon,Charaideo,LGD,94.86657803919944,26.95587346596674,98.301186,0.33170736,-0.0002694636,0.22630763,0.204052010361956,low
LGD_0112,Bhakat Gaon,Charaideo,LGD,94.88770807884924,26.986719962786932,101.58978,5.2875853,0.00049820525,0.02741051,0.24630649106517485,low
LGD_0113,Bhokot Bhajoni Pothar,Charaideo,LGD,94.85955932669485,26.989036243463552,97.82935,3.0466642,-0.000940282,-0.09836128,0.24791428463121942,low
LGD_0114,Charimuthia Gaon,Charaideo,LGD,94.83922469858923,26.982814180667024,105.14423,6.2690973,-0.0038379745,0.052290667,0.2496945388362802,low
LGD_0115,Tipomia,Charaideo,LGD,94.81845482300064,26.98715198250828,95.12677,5.371609,2.7071841e-05,-0.12205128,0.261420170467517,low
LGD_0116,Charimuthia Gaon,Charaideo,LGD,94.83308016925392,26.969784601010378,95.576904,5.7985225,-8.627652e-05,-0.042203337,0.25517744491785976,low
LGD_0117,Dhamdhuli Gaon,Charaideo,LGD,94.82757111665185,26.949346158549524,97.42052,7.3865113,-0.00093324104,-0.0005244302,0.25915180834991525,low
LGD_0118,Moran Gaon,Charaideo,LGD,94.80811864509505,26.94258461391801,103.663826,10.510168,0.0054684896,0.009423971,0.27427973465978434,low
LGD_0119,Chetia Gaon,Charaideo,LGD,94.81527292997825,26.95308583066844,94.830734,7.188816,-0.0005755809,-0.0052120443,0.2581749135326721,low
LGD_0120,Maut Gaon & Mout Gaon Rly. Stn.,Charaideo,LGD,94.79657522453469,26.95688564909588,102.927475,8.734451,0.002147637,-0.09311365,0.27666403787387117,low
LGD_0121, ,Charaideo,LGD,94.80676406252542,26.962470495940607,97.347275,3.2463315,-0.0007360828,-0.03760656,0.24254594226713191,low
LGD_0122,Lonpuria,Charaideo,LGD,94.79168319299127,26.944243387757965,96.84971,5.210836,0.002187754,0.04018143,0.24364051856676533,low
LGD_0123,Bhotorbari,Charaideo,LGD,94.78518141658944,26.955104846976933,97.61165,6.7560935,0.0009398477,0.03217182,0.25232663313438997,low
LGD_0124,Bhajoni,Charaideo,LGD,94.78050736340064,26.97090591545434,93.80015,3.6065845,-0.0003770932,-0.099950306,0.25010074753698436,low
LGD_0125,Silakuti Bhakat Gaon,Charaideo,LGD,94.7888091188477,26.982117299831195,95.5215,2.9880676,-0.0003146054,0.011653606,0.23599723102721015,low
LGD_0126, ,Charaideo,LGD,94.80016804572003,26.972693090005162,96.0933,5.103028,0.00018755252,-0.029094687,0.2504017595213345,low
LGD_0127, ,Charaideo,LGD,94.80435930913387,26.98850278799907,95.398506,3.7142284,-0.00015980663,-0.24253882,0.2660102603368002,low
LGD_0128,Nongala Mora,Sivasagar,LGD,94.7700208118367,26.9920166572119,95.03589,8.135215,-0.00858803,-0.017430441,0.26542929997778236,low
LGD_0129,Jalukani Bill,Sivasagar,LGD,94.76628217233818,26.97698330642472,94.06253,7.2979836,-0.00022395598,0.012040537,0.25671906870474603,low
LGD_0130,Kataki Kush,Sivasagar,LGD,94.75529339284492,26.982497416076278,93.77326,3.529491,1.1576644e-05,-0.010734073,0.24051347594327646,low
LGD_0131,Borbil,Sivasagar,LGD,94.74977349582367,26.99989733448412,97.86003,8.598797,-0.0040979716,0.022613022,0.2633313965512525,low
LGD_0132, ,Sivasagar,LGD,94.73657711652402,26.992346461469857,92.807076,0.41033557,-2.6506752e-05,-0.096524164,0.2341474671449083,low
LGD_0133,Duwari Gaon,Sivasagar,LGD,94.7203445300453,26.997708559659664,91.27838,0.41822836,2.7277356e-05,-0.086396806,0.23293538310078285,low
LGD_0134, ,Sivasagar,LGD,94.72330195136163,26.978142034938273,91.95489,0.33555835,7.22043e-05,0.012913598,0.22296181785703612,low
LGD_0135, ,Sivasagar,LGD,94.73603409098334,26.972191870334555,92.80642,7.1146183,-0.0025297017,-0.011038493,0.25835185362177115,low
LGD_0136,Dimoral,Sivasagar,LGD,94.74109448733539,26.980672217140395,92.60486,1.2392064,-1.9991758e-05,-0.031054057,0.23152024636879734,low
LGD_0137, ,Sivasagar,LGD,94.73469372839742,26.960112476610494,95.33174,8.341247,-0.0103362575,-0.03788251,0.26900428036778035,low
LGD_0138,Dimoral,Sivasagar,LGD,94.7206909466843,26.96578215851266,104.372574,7.048809,-0.0002859926,0.025987,0.2557100130539116,low
LGD_0139, ,Sivasagar,LGD,94.72233925849122,26.95372822564669,101.4577,6.2160735,0.0054077124,0.024282893,0.2505066761303845,low
LGD_0140, ,Sivasagar,LGD,94.72515075343006,26.940954067261238,108.90587,9.067049,0.010567273,0.1251171,0.25461146359816683,low
LGD_0141, ,Sivasagar,LGD,94.7387346268977,26.947890801693404,94.30377,2.9727635,-0.00013835795,-0.0012121634,0.23699931918727546,low
LGD_0142,Khanikar,Charaideo,LGD,94.75520149279764,26.943250834346166,96.069885,9.051191,-0.00853015,0.017947778,0.26646371486528986,low
LGD_0143, ,Sivasagar,LGD,94.75132163968316,26.96165761824286,93.72615,5.2149777,-0.0001299235,-0.088379234,0.2568347560732986,low
LGD_0144,Pani Bill,Charaideo,LGD,94.7669834796535,26.957451533194885,94.65814,7.366096,-0.0020249966,-0.059837773,0.2650962980642936,low
LGD_0145,Deodhai,Charaideo,LGD,94.77270838018279,26.943713546306924,100.481636,8.821373,0.0026365966,0.056327958,0.2603570589417663,low
LGD_0146,Ramu Gaon,Charaideo,LGD,94.77154455103201,26.92844224126018,94.51892,0.5063043,0.00016835562,0.029575547,0.22251182534956485,low
LGD_0147,Pohuchungi Deodhai,Sivasagar,LGD,94.76454091861228,26.916117321568038,96.06661,5.0116215,-0.0009844771,0.0525658,0.24170896044660733,low
LGD_0148,Bailung Gaon,Sivasagar,LGD,94.74798405481073,26.91238496109126,108.74651,10.805962,0.008311186,0.0072855204,0.2765405218289806,low
LGD_0149,Borkola Gorh Gaon,Charaideo,LGD,94.74822971904865,26.93296403682538,97.078354,4.7892694,-0.000852165,-0.34823626,0.2837026298702284,low
LGD_0150, ,Sivasagar,LGD,94.74323889280748,26.924053677561513,96.671844,6.3436804,-0.0017128326,-0.011648519,0.25508056710932414,low
LGD_0151,Na-Mati Gaon,Sivasagar,LGD,94.7255289712244,26.925730077111844,95.039635,6.085246,-0.0059028934,-0.024532946,0.2554486459022998,low
LGD_0152,Nazira (MB),Sivasagar,LGD,94.73697804278986,26.91517498961128,100.55406,8.327835,0.00029941098,0.13713826,0.2497121984818474,low
LGD_0153,Chanbosa Handique,Sivasagar,LGD,94.74601100430885,26.904016438781365,103.738266,9.701792,-0.00092167873,0.050844464,0.2664750064947632,low
LGD_0154,Likson,Sivasagar,LGD,94.73385374657917,26.89873254710233,94.9989,0.33240628,-0.00051871856,-0.35297135,0.2606393764723291,low
LGD_0155, ,Sivasagar,LGD,94.71635748691038,26.877728870429312,96.22402,2.541158,-0.0038397955,-0.07188068,0.2428632051889401,low
LGD_0156,Bhabachuk Gaon,Sivasagar,LGD,94.73032000106296,26.879835366109948,95.18976,5.0634317,-0.0002632521,-0.13130683,0.26089905176664213,low
LGD_0157,Gohain Handique,Sivasagar,LGD,94.73784020410547,26.886928258274462,94.98364,5.4515967,-0.00049527147,-0.17738703,0.26784781609778685,low
LGD_0158, ,Sivasagar,LGD,94.74517480235527,26.876850297719592,97.949684,1.3368417,0.0020009878,0.092649534,0.22053003111391178,low
LGD_0159,Mout Gaon,Sivasagar,LGD,94.75546144773928,26.886511633496827,100.746826,8.231543,-0.005517068,-0.014008665,0.2660904877858166,low
LGD_0160,Bailung Gaon,Sivasagar,LGD,94.76098691294666,26.89877371118758,103.090546,6.1242905,-0.0018887124,0.035531227,0.25012845077747853,low
LGD_0161,Changdhora,Sivasagar,LGD,94.77319758237803,26.899058048028973,96.74212,3.1324024,0.00018949174,0.30905375,0.20830813042680676,low
LGD_0162,Bali Gaon,Sivasagar,LGD,94.76980842291455,26.883867008770665,98.72154,10.810444,0.00071419356,0.024195956,0.27404314998827933,low
LGD_0163,Changdhora,Sivasagar,LGD,94.78501777785822,26.88770462102184,97.72073,2.9372027,9.409528e-05,0.07765319,0.22951249158055287,low
LGD_0164, ,Sivasagar,LGD,94.7888195831344,26.880057180497577,98.962975,3.6751962,-9.601731e-05,0.03626778,0.2373029617329885,low
LGD_0165,Adaboria Handique,Sivasagar,LGD,94.80171977338078,26.892016529262616,103.98143,6.001204,0.0027392562,0.040066544,0.248577924204456,low
LGD_0166,Pator Gaon,Sivasagar,LGD,94.80025231144513,26.902286730841542,96.07602,4.6431513,-0.0011881251,0.012521604,0.24404021737704631,low
LGD_0167,Chetia Handique,Sivasagar,LGD,94.78717553161326,26.90456163487968,102.05731,10.548565,-0.0008910353,0.013400327,0.2746695735084574,low
LGD_0168,Tipomia,Sivasagar,LGD,94.77827311734788,26.914132437048192,95.25228,3.2433069,-0.00013569553,0.077771656,0.23057500970350317,low
LGD_0169,Abhoypuria Gaon,Charaideo,LGD,94.78809975954479,26.93295617170179,95.48212,6.3376937,-0.0017618261,0.004205204,0.2531957442559113,low
LGD_0170,Chumoni,Charaideo,LGD,94.80012622571041,26.930501693374225,95.047615,8.276389,-0.0026545862,-0.000111994304,0.26345971457954004,low
LGD_0171,Bangmuria Konwar,Sivasagar,LGD,94.79729762561995,26.91448089002113,94.823875,3.2654011,-9.523418e-06,-0.05706061,0.2441257238991051,low
LGD_0172,Mohan,Sivasagar,LGD,94.81829717988317,26.911022951222968,97.11746,4.0215282,-0.0011288818,0.020268805,0.24041283145900977,low
LGD_0173,Lahon Gaon,Sivasagar,LGD,94.80991576983055,26.919380231874733,100.10078,4.796643,-0.00090479356,0.0043663,0.2462310971097181,low
LGD_0174,Chuladhowa Khonikar,Charaideo,LGD,94.81484620728153,26.93240063003635,94.87812,3.187024,-0.00014487609,-0.03224288,0.24124487984132992,low
LGD_0175,Kukurachowa Gaon,Charaideo,LGD,94.82755902972737,26.9309704705822,95.441635,0.34502983,3.0274727e-05,-0.17858395,0.24250162142439424,low
LGD_0176,Duwara Gaon,Sivasagar,LGD,94.83052284355348,26.92123500178706,105.78618,5.548934,0.0070336964,0.059397116,0.24410321792989892,low
LGD_0177,Belang Bari,Sivasagar,LGD,94.83466783431318,26.910925576234224,98.134544,1.1944381,-0.00019036098,-0.050833628,0.23414710567661368,low
LGD_0178,Nimaigorh Habi,Sivasagar,LGD,94.82478920648681,26.89516534399448,101.253365,2.7342603,-0.00024852317,-0.0636553,0.24328713638606225,low
LGD_0179,Na-Gaon,Sivasagar,LGD,94.80971974213048,26.877989955006036,115.62492,5.7697024,0.008270186,0.12428162,0.2399699386975214,low
LGD_0180,Upper Namchai,Sivasagar,LGD,94.83201219138084,26.872582556707336,111.40858,3.9295795,-0.000847673,-0.2917023,0.2753443212151433,low
LGD_0181, ,Sivasagar,LGD,94.82263223406433,26.865542023950187,108.53535,2.7131443,0.00017117805,0.06273268,0.23158940735305464,low
LGD_0182,Sontok  Grant,Sivasagar,LGD,94.81064635067297,26.85920280246305,110.84272,3.749641,0.0032641497,-0.0058240737,0.2433622047548683,low
LGD_0183, ,Sivasagar,LGD,94.8129362364324,26.84443626086786,110.70592,4.9730253,0.005274743,0.043672618,0.24393979087322956,low
LGD_0184,Rojabheta No.1,Sivasagar,LGD,94.79464667669804,26.81257198426492,102.911415,53.102345,0.0042291856,0.028087571,0.5338459394936526,moderate
LGD_0185, ,Sivasagar,LGD,94.80192492694478,26.824928926510132,96.5,7.2897635,0.0,0.0,0.258327646800575,low
LGD_0186,Bihubor Grant,Sivasagar,LGD,94.78203729367988,26.81955348565673,110.359505,3.790085,0.0028109108,0.033728953,0.23952302995469033,low
LGD_0187,Bor Gohain,Sivasagar,LGD,94.78447664931883,26.835568049482642,105.42375,8.267308,-0.0028466012,-0.015503825,0.26685549414181986,low
LGD_0188,Bamun Pukhuri Chah Bagicha,Sivasagar,LGD,94.78629622746928,26.852993376040306,104.74332,4.9607835,-0.00018379174,0.071246125,0.24084072164951853,low
LGD_0189,Garmur Miri,Sivasagar,LGD,94.79856314689945,26.84762893547896,110.21357,6.9469795,0.0015648241,0.011982928,0.25739424404686073,low
LGD_0190,Bogdoi,Sivasagar,LGD,94.7957367154759,26.87227344201603,101.414986,6.120973,-0.0024400917,0.005247501,0.2530743631446031,low
LGD_0191,Miri Gaon,Sivasagar,LGD,94.78427275248677,26.87071055723492,103.189186,3.8555083,0.0013454461,0.004491182,0.24185512611162058,low
LGD_0192,Hulal Kalita,Sivasagar,LGD,94.77296262582124,26.86376232721281,100.93923,1.9669412,-9.858175e-05,-0.12219974,0.24548935758006488,low
LGD_0193,Methonchowa Grant,Sivasagar,LGD,94.76588708391476,26.844448410098614,102.84286,4.3021293,-0.00039136832,-0.019284638,0.24662745372086045,low
LGD_0194,Nirmolia Gaon,Sivasagar,LGD,94.75920623582992,26.86047611242688,100.12902,5.201844,-0.003099125,-0.0064167003,0.2496273875260162,low
LGD_0195, ,Sivasagar,LGD,94.72730165788985,26.86030288872483,99.64188,5.635877,-0.00223087,-0.045568477,0.25568161631933084,low
LGD_0196,Halua Gaon,Sivasagar,LGD,94.74564698850203,26.854563642100473,99.78674,7.300996,-0.0007716282,0.0068050446,0.2583128956041653,low
LGD_0197,Asalabari Gaon,Sivasagar,LGD,94.73772858863185,26.83330727799581,99.768105,11.535733,-0.0001357182,-0.49966893,0.3400241642727336,low
LGD_0198,Hatipoti Grant,Sivasagar,LGD,94.72105581482177,26.841031026268155,100.62603,2.8098004,-0.00059487444,0.003850614,0.23676790972530481,low
LGD_0199,Harkina Grant,Sivasagar,LGD,94.72669315971699,26.82911010211596,99.41684,4.086893,-6.6617264e-05,-0.15205875,0.25885640807706134,low
LGD_0200,Kachari,Sivasagar,LGD,94.73001275449779,26.819090023134272,104.69921,9.725722,-0.0009103932,0.02073481,0.2700372529258457,low
LGD_0201, ,Sivasagar,LGD,94.74747443102916,26.818806644032733,109.37682,9.735122,-0.0010802561,-0.017334484,0.2750992334763732,low
LGD_0202,Methonchowa Gaon,Sivasagar,LGD,94.75921746642904,26.833133479545424,101.50119,4.475315,-0.00011945271,-0.0013480387,0.24537479422600378,low
LGD_0203, ,Sivasagar,LGD,94.7678730545998,26.82352772373692,103.403755,3.0997348,-0.0024475066,-0.026954032,0.24194336037246258,low
LGD_0204,Adpuria,Sivasagar,LGD,94.7678070526115,26.807603349948444,107.96877,3.2281775,0.0015300034,0.10048162,0.23001568405459522,low
LGD_0205,Rojabheta Lakhimijan Grant No.1,Sivasagar,LGD,94.77189853650313,26.792488854950957,116.672516,23.17596,-0.0013203848,0.019575182,0.3475479181667242,low
LGD_0206, ,Sivasagar,LGD,94.75296814898162,26.79322769851017,102.365326,0.6193739,-9.99564e-05,-0.0024164617,0.2273410308095639,low
LGD_0207,Lahon,Sivasagar,LGD,94.73421714254424,26.7983365838225,102.43407,4.2449465,-0.0017229468,0.016539356,0.24278927625609711,low
LGD_0208, ,Sivasagar,LGD,94.74973648992794,26.7787068382914,108.31883,4.913115,-0.0016881104,-0.042130735,0.25307257620285784,low
LGD_0209,Rojabheta Lakhimijan Grant No.1,Sivasagar,LGD,94.75883600258776,26.776203344305863,212.7348,30.516037,0.0038722479,0.04275065,0.40846250997671707,low
LGD_0210,Geleki Reserve Forest,Sivasagar,LGD,94.63387258357338,26.738634821096817,152.90518,19.045912,-0.008726558,0.024798745,0.33081413418407624,low
LGD_0211,Haluadang Grant,Sivasagar,LGD,94.53862852442464,26.765370489989824,450.0,0.0,0.0,0.0,0.28096200578475433,low
LGD_0212,Barbam Grant,Sivasagar,LGD,94.53010208397689,26.793274323375595,450.0,71.058624,0.058016934,0.05953185,0.7010366961232503,high
LGD_0213,Amguri (MB),Sivasagar,LGD,94.52271714528405,26.807254788646603,450.0,63.5948,0.0,0.0,0.6749543107841135,high
LGD_0214,Raidongia,Sivasagar,LGD,94.5158012392138,26.813144868883246,450.0,0.0,0.0,0.0,0.28096200578475433,low
LGD_0215,Bhuyan Hat Nowboisa,Sivasagar,LGD,94.5060204866423,26.82447372509915,450.0,0.0,0.0,0.0,0.28096200578475433,low
LGD_0216,Sunuwal,Sivasagar,LGD,94.51186856329467,26.836545568517746,94.274796,53.585808,-0.0002339518,-0.063569844,0.5485495512153624,moderate
LGD_0217,Gadhuli Bazar Chawdang,Sivasagar,LGD,94.49473644277693,26.8337902362867,450.0,0.0,0.0,0.0,0.28096200578475433,low
LGD_0218,Lephera Chawdang,Sivasagar,LGD,94.49632667074471,26.84844675171602,450.0,0.0,0.0,0.0,0.28096200578475433,low
LGD_0219,Dibrual Chowdang,Sivasagar,LGD,94.49583646552894,26.861448996188496,450.0,0.0,0.0,0.0,0.28096200578475433,low
LGD_0220,Balamia Chawdang,Sivasagar,LGD,94.50884692719696,26.86184296341295,92.808975,8.108089,-0.0025014314,-0.024270652,0.2648054760594135,low
LGD_0221,Dhekial,Sivasagar,LGD,94.51056296552552,26.850137386770335,96.351685,4.5968766,0.00037421158,-0.019477505,0.24693863511369546,low
LGD_0222,Abhoipuria,Sivasagar,LGD,94.52716253282118,26.86877079548575,91.24046,4.004325,-0.00015355682,-0.05773664,0.24723534163038696,low
LGD_0223,Ratanpuria,Sivasagar,LGD,94.52968992237135,26.855298862595657,96.97025,8.605872,-0.003286346,-0.10199973,0.2767180632846879,low
LGD_0224,Deodhai,Sivasagar,LGD,94.53037583872027,26.84050964910673,94.829834,3.2782643,0.00031494017,0.60262424,0.18304705207562655,low
LGD_0225,Bhuyan Gaon,Sivasagar,LGD,94.52089738624865,26.82216796871137,96.49987,7.3752832,0.00037319376,0.08032603,0.25025819817504186,low
LGD_0226,Changmai Konwar,Sivasagar,LGD,94.5364395444593,26.81615790201878,102.35266,6.150734,-0.0035436538,0.04021581,0.2498735764723753,low
LGD_0227,Khanikor,Sivasagar,LGD,94.5333043148154,26.828732474386676,99.1963,8.2903185,-0.0001910016,-0.27601635,0.2946535114224422,low
LGD_0228,Aboipuria Nara,Sivasagar,LGD,94.56540578854263,26.81038399537232,106.268486,7.2794666,0.007942425,0.07453642,0.25096257728594373,low
LGD_0229, ,Sivasagar,LGD,94.56113970767709,26.82282320427437,103.163,5.5435567,9.44952e-05,0.022921804,0.2483289308404699,low
LGD_0230,Uttar Gharphalia,Sivasagar,LGD,94.5669428326881,26.841303727188023,93.21395,8.205138,-0.000786631,-0.0032282223,0.2628646587918295,low
LGD_0231,Hatimuria Gharphalia,Sivasagar,LGD,94.55052136971355,26.840666666390174,93.3389,0.42211232,2.1805874e-05,-0.10296437,0.23492061439989226,low
LGD_0232,Gharphalia Japihajia,Sivasagar,LGD,94.55434512920294,26.82847815319302,98.4628,5.8225408,0.0022956503,0.3997939,0.21168152488792744,low
LGD_0233,Mora Pukhuri,Sivasagar,LGD,94.54888691523918,26.8572450120329,91.950195,5.2794414,-8.13625e-05,-0.008945185,0.2485410988297785,low
LGD_0234,Jehenia,Sivasagar,LGD,94.56534809648167,26.858411012798417,93.33308,2.4309087,0.0014999574,0.0829142,0.22581583793998639,low
LGD_0235,Barsayak Dibrual,Sivasagar,LGD,94.58785951854252,26.852951332698538,92.58332,2.6127195,0.0001426099,-0.04085728,0.23896360273738407,low
LGD_0236,Salaguri,Sivasagar,LGD,94.58459595822166,26.862538645299008,91.54532,2.5215144,0.00022138203,0.046127163,0.22970996676198852,low
LGD_0237,Kachari,Sivasagar,LGD,94.59069040728316,26.841470675919698,94.39521,6.2090964,-0.0051348787,0.018371454,0.2513541461047786,low
LGD_0238,Mout,Sivasagar,LGD,94.57807501095316,26.841824850372966,96.82528,6.219566,0.0011340709,0.025632652,0.2502031439998897,low
LGD_0239,Natun Changmai,Sivasagar,LGD,94.57228312826363,26.830280289147378,98.821465,5.2197967,0.0004129884,-0.017670427,0.25020226239705073,low
LGD_0240,Purani Changmai,Sivasagar,LGD,94.5868245021796,26.829178507079448,94.502556,7.9928784,-0.0008633867,-0.10487383,0.2730547723131251,low
LGD_0241,Kukura Chowanara,Sivasagar,LGD,94.57873693351148,26.814630314529467,96.55391,0.2595504,0.00021014272,0.30184782,0.19674013307382465,low
LGD_0242,Senchoa,Sivasagar,LGD,94.6002229468287,26.825497183612914,94.83552,5.4315076,-0.000826008,-0.037940077,0.25288119309019447,low
LGD_0243,Gharphalia,Sivasagar,LGD,94.59440385927655,26.816460047426865,96.4549,3.090276,-0.0010630907,-0.008273965,0.23872656950644003,low
LGD_0244,Dum Gaon,Sivasagar,LGD,94.60016098480433,26.806092974931673,99.76476,2.5693996,0.0002641093,-0.06492589,0.24231591284945075,low
LGD_0245,Tiphuk Chah Bagisha,Sivasagar,LGD,94.59908367771872,26.79268435893332,103.006355,2.2143838,-0.0008181372,-0.030587075,0.23779546310304472,low
LGD_0246,Bangali Gaon,Sivasagar,LGD,94.58400995240714,26.79033323820962,102.42814,2.4605756,0.00027378602,0.065966964,0.22914360554872212,low
LGD_0247,Burha Gaon,Sivasagar,LGD,94.58400005269995,26.800699539595758,99.91653,0.6923387,0.00025373517,0.00035789184,0.22699034582455643,low
LGD_0248,Baruah Pukhuri Baghjan Grant,Sivasagar,LGD,94.5538257680036,26.808388586468325,97.50668,4.503492,0.0004684778,-0.09392766,0.25440645095148484,low
LGD_0249,Dulia Charal,Sivasagar,LGD,94.54434545204225,26.798464758107563,98.20436,0.43895346,0.00013137901,0.110460795,0.2150951422633899,low
LGD_0250,Baruah Pukhuri Chah,Sivasagar,LGD,94.56203547181993,26.78879495929926,103.43319,2.6677105,0.0014339165,0.0036131153,0.23629527431729033,low
LGD_0251, ,Sivasagar,LGD,94.56915832309323,26.792827914470145,100.451126,5.365178,-0.0030834416,-0.0022337397,0.25004700344655667,low
LGD_0252,Ladoigar Grant,Sivasagar,LGD,94.56255954549123,26.775582123060385,109.036224,4.548313,0.0008504937,0.0474624,0.2418175034375141,low
LGD_0253,Baghjan Grant,Sivasagar,LGD,94.54679269813306,26.7805528686625,102.19569,3.35599,-0.0032006684,-0.0041694217,0.24076951226359522,low
LGD_0254,Haluating Grant,Sivasagar,LGD,94.56176402023192,26.768214468882682,111.42979,2.9582276,0.00087752653,0.014375369,0.2379221435826042,low
LGD_0255,Amguri Grant,Sivasagar,LGD,94.57743856133322,26.75609748805378,118.20222,3.6851695,-1.3422123e-05,0.027063673,0.24130497481407948,low
LGD_0256,Ahu Grant,Sivasagar,LGD,94.57813719084889,26.781554331402724,105.06986,7.369002,-0.005153166,-0.016493194,0.2626307733138791,low
LGD_0257,Bandarjan Grant,Sivasagar,LGD,94.58371891032142,26.769030699758712,116.52834,3.5155957,0.0022810742,-0.0007348648,0.24274821191677295,low
LGD_0258,Tiphuk Grant,Sivasagar,LGD,94.59718158272779,26.76542833494673,130.86192,6.5433636,0.008071989,0.07851993,0.2509033462760892,low
LGD_0259, ,Sivasagar,LGD,94.62176797677834,26.7572454657259,171.32146,16.764807,0.01566333,0.13321766,0.3044907421166943,low
LGD_0260,Borsila Grant,Sivasagar,LGD,94.60687825711622,26.77607058734356,111.92634,3.656163,-0.0033834006,-0.025923247,0.24601992600620368,low
LGD_0261,Namti Grant,Sivasagar,LGD,94.61876445900155,26.77665728223352,111.670746,3.3254485,-0.0072692335,-0.014568341,0.24372230905533132,low
LGD_0262,Namti Bangali (Borgohain),Sivasagar,LGD,94.61894927010293,26.799326049739182,102.30135,0.5582261,-6.292023e-05,0.023318393,0.22455035077517427,low
LGD_0263,Deopani Grant,Sivasagar,LGD,94.63486074355616,26.783712594870266,127.34125,13.625217,0.005300502,0.012889774,0.2947402664232287,low
LGD_0264, ,Sivasagar,LGD,94.63841805696721,26.792212023279664,103.260574,5.0081124,-0.00015319999,0.0025354612,0.24786272162839432,low
LGD_0265, ,Sivasagar,LGD,94.64044570561396,26.810574089820225,99.42391,0.4589735,-0.0004915318,-0.06842745,0.23267455461735417,low
LGD_0266,Deopani Grant,Sivasagar,LGD,94.68280637347854,26.76087958130206,131.85219,6.308838,-0.002521265,-0.03978168,0.2638725474517637,low
LGD_0267,Geleki Grant No.2,Sivasagar,LGD,94.71239710213479,26.777774076738762,109.75376,6.70577,0.0007497708,0.004461543,0.2570157096236306,low
LGD_0268,Moran Gaon,Sivasagar,LGD,94.71684240566246,26.79371480354314,105.85781,6.831791,-0.0015920327,0.025164204,0.25513515063566916,low
LGD_0269,Geleki Grant No.1,Sivasagar,LGD,94.7026038027027,26.796998367533497,105.485855,4.7060432,0.0022363828,-0.02415711,0.24918613782899554,low
LGD_0270,Chutia,Sivasagar,LGD,94.68617092156754,26.806869477826844,108.38491,4.857747,0.0015269031,0.035360795,0.2443545954605076,low
LGD_0271,Atkhal Grant No.II,Sivasagar,LGD,94.68501143593849,26.79102569798726,114.48746,4.1307836,0.005505523,0.07285417,0.23750848915620393,low
LGD_0272,Smithpur Grant,Sivasagar,LGD,94.68339327959049,26.782954171902887,118.559326,7.0699053,0.003596876,0.061469033,0.2538880075705164,low
LGD_0273,Atkhal Grant No.I,Sivasagar,LGD,94.66633641132329,26.783906799317943,124.74717,12.810489,0.0034936978,-0.035541777,0.29567566296933984,low
LGD_0274,Na-Pam Baruoti,Sivasagar,LGD,94.66315554052068,26.805072787276945,105.91594,5.505732,0.00044906643,-0.13529207,0.2652837315742613,low
LGD_0275,Deopani Gohain,Sivasagar,LGD,94.6607618271374,26.82476745674255,96.38863,1.9932313,1.3985956e-05,0.03879208,0.22874494621428107,low
LGD_0276,Namdongia,Sivasagar,LGD,94.66191557478285,26.835750210189648,98.7556,4.9618254,-0.0013017753,-0.011349564,0.2484968094821546,low
LGD_0277,Deogharia Duwarah,Sivasagar,LGD,94.67032479678849,26.844489878329835,106.20688,8.059614,0.00029438295,0.0391813,0.25961372377484493,low
LGD_0278,Dolakakhoria Bam,Sivasagar,LGD,94.68935842971527,26.82781456903386,98.14815,3.0516562,-5.3361073e-05,0.11501526,0.22647928878564325,low
LGD_0279,Gohain Gaon,Sivasagar,LGD,94.70858819122166,26.817831649157622,106.126015,6.440607,-0.0014932355,0.02984668,0.25272742744807425,low
LGD_0280,Hudupora,Sivasagar,LGD,94.69845653330592,26.8557071596126,102.185616,6.9025373,-0.0010310218,-0.009748207,0.2585001284749298,low
LGD_0281,Hudupora,Sivasagar,LGD,94.67141962623371,26.862389274383364,94.90394,0.35586935,4.4053057e-05,-0.034548957,0.2281013044131555,low
LGD_0282, ,Sivasagar,LGD,94.64009158628144,26.86261872398836,94.20865,0.34412333,-0.00015632766,0.22066891,0.20402337495883655,low
LGD_0283, ,Sivasagar,LGD,94.63574324093274,26.844708024475572,94.88975,5.2087765,-0.001033864,0.013827132,0.24644539852925837,low
LGD_0284,Namdongia,Sivasagar,LGD,94.64933770993444,26.84917615714305,96.09765,4.069253,-0.00059528474,0.02789338,0.23963950238204745,low
LGD_0285,Chetia Katoni,Sivasagar,LGD,94.6516846451941,26.860228839349038,100.600174,9.017782,0.002355448,-0.104884416,0.27903208181231803,low
LGD_0286, ,Sivasagar,LGD,94.63798965228867,26.829062735434363,96.13455,1.6062903,0.00048538743,0.027374858,0.22797130656283618,low
LGD_0287,Bailung,Sivasagar,LGD,94.61783085111469,26.842583556080722,95.529884,9.253433,-0.0012923206,0.014347961,0.2667893671981601,low
LGD_0288,Dulia,Sivasagar,LGD,94.62275118658106,26.818499421726845,100.32574,5.4443817,-0.0018919723,-0.12333804,0.2630654288147729,low
LGD_0289,Bolimara Karchua,Sivasagar,LGD,94.61137254225282,26.813848362119135,98.342926,6.1534595,-0.0010022196,0.040703673,0.24884560397419686,low
LGD_0290,Dhepor Mridongia,Sivasagar,LGD,94.61338694139117,26.831923036133613,108.73097,8.322705,0.0027862338,0.017654894,0.2633313698499399,low
LGD_0291,Kachari,Sivasagar,LGD,94.60210208286033,26.847259561117266,99.17262,6.4247518,0.002299839,-0.020223523,0.25625721242479954,low
LGD_0292,Moiramora Handique,Sivasagar,LGD,94.6212242929832,26.85343658350909,93.8216,2.4721892,-0.0004009865,-0.051766682,0.23965892741710929,low
LGD_0293,Phuloni Bari,Sivasagar,LGD,94.62930385916664,26.862988016011528,93.32806,1.6028943,9.254036e-05,-0.06274533,0.23647979894921872,low
LGD_0294,Khanikor,Sivasagar,LGD,94.62772785371818,26.8718111561959,93.62848,2.725397,4.8476206e-05,-0.0461518,0.24021493768403768,low
LGD_0295, ,Sivasagar,LGD,94.60961038328527,26.85992379514288,94.039635,6.795994,-0.0008315706,-0.14169206,0.270788365422198,low
LGD_0296,Mout,Sivasagar,LGD,94.60464248360074,26.876878747877612,94.58548,7.599959,-0.000623282,-0.066114984,0.26676689472951104,low
LGD_0297,Khanikor,Sivasagar,LGD,94.62146691208922,26.881810089480098,102.02752,7.1417904,0.0051156664,0.05877481,0.25161487191016146,low
LGD_0298,Parbatia,Sivasagar,LGD,94.63199479477369,26.88809034171975,94.386795,7.2618065,-0.0026643104,0.006127639,0.25755073177827215,low
LGD_0299,Senchoa,Sivasagar,LGD,94.62445727174557,26.90006457202087,93.85454,3.0189538,-0.00034049634,0.0044859387,0.23660335053905615,low
LGD_0300,Khemdoi Pukhuri,Sivasagar,LGD,94.60369574573285,26.891927484038803,91.21983,2.1497276,-4.2384992e-05,-0.0020777718,0.2327082406543354,low
LGD_0301,Ghurachuwa Kumar,Sivasagar,LGD,94.6041335298106,26.90220059340332,90.887245,2.198265,-0.00018409207,-0.13812684,0.24664949286323073,low
LGD_0302,Bharaluwa,Sivasagar,LGD,94.60870017103353,26.91281510723316,91.54983,3.1188529,-3.0600215e-05,0.11850044,0.22544668619967828,low
LGD_0303,Deolia Gayan,Sivasagar,LGD,94.60694237592999,26.928220597738022,95.03051,8.389609,-0.0006619782,0.048762266,0.25852922854486615,low
LGD_0304,Barpatra Dol Kalugaon,Sivasagar,LGD,94.6212680814526,26.92786316150787,90.80417,4.4820337,-0.002815,-0.0020348714,0.24411985615109694,low
LGD_0305,Namtial,Sivasagar,LGD,94.62339026075526,26.911732213868046,91.17168,5.8663316,0.0003681793,-0.038624533,0.2543521157117234,low
LGD_0306,Lunpuria,Sivasagar,LGD,94.63722555250912,26.918868054452517,98.05394,9.350279,0.006034034,-0.056277838,0.27441804617302445,low
LGD_0307,Sala Guria,Sivasagar,LGD,94.6397460310624,26.93322044800451,97.30608,7.2962046,2.82154e-05,0.15302369,0.24256391150083256,low
LGD_0308,Jogi Sotokia,Sivasagar,LGD,94.65284208170199,26.920580597064074,94.668434,4.338485,0.0007312046,0.0051339734,0.24284329743327732,low
LGD_0309,Kukura Chuwa,Sivasagar,LGD,94.64957549205388,26.9031334224266,101.0249,8.79967,-0.0035035566,0.015891235,0.2655335478686755,low
LGD_0310,Ganak,Sivasagar,LGD,94.64596427822207,26.888380483073526,101.302055,7.723529,0.0035454738,0.032784622,0.2573410816704448,low
LGD_0311,Abhoipuria,Sivasagar,LGD,94.65830476921249,26.87563173711597,95.99572,7.9725075,-0.004241494,-0.013870752,0.2637709218927384,low
LGD_0312,Abhoipuria,Sivasagar,LGD,94.66639279243395,26.889735571438628,92.986984,3.874684,0.0006577109,-0.00013475164,0.24088750536073084,low
LGD_0313,Bhakat Gaon,Sivasagar,LGD,94.68750129171019,26.89955854163132,93.17088,1.4752288,-0.001406929,-0.02779208,0.23256680767343277,low
LGD_0314,Kataki Bari,Sivasagar,LGD,94.68064314198259,26.892933827929177,98.94508,4.27308,0.0030510756,0.024291042,0.24095620673242996,low
LGD_0315, ,Sivasagar,LGD,94.69123172276835,26.879290605106103,97.15087,2.1083148,0.0003535776,-0.048528578,0.23802166941730055,low
LGD_0316,Hulang Katoni,Sivasagar,LGD,94.72022060163681,26.896667024354617,98.04848,6.2251935,-0.0072336844,0.005926161,0.25361719152892787,low
LGD_0317,Reboti Gaon,Sivasagar,LGD,94.70138057698755,26.900774482471288,93.76235,7.6829157,-0.0012476495,-0.014367416,0.26156161191804056,low
LGD_0318,Kopohua,Sivasagar,LGD,94.70315171303852,26.911431978901923,93.36874,5.245385,-0.0030219818,0.00577172,0.24747391800084254,low
LGD_0319,Joykhamdang Khat Gaon,Sivasagar,LGD,94.71746961963568,26.916824940263343,93.42346,3.5338123,3.2088185e-05,-0.0037103326,0.23976558129179845,low
LGD_0320,Naw Holia Gaon,Sivasagar,LGD,94.71704542038778,26.937145148862495,105.748184,8.324199,0.002267692,0.04659505,0.2598118804346528,low
LGD_0321,Dihingia,Sivasagar,LGD,94.70780944014636,26.930347882423217,92.99032,0.25960568,-0.00015986185,-0.064630896,0.23033397314278944,low
LGD_0322,Maduri Gohain,Sivasagar,LGD,94.69014772440705,26.923132206508292,104.589874,7.8596253,0.00457,0.07773365,0.2536832524822403,low
LGD_0323,Mola Gaon,Sivasagar,LGD,94.69248275178437,26.93565524411283,97.17716,4.0773363,0.0020259183,0.0022413637,0.24210742638826777,low
LGD_0324,Maduri Chah Bagicha,Sivasagar,LGD,94.6857433992459,26.909306467812787,96.161896,3.5573854,0.00064894976,0.041206103,0.23571513498979862,low
LGD_0325,Borgohain,Sivasagar,LGD,94.67511557035557,26.9165587223898,91.99631,6.8764253,-0.002094685,-0.026995338,0.2586542292591891,low
LGD_0326,Borakhowa,Sivasagar,LGD,94.66720326082512,26.907112707059543,92.39805,2.9743679,-0.00055526756,0.034896396,0.23316349566608985,low
LGD_0327,Amkotia Gohain,Sivasagar,LGD,94.66620059649442,26.930478292723304,91.65333,2.7308369,0.00016861828,-0.111547135,0.2465869757783305,low
LGD_0328,Bez Gaon,Sivasagar,LGD,94.66001546271566,26.94783717058453,90.97792,0.36460078,-0.00018387404,-0.03931966,0.22803683810523215,low
LGD_0329,Mechagorh Gohain,Sivasagar,LGD,94.6751582825031,26.94149110082392,100.846,6.889745,0.002287972,0.08903369,0.24742040285066735,low
LGD_0330,Haluwa Bhakot,Sivasagar,LGD,94.67210016697935,26.958872530857818,101.90207,8.141924,0.005343655,0.09754922,0.2524630866344137,low
LGD_0331,Bura Gohain,Sivasagar,LGD,94.6794889311721,26.9531132745765,93.70943,7.4542537,-0.00062128,-0.07967628,0.2673405944501029,low
LGD_0332, ,Sivasagar,LGD,94.68054031504872,26.96801679144362,103.787125,8.257221,0.0055785812,0.037868813,0.2596219060735098,low
LGD_0333,Mothia Chiga Gohain,Sivasagar,LGD,94.69607475346864,26.950722625490243,105.57458,6.5489535,0.0064944746,0.026633883,0.25243265892361955,low
LGD_0334, ,Sivasagar,LGD,94.71076166707934,26.949948490388614,107.90656,6.774095,0.000388822,0.05231668,0.2520668362536689,low
LGD_0335,Bailung Pathar,Sivasagar,LGD,94.70618887176404,26.965766510298074,99.01024,6.8980284,-0.0018494882,-0.11521223,0.2694153012132969,low
LGD_0336,Gohain Gaon,Sivasagar,LGD,94.68847411703155,26.961885100808114,94.48858,6.1143475,0.00012600048,0.023257814,0.24968722017564898,low
LGD_0337,Changmai Gaon,Sivasagar,LGD,94.697239752153,26.976520671196884,96.01382,4.0846744,0.00269107,0.08199194,0.23385528863295246,low
LGD_0338,Chetia,Sivasagar,LGD,94.71271388882147,26.98346055874414,91.36465,4.5245895,0.00038485392,-0.10403267,0.2545756730633001,low
LGD_0339,Bhadhara,Sivasagar,LGD,94.70296925920064,26.997787180830247,90.66878,0.31503734,0.00015649902,0.024034247,0.22159959237896112,low
LGD_0340,Kheluwa,Sivasagar,LGD,94.68546746823982,26.982137747454605,91.88447,3.3779404,-0.00013297804,-0.32791305,0.2729863408663825,low
LGD_0341, ,Sivasagar,LGD,94.66954658218683,26.98389816796132,92.337715,0.4458856,0.00035976458,0.053838138,0.21957322666121284,low
LGD_0342,Kurula Kotia,Sivasagar,LGD,94.66554210850214,26.96990997974665,92.97082,7.2819076,-0.002827637,-0.034259636,0.2617431369025866,low
LGD_0343,Khata Pathar,Sivasagar,LGD,94.65237955764364,26.99271722664097,90.54161,0.31792945,-0.00027641054,-0.047471523,0.22856216595257972,low
LGD_0344,Namtiyal Pathar,Sivasagar,LGD,94.64470929925643,26.998872599494934,92.41944,4.066272,0.0006082797,-0.16556945,0.25893327116055337,low
LGD_0345,Sibsagar (MB),Sivasagar,LGD,94.63373000218657,26.984678690901173,96.24376,3.3463264,-0.004624108,0.04465913,0.23506406458051463,low
LGD_0346,Sala Guria,Sivasagar,LGD,94.6439518529824,26.969843913566603,94.75516,8.691022,-0.0029786855,-0.010284253,0.26667571131359574,low
LGD_0347, ,Sivasagar,LGD,94.65254583013896,26.978700860595694,94.65565,4.0705767,0.0014894997,0.05424443,0.23649856629581076,low
LGD_0348,Meteka Pathar,Sivasagar,LGD,94.65757862166765,26.96090104950148,91.748314,2.0378294,7.790769e-05,0.079575606,0.22427575984378514,low
LGD_0349,Demow Pathar,Sivasagar,LGD,94.6407452675953,26.948796323498446,90.38142,0.5657501,0.00038333912,0.051622942,0.22003002824521706,low
LGD_0350,Na Bhangia,Sivasagar,LGD,94.64579280265959,26.961034835041783,90.8775,0.3967118,-0.00043132497,0.018869929,0.22256874907185512,low
LGD_0351,Jula Goan,Sivasagar,LGD,94.62988959932885,26.960580023123082,90.51114,4.030635,-5.4700766e-05,0.020413699,0.23925764662302265,low
LGD_0352,Joysagar,Sivasagar,LGD,94.61463262121742,26.945786641686276,89.8751,0.8742262,-0.00069460296,-0.07165644,0.23349046259326947,low
LGD_0353,Rupahi Pathar,Sivasagar,LGD,94.60856772817883,26.963283187855428,89.862236,0.52438325,-0.00046805653,-0.020867558,0.22684238365497017,low
LGD_0354,Arjun Guri,Sivasagar,LGD,94.6087316884751,26.985230690383762,95.128914,5.287807,-0.0017758698,0.11075671,0.2371100643672356,low
LGD_0355,Dicial Dhulia Gaon,Sivasagar,LGD,94.61265464792798,26.97532135046652,106.83205,11.424076,-0.00072070985,0.08442872,0.27221250870831654,low
LGD_0356,Jula Goan,Sivasagar,LGD,94.62508923753897,26.971545631348064,98.04062,4.231913,0.002617323,0.10298143,0.23278909003587075,low
LGD_0357,Bailung Pathar,Sivasagar,LGD,94.61674535026354,26.99172512229409,90.508766,0.40451235,-0.00021023618,-0.068451,0.23100989856913084,low
LGD_0358,Pachi Pathar,Sivasagar,LGD,94.60904189537231,26.997586879611045,89.81158,3.2876396,-0.0017178544,-0.054546367,0.24340054776396225,low
LGD_0359,Motha Dang,Sivasagar,LGD,94.5961183764377,26.97599373641914,98.2599,9.869146,1.28405e-05,0.0109694265,0.2706169941534214,low
LGD_0360, ,Sivasagar,LGD,94.59203658611105,26.98368091750987,91.851234,7.027692,0.0002563703,-0.16276383,0.2737791291678577,low
LGD_0361,Lahingia,Sivasagar,LGD,94.58463629052676,26.97909755590207,90.661476,4.5480337,-0.00090467953,-0.04417063,0.24850203041704524,low
LGD_0362,Sensuwa,Sivasagar,LGD,94.57463605517768,26.97553763786059,91.43702,6.3047605,8.117152e-05,0.050517563,0.24731068570008796,low
LGD_0363,Chaul Kora No.1,Sivasagar,LGD,94.58680245503794,26.99630682283285,90.2362,7.926752,-8.310381e-05,-0.056990653,0.26664327966423257,low
LGD_0364,Gohain Pathar,Sivasagar,LGD,94.56947706279361,26.99849828727582,89.261024,0.41470987,-0.00026410687,0.016437719,0.22262072429602264,low
LGD_0365,Nowjan Block,Sivasagar,LGD,94.55234988064409,26.99603534008956,89.471405,1.2427044,-8.9369474e-05,0.087975174,0.21954552629589455,low
LGD_0366,Bolia Ghat,Sivasagar,LGD,94.55286366410064,26.969479356302337,90.024185,0.8898954,-0.0003556839,0.15890262,0.21144466549612395,low
LGD_0367,Kari Gaon,Sivasagar,LGD,94.56600960301022,26.986028509451216,93.52138,7.484793,0.00081252196,0.03626769,0.2548657080712886,low
LGD_0368,Bon - Gaon,Sivasagar,LGD,94.5657203669789,26.97128838278999,102.7452,9.5426035,0.0035224066,0.006276815,0.26971082015542264,low
LGD_0369,Bhatiapara,Sivasagar,LGD,94.5610732181857,26.956881253451314,90.372375,4.572078,-0.00048566255,-0.060859416,0.25024929694329073,low
LGD_0370,Namdang Kumar,Sivasagar,LGD,94.55537152935548,26.94094153887083,89.57678,6.419862,-0.000248011,-0.0010863765,0.25298599098045704,low
LGD_0371,Aila Mukh Habi,Sivasagar,LGD,94.56975195166441,26.94061909840342,89.00818,0.4696549,-0.00046620858,0.050186813,0.2196336933699551,low
LGD_0372,Rupahi Bill,Sivasagar,LGD,94.58366910337662,26.960950453983177,95.69666,5.683799,0.0044559035,0.035907846,0.24589040416433514,low
LGD_0373,Rudra Sagar,Sivasagar,LGD,94.58919472333353,26.94627591961971,89.717705,1.6251917,-4.889971e-05,0.015189243,0.228336143181457,low
LGD_0374,Chetia Changmai,Sivasagar,LGD,94.59203212149872,26.924662767395848,102.09878,7.416255,0.0006932354,0.01676402,0.25801849791270265,low
LGD_0375,Jerenga Habi,Sivasagar,LGD,94.58521648396501,26.932909645545895,89.735146,0.36763722,0.00015557259,0.22104791,0.20342418693902853,low
LGD_0376,Garkakharia,Sivasagar,LGD,94.57488696129373,26.918936306499194,90.46796,3.5059965,0.00024125184,0.08099782,0.23069814539240666,low
LGD_0377,Namtial,Sivasagar,LGD,94.58404010393615,26.90740169158697,90.346634,2.7716336,-2.0760424e-05,-0.032921482,0.23859132319838505,low
LGD_0378,Chirakhunda,Sivasagar,LGD,94.59225658310228,26.91332560230521,90.86702,3.5144815,-0.00015852306,-0.06129616,0.2451544437727321,low
LGD_0379,Belimukhia,Sivasagar,LGD,94.58269254856596,26.87657529072437,96.69824,5.67458,-0.0036614279,0.005192191,0.25026632397380605,low
LGD_0380,Namti Pathar,Sivasagar,LGD,94.58294233314841,26.89251245035293,90.09423,1.4430771,-0.00070204743,-0.00017381436,0.2291349339960522,low
LGD_0381,Guhain,Sivasagar,LGD,94.5734498443032,26.90293011698766,90.02913,0.73077977,9.4759176e-05,0.4233805,0.18734205085485128,low
LGD_0382,Telial,Sivasagar,LGD,94.56213073947131,26.901633182050784,90.23696,3.9664526,-0.000491385,-0.13255751,0.2547283233760562,low
LGD_0383,Mantania,Sivasagar,LGD,94.5601894430754,26.87261578061193,92.12681,3.715468,6.768985e-05,0.0406578,0.23596268908187096,low
LGD_0384,Tepor,Sivasagar,LGD,94.55408682642644,26.885190924291066,90.90268,1.4979216,-0.0019187063,0.010365617,0.22863504037945906,low
LGD_0385,Gajpuria,Sivasagar,LGD,94.54954314768152,26.903773434379982,90.49155,4.4827156,0.00023613367,0.13978347,0.2294732192520392,low
LGD_0386,Bogaguhain,Sivasagar,LGD,94.55181959204513,26.915103591570045,90.07393,7.3390408,-0.0019917963,-0.013635068,0.2592305542475043,low
LGD_0387,Guhainkur,Sivasagar,LGD,94.55371774514697,26.926221340268842,89.93157,3.871084,-3.7304068e-05,0.0068030977,0.23977507146571,low
LGD_0388,Singi Bil,Sivasagar,LGD,94.53105195432416,26.92853017034613,89.82447,7.624701,3.4972322e-06,-0.15178415,0.2753760114061309,low
LGD_0389,Hati Ghuli,Sivasagar,LGD,94.51444540471932,26.934398365601783,91.190636,8.508216,-0.00030040622,0.037323255,0.2596560981767625,low
LGD_0390,Kakoti,Sivasagar,LGD,94.5294577930565,26.91597800876294,89.3282,3.4080226,-8.6016196e-05,-0.054326713,0.2436685068510829,low
LGD_0391,Chaliha Kakoti,Sivasagar,LGD,94.53617171848467,26.900501419584003,92.16474,6.616839,-0.0005238696,0.028907724,0.25128600785467936,low
LGD_0392,Jaradhara,Sivasagar,LGD,94.5404465228294,26.87767922275485,97.45831,7.818049,-0.011756583,-0.018020937,0.26472058639282614,low
LGD_0393,Charingia,Sivasagar,LGD,94.53141635123,26.8894984330131,90.01998,0.4324476,-0.0002710985,-0.16079867,0.24029506588252555,low
LGD_0394,Dulia Puranimelia,Sivasagar,LGD,94.525114229236,26.881040818869504,90.19149,4.4013395,0.00013876165,0.07099508,0.23586646001278103,low
LGD_0395,Baruati,Sivasagar,LGD,94.5227653147363,26.90025175263371,89.5759,5.6756363,-0.002005783,-0.022537902,0.25177874187272875,low
LGD_0396,Jarabari Pam,Sivasagar,LGD,94.50917974016951,26.901555405378563,88.433975,0.2755794,0.00013075008,0.11407758,0.21261267155631497,low
LGD_0397,Khatual,Sivasagar,LGD,94.51278131287022,26.87479326771154,96.89819,8.407209,0.0007482629,0.020033589,0.2618016588789924,low
LGD_0398,Bamun Moran,Sivasagar,LGD,94.50076062255054,26.88198273071275,90.62559,3.0000186,-0.00019088795,0.09631985,0.22693265768754237,low
LGD_0399,Nora - Knower Bailung,Sivasagar,LGD,94.49200312391724,26.898165159858564,88.47822,0.3262785,0.00017526942,-0.14607815,0.23800133628532813,low
LGD_0400,Dighali Jan,Sivasagar,LGD,94.49426109393909,26.922051585585773,88.87062,2.0268226,7.8393845e-05,0.06469332,0.2252283556266115,low
LGD_0401,Patura Chala,Sivasagar,LGD,94.51142990036914,26.91929011619284,88.26841,4.035861,-0.0018141168,-0.029277138,0.24420683697076184,low
LGD_0402, ,Sivasagar,LGD,94.49719390385852,26.936351860351404,96.78376,5.9271917,0.0036300602,0.054387804,0.245460404636514,low
LGD_0403, ,Sivasagar,LGD,94.49512570519653,26.947322656232025,93.80887,6.859732,-0.0025959548,0.015103665,0.25448653963018125,low
LGD_0404, ,Sivasagar,LGD,94.49731829938153,26.960000819681603,87.96332,1.9891031,0.0003631945,0.1620783,0.21561106025796173,low
LGD_0405,Mitong Nakatani,Sivasagar,LGD,94.51660549286119,26.94886564257541,88.13614,2.3065174,-0.00022726612,0.060697023,0.22682798464642295,low
LGD_0406,Phukan Phadia,Sivasagar,LGD,94.53865461604605,26.939696219869653,100.51419,11.654215,0.00844254,0.0069423574,0.27959982861657456,low
LGD_0407,Pathalial,Sivasagar,LGD,94.53141779777752,26.95764112009919,89.60585,0.7332508,-0.00012486304,-0.04491591,0.23007715757246852,low
LGD_0408,Phakum Kumar Phodia,Sivasagar,LGD,94.53206841379014,26.959397114312488,89.669556,2.267141,-0.00039427588,0.0822279,0.2248134522607667,low
LGD_0409,Phakum Kumar Phodia,Sivasagar,LGD,94.53511120262718,26.96706939351581,89.30201,3.292623,-0.0005718687,-0.26619777,0.2654352802579369,low
LGD_0410,Sri Puria,Sivasagar,LGD,94.52081731680674,26.971955798264062,89.7202,1.7602274,0.00023146938,0.021830492,0.22827736237870005,low
LGD_0411, ,Sivasagar,LGD,94.52200719925563,26.980001783563353,88.37519,0.4082367,-0.00047703594,-0.009668183,0.2249986558114982,low
LGD_0412, ,Sivasagar,LGD,94.5364565648027,26.97316520203763,88.92672,0.46435547,4.3580185e-05,0.035899222,0.22089559097102301,low
LGD_0413, ,Sivasagar,LGD,94.53463964183818,26.977486989201942,88.805244,0.76479465,0.00017416185,0.015456738,0.22418750469009938,low
LGD_0414,Dighali Habi,Sivasagar,LGD,94.51584086002131,26.9871769492775,88.378746,1.6612768,-0.000120387434,-0.012810296,0.23105425016734626,low
LGD_0415,Jagara Habi,Sivasagar,LGD,94.5080356357161,26.99629310538312,88.98471,5.3577633,0.0001058704,-0.0100470595,0.24853426868422465,low
LGD_0416,Boka Bill,Sivasagar,LGD,94.51274038712388,26.974316100615233,87.0,7.518871,-0.0018724763,0.047140453,0.2531854032154793,low
LGD_0417,Dicial Gaon,Sivasagar,LGD,94.50419829332289,26.971351619535902,95.63934,7.380913,0.008410393,0.05107379,0.25211554130613345,low
LGD_0418,Kharadhara,Sivasagar,LGD,94.48936314773809,26.98727426486051,91.75276,6.308881,0.0061653126,0.03139343,0.2485479563058644,low
LGD_0419,Gosh Kota,Sivasagar,LGD,94.49833101613096,26.988032242723005,97.41445,6.899521,0.0033497168,0.5409781,0.20319038264455613,low
LGD_0420,Bhecheli Mari,Sivasagar,LGD,94.47526172506066,26.987337577065293,89.96659,7.4969664,-0.00038936705,-0.049452327,0.26362661108121144,low
LGD_0421,Goyal Goyan,Sivasagar,LGD,94.46476709463603,26.99010604070134,88.14235,2.6811707,-0.0003184356,-0.15632103,0.250476174936233,low
LGD_0422, ,Sivasagar,LGD,94.45477510415759,26.974611713574323,86.80903,0.39041469,-9.583435e-05,0.014343546,0.22232267988255514,low
LGD_0423, ,Sivasagar,LGD,94.48625411633327,26.97780497654372,88.35989,2.5397587,0.00047214722,0.09015379,0.2249897434923495,low
LGD_0424, ,Sivasagar,LGD,94.47552472272156,26.973035322064,87.309204,2.0496526,0.00053580676,-0.001908342,0.23154501324731364,low
LGD_0425, ,Sivasagar,LGD,94.47568726451287,26.965878333370945,87.22052,0.35647345,0.00019228524,0.008311171,0.22277320082205154,low
LGD_0426, ,Sivasagar,LGD,94.48402640028016,26.94882540342275,87.15786,0.66138315,0.0002522165,0.103604235,0.21509194551514046,low
LGD_0427, ,Sivasagar,LGD,94.47645526203655,26.940435076838273,88.68967,5.5191708,0.0006441604,-0.00023551076,0.24819058582655168,low
LGD_0428, ,Sivasagar,LGD,94.4674891649731,26.945409765501758,88.508835,3.96315,0.00027235245,0.0129044885,0.23933432422009618,low
LGD_0429, ,Sivasagar,LGD,94.46727255999397,26.95693682714031,87.16927,0.388238,-0.00044107155,-0.10604479,0.23416667057983978,low
LGD_0430, ,Sivasagar,LGD,94.46679331012727,26.963533586104713,87.13638,4.8769083,-2.8378838e-05,-0.04326149,0.2493343045800182,low
LGD_0431, ,Sivasagar,LGD,94.45003202599752,26.959677363558765,88.19463,2.2652473,0.0013173486,0.019552624,0.23047431262948426,low
LGD_0432, ,Sivasagar,LGD,94.45272179471884,26.95406896450084,86.48906,0.4182315,0.0005654244,0.24919878,0.2006213928048725,low
LGD_0433,Tipomia,Sivasagar,LGD,94.45327059322247,26.945641690065788,87.05548,0.36999726,3.9888757e-05,-0.015737703,0.22514641534363858,low
LGD_0434, ,Sivasagar,LGD,94.4361987925902,26.94200114739397,87.04118,0.7064723,0.0002954198,-0.02950747,0.22799877626463566,low
LGD_0435,Ruapahijan Block,Sivasagar,LGD,94.43332597397793,26.952653218331793,86.52136,2.5745757,-0.0012049674,-0.18175073,0.25245787167869765,low
LGD_0436,Jan Miri Bor Gaon,Sivasagar,LGD,94.45054522496694,26.986815075651894,89.37881,13.166511,-0.020754198,0.003012892,0.2904236333249684,low
LGD_0437, ,Sivasagar,LGD,94.40055904288995,26.955844402997588,450.0,75.68791,0.05818618,0.05962848,0.7258478522774797,critical
LGD_0438, ,Sivasagar,LGD,94.41342728897432,26.964943953084394,85.5,16.246084,0.0,0.0,0.3038630653599094,low
LGD_0439,Ruapahijan Block,Sivasagar,LGD,94.42494528516038,26.962377518622596,88.55745,1.0262657,-0.00046812865,-0.15124603,0.241973747974399,low
LGD_0440,Cintamonigarh No.2,Sivasagar,LGD,94.41196921317228,26.942546607543623,85.99781,75.84078,-0.0006493347,-0.0832727,0.6864133530020277,high
LGD_0441,Bhitarual Nora Gaon,Sivasagar,LGD,94.48251769408044,26.91788170091535,89.00962,4.981566,-0.0005783354,0.0011692124,0.24563417930711162,low
LGD_0442,Maj Nora,Sivasagar,LGD,94.48251520852305,26.897842226861282,90.19172,4.933834,-0.0028509924,0.026687056,0.24327886031345428,low
LGD_0443,Goyal Goyan,Sivasagar,LGD,94.46867789548402,27.002144375300194,450.0,13.5427475,0.0,0.0,0.3580167513928087,low
LGD_0444,Gotonga Pathar,Sivasagar,LGD,94.47879530619056,27.002339312992547,91.09168,11.570704,0.0047482406,0.022071585,0.2763665941334054,low
LGD_0445,Jagara Hati,Sivasagar,LGD,94.46888194231175,27.01377247116819,450.0,0.0,0.0,0.0,0.28096200578475433,low
LGD_0446, ,Sivasagar,LGD,94.4764850303574,27.02163669251442,86.5,2.4162793,0.0,0.0,0.23301678219206456,low
LGD_0447, ,Sivasagar,LGD,94.47936179960958,27.028814179458166,86.5,15.547796,-0.005820575,0.047140453,0.2955833872166757,low
LGD_0448, ,Sivasagar,LGD,94.68887970503467,27.24925032264389,450.0,15.0,0.0,0.0,0.36686112951077654,low
LGD_0449,Dehing Kalghar,Sivasagar,LGD,94.6998972581969,27.261342006136793,450.0,15.0,0.0,0.0,0.36686112951077654,low
LGD_0450,Lachan,Sivasagar,LGD,94.71393484649488,27.237974288746585,94.81652,1.5420333,-0.0003904206,0.011773662,0.22910774120799215,low
LGD_0451,Bahuabari,Sivasagar,LGD,94.7140770236559,27.220523280752527,93.236084,4.8759933,-8.63755e-05,-0.0650083,0.25259815543369846,low
LGD_0452,Nowpara,Sivasagar,LGD,94.70754001835796,27.22497512275018,93.37206,4.3149366,0.00013694177,-0.009099305,0.2440541082973054,low
LGD_0453,Khalihamari,Sivasagar,LGD,94.6977758055187,27.233319885923308,94.23655,1.1723728,-0.0006927988,-0.12863132,0.24131093079928484,low
LGD_0454,Rangadaria,Sivasagar,LGD,94.70596778123924,27.24046609624357,94.667114,9.312302,0.00022254685,0.15452634,0.2518105527804638,low
LGD_0455,Teteliguri,Sivasagar,LGD,94.700957192323,27.24764545532452,450.0,0.0,0.0,0.0,0.28096200578475433,low
LGD_0456,Gelgeli,Sivasagar,LGD,94.68763252685821,27.230430878584464,450.0,8.5006485,0.012413359,-0.0047900537,0.32681272353968194,low
LGD_0457,Rajabari,Sivasagar,LGD,94.6821140451032,27.219982732412177,95.47122,2.0195227,-0.0008852001,-0.17626037,0.25055788359516384,low
LGD_0458,Rajabari,Sivasagar,LGD,94.68663581748284,27.21119089219048,96.07086,9.467,-0.0046597077,0.0022517096,0.2697717365254317,low
LGD_0459,Borpathar,Sivasagar,LGD,94.66374601910421,27.197364644208143,96.86876,5.45682,-9.817803e-05,-0.093214355,0.25908094908496354,low
LGD_0460,Singiani,Sivasagar,LGD,94.67701256857693,27.192285611013645,92.480354,5.087567,-0.00014185527,-0.07906514,0.25501006616811195,low
LGD_0461, ,Sivasagar,LGD,94.68000076400071,27.20327752123716,93.78522,7.0850034,-0.003800875,-0.010993342,0.2585347679597997,low
LGD_0462,Khanajan,Sivasagar,LGD,94.69456601487752,27.204407895315015,98.480255,7.85136,0.00029566925,-0.049044475,0.2667391470216147,low
LGD_0463,Jamira,Sivasagar,LGD,94.7001468819915,27.213643706554976,97.599976,6.2261777,0.002012525,0.018172028,0.251020800375959,low
LGD_0464,Nemutangakur,Sivasagar,LGD,94.7114305170315,27.2102877427733,102.24181,6.310196,0.0046129385,-0.001163192,0.2538689106092803,low
LGD_0465,Bandarmari,Sivasagar,LGD,94.71707216224198,27.180495687684335,93.704765,3.5571353,-0.0009842558,0.008963248,0.2387747176466094,low
LGD_0466,Dhaibari,Sivasagar,LGD,94.66680663036819,27.182826059522405,105.95333,9.151184,0.012126178,0.09124424,0.2579117804464514,low
LGD_0467,Gelapathar,Sivasagar,LGD,94.64964207494657,27.17613652434714,92.52212,0.9485056,2.19306e-05,0.06794489,0.22056559890137634,low
LGD_0468,Ajar Guri,Sivasagar,LGD,94.64446062208802,27.18643471205148,94.910805,2.6847873,5.6678015e-05,0.15637387,0.22032880925936918,low
LGD_0469,Naharanibam,Sivasagar,LGD,94.64161210142416,27.166780331374177,92.07269,5.4232516,-0.0017227082,0.03502111,0.2449503097753439,low
LGD_0470,Chakala Pathar,Sivasagar,LGD,94.66702193086043,27.14176423734045,90.738525,0.35039467,-1.4754762e-05,-0.034962762,0.22748855868243437,low
LGD_0471,Dhundarbam N.C.,Sivasagar,LGD,94.63409382712499,27.156288499509927,91.35072,0.68254083,-0.00014851095,-0.016110806,0.2272949769632851,low
LGD_0472,Tankak N.C,Sivasagar,LGD,94.61593761765535,27.141148155250903,92.79781,1.8288645,0.00040921412,-0.043319926,0.23548438590475942,low
LGD_0473,Milonkur,Sivasagar,LGD,94.60568398501852,27.1489841573448,450.0,5.926148,0.0,0.0,0.31344999954917924,low
LGD_0474,Dalapani,Sivasagar,LGD,94.6253708540149,27.177675103458064,450.0,0.0,0.0,0.0,0.28096200578475433,low
LGD_0475,Samukjan,Sivasagar,LGD,94.64598957784928,27.212751839848227,450.0,0.0,0.0,0.0,0.28096200578475433,low
LGD_0476, ,Sivasagar,LGD,94.63989831039517,27.19122024772148,450.0,0.0,0.0,0.0,0.28096200578475433,low
LGD_0477,Chetia,Sivasagar,LGD,94.58793903483108,27.129423611346734,450.0,4.961604,0.0,0.0,0.3080239507454748,low
LGD_0478,Moridesang N.C,Sivasagar,LGD,94.58809960707337,27.088907220687304,87.117294,1.5797548,-0.0053474763,-1.3141841,0.38217460984579915,low
LGD_0479, ,Sivasagar,LGD,94.60195264994672,27.083339998023213,91.00846,1.4109733,0.00074783544,0.032570787,0.22575386684525844,low
LGD_0480,Dighal Doriali,Sivasagar,LGD,94.5921206114293,27.06838719444095,89.55297,0.3605029,-0.000120191115,0.010608013,0.2229598743172827,low
LGD_0481, ,Sivasagar,LGD,94.57486635123796,27.08784757820264,91.814026,0.79403824,-0.00027529968,-0.0049326317,0.22680765271317063,low
LGD_0482,Lepai,Sivasagar,LGD,94.57100857015783,27.06831646311234,91.1933,7.7154436,-0.0019103236,0.0062435633,0.2591877620182109,low
LGD_0483,Bolama Koiborta,Sivasagar,LGD,94.56242299878195,27.064772809465943,89.24477,0.6878946,-0.0006722892,-0.03716897,0.22912053357089138,low
LGD_0484,Ligri Bari,Sivasagar,LGD,94.56415386329748,27.094805829877153,91.61078,1.3926218,-0.0005429178,-0.6263596,0.2960576468400036,low
LGD_0485,Ali Chiga,Sivasagar,LGD,94.53648606074039,27.06186408536557,94.12664,1.7008281,0.001432428,0.18548478,0.21292232566782748,low
LGD_0486,Ligri Bari N.C.,Sivasagar,LGD,94.5377073719641,27.053170735980263,91.36814,4.3040566,2.3082355e-05,0.033797335,0.2393392978333914,low
LGD_0487,Ali Chiga,Sivasagar,LGD,94.5147016888436,27.045516490760374,87.0,5.948946,0.0,0.0,0.25008999952766453,low
LGD_0488,Afala,Sivasagar,LGD,94.50651725974609,27.036242090601903,87.0,0.0,0.0,0.0,0.22194170212963088,low
LGD_0489,Cital Dubi,Sivasagar,LGD,94.50115529830754,27.018901196078204,88.24571,1.5020511,-0.00020028137,-0.079726905,0.23694413268165712,low
LGD_0490, ,Sivasagar,LGD,94.49043627959561,27.02529415745333,86.5,1.672006,0.0,0.0,0.2295412359783523,low
LGD_0491,Cheni Mora,Sivasagar,LGD,94.49753266874855,27.00542155498222,88.070465,0.43458378,4.6150926e-06,0.057451382,0.21859023299706964,low
LGD_0492,Ligri Bari,Sivasagar,LGD,94.5345369095943,27.020235517612097,88.45339,0.45414597,-8.337768e-05,-0.029852247,0.2271301941971546,low
LGD_0493, ,Sivasagar,LGD,94.56417140774556,27.008137923556752,89.13508,0.5928055,-0.00010802319,-0.07086348,0.23190275539434424,low
LGD_0494,Loraputa,Sivasagar,LGD,94.54763209036196,27.023114234997557,89.06197,0.35113582,0.00057493744,0.105036765,0.21382454900892195,low
LGD_0495, ,Sivasagar,LGD,94.56612229012555,27.056448649374364,88.84428,0.50030684,-0.00024410592,-0.022969518,0.2267530260296961,low
LGD_0496,Tati Pathar,Sivasagar,LGD,94.56975759656142,27.032188167986767,89.42377,0.9962894,0.0007586863,0.13243784,0.21415009060729398,low
LGD_0497,Longcai Habi,Sivasagar,LGD,94.58729391982718,27.054791374941715,88.45087,0.96006143,0.000114433475,0.059141282,0.22083890298809025,low
LGD_0498,Kopowting,Sivasagar,LGD,94.59954177567998,27.053339677103708,89.141396,0.8209476,0.00069079734,0.012709102,0.2246958486373046,low
LGD_0499,Bagal Habi,Sivasagar,LGD,94.59564150994419,27.045672987683627,96.82652,7.731956,-0.0013390484,0.03216165,0.2573752569208702,low
LGD_0500,Dhopaboria,Sivasagar,LGD,94.58736788694898,27.029077323281903,100.81684,6.062394,0.0069855214,0.08039903,0.24365485328227768,low
LGD_0501,Matok Gohain,Sivasagar,LGD,94.60145475081123,27.028630186038324,90.37098,4.808129,-0.00805178,0.00820371,0.24527623283591435,low
LGD_0502,Panbecha,Sivasagar,LGD,94.57348733063321,27.023528959554326,90.55304,6.236374,-0.00068166543,0.022824474,0.24980170569701474,low
LGD_0503,Sala Pathar,Sivasagar,LGD,94.58257772200594,27.01742895134212,88.62651,1.4955933,-0.00097631005,-0.03274953,0.23239480761397435,low
LGD_0504,Molia Bheta,Sivasagar,LGD,94.58836864729587,27.008706786341293,89.12304,0.38905478,-0.00030322763,-0.24235106,0.24829232885232355,low
LGD_0505,Mout Bari,Sivasagar,LGD,94.59803462423913,27.01448489719186,88.904854,0.48105687,1.1771886e-05,0.035264462,0.22103233797969424,low
LGD_0506,Kath Para,Sivasagar,LGD,94.61036807309674,27.013428400102,96.955086,8.120422,0.0021954072,0.057994936,0.25612817711169505,low
LGD_0507,Banmukh Chutia,Sivasagar,LGD,94.62209358193192,27.022791955149895,89.25706,0.5249258,-0.00034016854,-0.102158435,0.2347362212396002,low
LGD_0508,Dui-Ali Maz,Sivasagar,LGD,94.61907394784207,27.003165244022114,89.85948,2.0448117,-0.00067491486,-0.0761343,0.23948513005522706,low
LGD_0509,Deoulia Khat,Sivasagar,LGD,94.62773430815277,27.001973768200884,90.61813,1.8345562,0.00043436166,0.100521736,0.2211274962373488,low
LGD_0510,Nowjan,Sivasagar,LGD,94.64569891545601,27.00874897713336,89.990776,5.1880064,-0.00011820414,-0.053226244,0.25238528700688756,low
LGD_0511, ,Sivasagar,LGD,94.65671780861236,27.02205728436829,98.58669,8.248217,0.006552606,0.046544317,0.25765628187247785,low
LGD_0512,Gohain Gaon,Sivasagar,LGD,94.63617474344609,27.021605246441737,89.9929,0.64909315,-0.0005395351,-0.081525296,0.23340987329853352,low
LGD_0513,Joyapar,Sivasagar,LGD,94.63884004962783,27.04262446107671,90.63006,0.5888085,8.1558355e-05,0.0261467,0.22264313675613973,low
LGD_0514,Kowamora Hondique,Sivasagar,LGD,94.65178711299627,27.037636178890395,90.23313,0.39833835,-0.00046663985,0.027019475,0.22170321844425436,low
LGD_0515,Akhoi Phutia,Sivasagar,LGD,94.64241978980593,27.05512961447059,90.547356,3.8122902,0.00073527114,0.12754692,0.22751061205342754,low
LGD_0516,Barhoiting,Sivasagar,LGD,94.62558151480478,27.057498210312406,90.98384,4.2009244,0.00049149024,0.05360452,0.23673497667745128,low
LGD_0517,Barhoiting,Sivasagar,LGD,94.62294685276811,27.045276741587696,95.96692,8.322238,-0.0026328452,-0.042804364,0.26846838134270035,low
LGD_0518,Patar Chetia,Sivasagar,LGD,94.61028102787212,27.0355543506175,97.1055,6.604719,0.0030435442,-0.0029835163,0.2548958661161763,low
LGD_0519,Dimow Mukh,Sivasagar,LGD,94.60972565645206,27.053787613438484,97.66384,5.0742273,0.005977373,0.060668804,0.24053044070326401,low
LGD_0520,Motha Dang,Sivasagar,LGD,94.62289134193747,27.066811301044506,89.93335,3.568864,-0.00053475465,0.0138478605,0.23768748271315582,low
LGD_0521,Demowmukh Gohain,Sivasagar,LGD,94.6175469340848,27.072600366358095,90.23368,1.4473972,-0.0006073527,-0.05460921,0.2345393742531565,low
LGD_0522,Samukjan,Sivasagar,LGD,94.62347536429698,27.0895686261241,90.27698,0.7107624,0.00043698927,0.21355446,0.20561002497438152,low
LGD_0523, ,Sivasagar,LGD,94.6581280695327,27.1010165198358,90.33883,1.0000972,-9.37766e-05,-0.12169121,0.23908802496158874,low
LGD_0524, ,Sivasagar,LGD,94.65021566674393,27.102297347942546,91.07341,1.1760364,0.00059810694,0.07984326,0.22017242049993851,low
LGD_0525, ,Sivasagar,LGD,94.64290042821133,27.089615812266892,98.40234,6.4241395,0.0029979565,-0.06349091,0.2606279707582164,low
LGD_0526, ,Sivasagar,LGD,94.6394387200098,27.075669090189802,91.549225,1.6443901,-0.0007792779,-0.032012027,0.23344757275133207,low
LGD_0527,Demowmukh Gohain,Sivasagar,LGD,94.63074466238602,27.06996189729587,90.986565,7.948851,-0.00074785645,-0.01829554,0.262799495020178,low
LGD_0528,Bokul Duba,Sivasagar,LGD,94.64223428662851,27.06519391564657,91.11364,5.4839807,-0.00060626207,-0.06544638,0.2553918309307222,low
LGD_0529, ,Sivasagar,LGD,94.6506039281129,27.075445822003736,90.57298,0.47985554,-0.0006016463,-0.09276856,0.2338280887329078,low
LGD_0530,Palengi P.G.R,Sivasagar,LGD,94.65701386474247,27.076759179979657,91.095375,0.377996,0.00036907836,0.74380517,0.16062712489090342,low
LGD_0531, ,Sivasagar,LGD,94.66749262050496,27.077728976500016,91.49719,8.477134,-0.0014845433,-0.034604415,0.26745350938942475,low
LGD_0532,Sorupalengi,Sivasagar,LGD,94.6705144110111,27.065884673897976,91.38894,3.8824487,-9.379485e-05,-0.020759651,0.2428662974658817,low
LGD_0533,Aoraltoli,Sivasagar,LGD,94.67944190871236,27.082893184349114,91.56342,10.929057,-0.0008203778,0.035534743,0.2723990495352358,low
LGD_0534,Da Dhara Grant,Sivasagar,LGD,94.68665497734767,27.079927006429283,96.23348,6.5424385,0.000991926,-0.018501172,0.25635694947095977,low
LGD_0535,Jiyamari,Sivasagar,LGD,94.66783050499394,27.094736298874867,90.630005,7.7383823,-0.00035008165,-0.03066092,0.26294177367859894,low
LGD_0536, ,Sivasagar,LGD,94.66841803704801,27.114234376914727,92.07973,3.5628726,-0.001153449,-0.07569488,0.24719888290290434,low
LGD_0537,Dhundar Mukh,Sivasagar,LGD,94.67519192558113,27.108995199171744,91.213165,9.846405,-0.0024266427,-0.005590108,0.27145056984192156,low
LGD_0538,Dhyan Pathar,Sivasagar,LGD,94.6798784948692,27.09731933672027,96.89484,8.8050995,-0.003753695,-0.028490325,0.2697177440277784,low
LGD_0539,Kachari Pathar,Sivasagar,LGD,94.69449180405546,27.103132721904945,92.12144,6.3242188,-0.0020766119,-0.0005403916,0.25311800567631487,low
LGD_0540,Loguwa Bari,Sivasagar,LGD,94.70921947614906,27.113607832436436,91.63273,3.8347096,-0.0018016713,-0.047738772,0.24566050839862316,low
LGD_0541,Naharani Habi,Sivasagar,LGD,94.7185393277415,27.11448071159881,96.268776,5.052513,-0.0008773738,-0.108754165,0.2587036185687325,low
LGD_0542,Rajabari  Bagisa,Sivasagar,LGD,94.70276880277824,27.070292366412573,93.32344,1.6955793,0.00013484414,0.026353223,0.22809898304984766,low
LGD_0543,Japisagiya Gaon,Sivasagar,LGD,94.69338578392366,27.07381777050452,95.17789,7.4777093,-0.0017706978,-0.015614136,0.2609637603321842,low
LGD_0544,Rajan Bagan,Sivasagar,LGD,94.7173105639353,27.072036460652992,92.4666,5.136643,-0.0026784244,0.010802655,0.24623324611009711,low
LGD_0545, ,Sivasagar,LGD,94.71635223121754,27.045485237095207,91.852875,3.094834,-0.00024243766,-0.005396646,0.23762846543536575,low
LGD_0546,Ekoratoli,Sivasagar,LGD,94.69944800615889,27.04683472887018,92.46553,5.643685,-4.447265e-05,0.057325736,0.2435776348090331,low
LGD_0547,Chetia Koiboria,Sivasagar,LGD,94.69703556116485,27.034941994072874,90.0,9.049059,-0.003614071,0.008116887,0.2658031893477576,low
LGD_0548,Desang Deroi Habi,Sivasagar,LGD,94.70047825238737,27.05908762909166,94.05915,5.752852,-0.005725465,-0.0029152352,0.2513446370976399,low
LGD_0549, ,Sivasagar,LGD,94.66245329818868,27.055033793231807,91.19545,3.9055753,-0.000115562834,-0.5044097,0.295583763301263,low
LGD_0550,Haluwating,Sivasagar,LGD,94.66779804805145,27.045492305674273,98.59516,8.58877,-0.00037858303,0.024914885,0.2626411211666744,low
LGD_0551,Merbill,Sivasagar,LGD,94.66565144392713,27.03528827012967,91.25099,3.8546486,-0.0016050433,0.008602862,0.23992732286926513,low
LGD_0552,Kotonipar,Sivasagar,LGD,94.6788420911992,27.03973888023633,91.35476,7.7381988,0.00026512152,0.08615219,0.25061840970076543,low
LGD_0553,Luthuri Chetia,Sivasagar,LGD,94.67579989544205,27.024579043588517,98.697655,6.657095,-0.0049063223,-0.031888776,0.2595702902802402,low
LGD_0554, ,Sivasagar,LGD,94.67473357187163,27.00982933075254,90.48087,7.8107166,-0.009499284,-0.001725817,0.2614461555464989,low
LGD_0555,Nimai Jan,Sivasagar,LGD,94.68663582922815,26.999628388578817,90.54367,0.35749948,0.0001141483,-0.042613808,0.22822179498962858,low
LGD_0556,Da Gaon,Sivasagar,LGD,94.70339347013116,27.024245533576256,91.62214,5.7998357,5.071981e-06,-0.024640637,0.2526773506866623,low
LGD_0557,Tamuli Phukhuri,Sivasagar,LGD,94.70478880932355,27.012806925048334,91.03927,4.59875,-0.004264568,-0.041786306,0.24901401309386795,low
LGD_0558,Gondhia,Sivasagar,LGD,94.71931016189953,27.010422341062007,91.31049,0.324901,-0.0006801991,-0.08225382,0.23218315341920526,low
LGD_0559,Mout Gaon,Sivasagar,LGD,94.73104166442118,27.003737384492595,93.48218,5.4865932,-0.00068758125,0.034154426,0.24543633874452675,low
LGD_0560,Chengli Bari,Sivasagar,LGD,94.73180305063495,27.01877371389678,104.952095,10.064525,0.010968662,0.04031036,0.2680259267421716,low
LGD_0561,Borpatra Gohain,Sivasagar,LGD,94.72082560767838,27.026981552565967,92.57022,4.7326126,-0.0002921125,0.062370684,0.2387356775179719,low
LGD_0562,Khanikar,Sivasagar,LGD,94.73110213527525,27.04899829713476,92.26548,0.3561945,-9.576893e-05,0.109935105,0.21393782204114728,low
LGD_0563,Kumargaon N.C.,Sivasagar,LGD,94.74516735560262,27.0326418635009,92.52425,6.836008,0.00013829558,0.006019931,0.25474177737286424,low
LGD_0564,Borapial Habi,Sivasagar,LGD,94.76056029531117,27.044967748938536,98.792305,6.245719,-0.001960955,-0.029840512,0.25689544326764263,low
LGD_0565,Fekelani Habi,Sivasagar,LGD,94.75032742169742,27.05414468092381,92.29564,4.5422616,0.0012818497,0.15111063,0.22878439819722432,low
LGD_0566,Deoriting Grant,Sivasagar,LGD,94.76065231882846,27.05496854622249,98.68376,3.6350076,0.0017681316,0.0636869,0.2340905543363094,low
LGD_0567, ,Sivasagar,LGD,94.76887229531006,27.06386883647196,92.97534,0.52013916,-9.9028744e-05,-0.0072251977,0.225924613545846,low
LGD_0568,Patia Gaon,Sivasagar,LGD,94.77250827470996,27.04347994594438,93.30044,6.1165075,-0.0002724055,-0.38311207,0.2940777990367303,low
LGD_0569,Chutia Katani,Sivasagar,LGD,94.7770223115273,27.032029611321583,93.79476,6.7456565,-0.00060503377,0.02963212,0.2521247276313228,low
LGD_0570,Gohain Gaon,Sivasagar,LGD,94.77829139142536,27.021226046672492,93.60661,5.120384,-0.000951479,-0.0233912,0.24964274662467043,low
LGD_0571,Chutia Katani,Sivasagar,LGD,94.76440905609142,27.017689256455466,101.29625,5.0685945,0.00047096531,-0.0049385964,0.24853137031018896,low
LGD_0572,Dihingia,Sivasagar,LGD,94.75324572646943,27.012872428670423,92.99331,4.0371304,9.284346e-05,0.039803382,0.23770789236945342,low
LGD_0573,Barapial,Sivasagar,LGD,94.77538081974656,27.00486915325905,94.08015,0.30574325,0.00015279379,-0.10667241,0.23483944234710327,low
LGD_0574, ,Sivasagar,LGD,94.79785152145307,27.019731525212084,94.52244,7.998354,-0.0017662102,0.0059678676,0.2611832532533743,low
LGD_0575,Barapial,Sivasagar,LGD,94.79401070118679,27.00742724572553,95.03446,3.9460075,-6.8156536e-05,0.25383362,0.21679137519940836,low
LGD_0576, ,Sivasagar,LGD,94.8028042550242,27.00120915057879,106.435326,8.956154,0.0037813943,0.14181465,0.25282007036437765,low
LGD_0577,Dihingia Konwar,Charaideo,LGD,94.83612314510904,27.007767927708876,96.251366,1.03314,7.0809524e-06,-0.09018958,0.23699414701140734,low
LGD_0578,Barbhuyan Gaon,Charaideo,LGD,94.83669282309052,27.024100521222714,105.600555,8.7988,0.003944668,0.03337039,0.26337981560665447,low
LGD_0579, ,Sivasagar,LGD,94.8180179766438,27.027642706395444,104.70166,6.849846,0.0071524344,0.003971644,0.2560809003400934,low
LGD_0580,Farbandhia Kahar,Sivasagar,LGD,94.81104537124747,27.0176477274283,95.415375,0.27795473,-9.020553e-05,-0.05539591,0.22987588379757262,low
LGD_0581,Boreodhai,Sivasagar,LGD,94.81574649198625,27.0443490515548,95.255905,1.0487888,0.00035213865,0.19768159,0.20923595364234918,low
LGD_0582,Kataky Papang,Charaideo,LGD,94.8342939685064,27.035421240360506,95.77167,0.29769835,-0.0004596526,-0.40455744,0.26613323479332457,low
LGD_0583,Lai Peleng,Charaideo,LGD,94.83436253061627,27.048962547344463,95.62799,4.3556323,-0.00026523878,-0.0033605592,0.2440781543839224,low
LGD_0584,Japishajia Deodhai,Sivasagar,LGD,94.81095978437875,27.06289415026065,94.60125,5.2994747,-0.0020088386,-0.0034395328,0.24875591596432015,low
LGD_0585,Mahkhuti Grant,Sivasagar,LGD,94.79790661389845,27.046347864535292,98.77201,5.3062954,-0.00528456,-0.006599281,0.2502330312496861,low
LGD_0586,Dimoru Guriya,Sivasagar,LGD,94.79402870905147,27.032032475675912,93.89675,6.4370055,-0.0026527443,0.0020777686,0.25377300850004564,low
LGD_0587,Bhokat,Sivasagar,LGD,94.78196726897283,27.0502223826373,111.45305,9.620383,0.0011326334,0.009140367,0.2716281853484263,low
LGD_0588,Ketela Chowa,Sivasagar,LGD,94.78094752547915,27.079060322020663,95.87278,3.8822567,-0.0015303199,0.007482349,0.2408951219678647,low
LGD_0589,Deroi Habi,Sivasagar,LGD,94.78638492704955,27.091445761450977,93.550224,3.0570211,8.651061e-05,-0.12525527,0.24992210892866018,low
LGD_0590,Amulaguri Bagisa,Sivasagar,LGD,94.80468844379689,27.087772405728057,97.38352,2.6545742,-0.00082699297,-0.03285223,0.2392393337509539,low
LGD_0591,Mahkhuti Grant,Sivasagar,LGD,94.79332796760373,27.068152791563104,96.72598,6.2011247,0.00048636144,0.004495741,0.25238784941156656,low
LGD_0592,Rukang Grant,Charaideo,LGD,94.83502982014907,27.063266765607626,97.927345,8.093238,0.0004906268,0.16859812,0.24486929528531715,low
LGD_0593,Shatgharia,Sivasagar,LGD,94.82226791375395,27.082799040968933,100.1225,4.173596,0.0013183923,0.028029526,0.24051271053795795,low
LGD_0594,Bhaluka Guri,Sivasagar,LGD,94.80986822942121,27.107055511337368,97.49378,3.3087773,-0.00039349767,-0.16776048,0.2563386133187973,low
LGD_0595,Bhaluka Guri,Sivasagar,LGD,94.80566647744921,27.113565280452487,97.4602,1.5303774,-0.00027127023,-0.013479184,0.23192836361518857,low
LGD_0596,Kathal Guri Block,Sivasagar,LGD,94.80420996311005,27.10662519105607,95.05475,6.2000203,-0.0024085985,-0.0081223,0.25382226314473094,low
LGD_0597,Barbam Block,Sivasagar,LGD,94.80569062167214,27.10028641298951,100.4119,5.0423927,0.000940431,0.1640343,0.23113086376242234,low
LGD_0598,Kathalbari,Sivasagar,LGD,94.78600700855914,27.112512344161832,95.22101,3.0605023,-0.0011318473,0.013463938,0.23621773771688753,low
LGD_0599,Chandamonda Changmai,Sivasagar,LGD,94.7590790303152,27.110809621263908,94.15473,4.312044,-0.0022143044,-0.013485485,0.24492510117691307,low
LGD_0600,Khongia Grant,Sivasagar,LGD,94.77724055313914,27.100695397570835,98.10011,3.4774997,-0.000440134,0.02407214,0.2374961494160518,low
LGD_0601,Mashoi,Sivasagar,LGD,94.76270051906673,27.079109339077778,91.99513,5.1887603,-0.00039694743,-0.10072627,0.2577610621749604,low
LGD_0602,Hiloidari,Sivasagar,LGD,94.74189678668141,27.086763762899768,93.69204,5.424729,0.00016362508,-0.119673826,0.2611761239439877,low
LGD_0603,Barderoi,Sivasagar,LGD,94.74646459651888,27.064717627257078,95.997795,3.9218464,-0.0006089747,-0.18310504,0.2608377481129807,low
LGD_0604,Saru Deroi,Sivasagar,LGD,94.73132456947879,27.06650101633316,98.890724,5.244467,-0.00077448896,0.16875307,0.23159298910268936,low
LGD_0605,Rajmai Grant,Sivasagar,LGD,94.71953525923077,27.087434951107486,94.40725,2.808797,-0.0034189315,-0.024770537,0.2390287771484513,low
LGD_0606,Bangali Gaon,Sivasagar,LGD,94.72837671815283,27.102407850312332,93.05914,3.707726,-0.001089076,-0.009547284,0.2412799155538638,low
LGD_0607,Athabari Grant,Sivasagar,LGD,94.74292811899319,27.100511595689724,97.37052,3.1516066,-0.0014968642,0.02214741,0.23616413130299094,low
LGD_0608,Kaliyapani Grant,Sivasagar,LGD,94.73545557629063,27.113912634200183,92.941444,7.0008974,-0.0007174597,-0.27597558,0.2866264266945146,low
LGD_0609, ,Sivasagar,LGD,94.72710987011297,27.123752710321924,96.08474,4.9913545,-0.00030972273,0.011171734,0.24575516281815324,low
LGD_0610,Bhekelai,Sivasagar,LGD,94.72213680717918,27.131782090975438,91.90854,2.8300126,0.00051089394,-0.027779713,0.2385289301841008,low
LGD_0611,Gamiri,Sivasagar,LGD,94.73136746424875,27.149960085588162,102.21186,7.494062,0.0067279637,0.008938301,0.25843344900831666,low
LGD_0612,Kenduguri,Sivasagar,LGD,94.73689597111075,27.138437358955485,92.318825,6.9311852,-0.0025366829,-4.5623805e-05,0.2561867792204267,low
LGD_0613,Raichai,Sivasagar,LGD,94.74498080766114,27.129973171397424,97.14574,4.512678,-0.0023982045,0.02502075,0.24246364638456963,low
LGD_0614,Dehajan Habi,Sivasagar,LGD,94.76243435941313,27.12509496069584,94.13782,4.4402304,-8.779966e-05,-0.12937789,0.257352118009236,low
LGD_0615,Sukan Pukhuri,Sivasagar,LGD,94.7525645224683,27.154724605284745,93.56433,3.5021327,0.00014406448,0.02163652,0.23707041409736287,low
LGD_0616,Deodubi,Sivasagar,LGD,94.7572859955725,27.1658750235608,93.787506,0.31106073,-0.0002610336,-0.0077478793,0.2251592096804632,low
LGD_0617,Dopani Pathar,Sivasagar,LGD,94.76292652692976,27.17619279971813,96.29999,5.004422,-0.003671052,0.0116693145,0.24624799650986778,low
LGD_0618,Bandarmari,Sivasagar,LGD,94.73928000465023,27.179416064398676,93.27956,4.7512836,4.1100888e-05,0.0047606872,0.24474934978066315,low
LGD_0619,Nahatgaraimari,Sivasagar,LGD,94.73875743874306,27.1686471474251,93.77588,4.902225,-0.00042760075,0.018032923,0.2442637613935511,low
LGD_0620,Chakala Pathar,Sivasagar,LGD,94.72536018727058,27.161074458104093,98.6967,6.9429994,-0.008226299,-0.011795443,0.2593285035951203,low
LGD_0621, ,Sivasagar,LGD,94.72120451113116,27.17026002170518,92.62146,2.4834626,0.0005329303,0.11327178,0.22313896657779772,low
LGD_0622, ,Sivasagar,LGD,94.72884519959128,27.183675152357132,92.82225,3.3667834,0.00026792512,0.5220617,0.18991651836566087,low
LGD_0623,Bandarmari,Sivasagar,LGD,94.72382598617747,27.194633067916318,92.78571,4.904935,-0.0009523509,-0.016718391,0.2477612386421266,low
LGD_0624,Garbhanga,Sivasagar,LGD,94.74643504583592,27.18994564273336,93.17719,4.934323,-0.00043581295,-0.029517971,0.24922505694490185,low
LGD_0625, ,Sivasagar,LGD,94.73557695590543,27.200560414148793,92.770615,1.9616977,-0.00036978506,-0.1334894,0.24534752126844403,low
LGD_0626,Paraliguri,Sivasagar,LGD,94.7362025791475,27.212083935996954,450.0,0.0,0.0,0.0,0.28096200578475433,low
LGD_0627,Pahukhowa Doloni,Sivasagar,LGD,94.7231490439127,27.209185068241457,93.338486,3.988243,-0.004427248,0.012189291,0.2409039188765192,low
LGD_0628, ,Sivasagar,LGD,94.73403635266766,27.220166182653344,94.255264,6.0793605,0.00027320304,0.184573,0.23308948728980752,low
LGD_0629,Gohain Pukhuri,Sivasagar,LGD,94.72372606730232,27.228590495456345,100.554344,6.211274,-0.0017156343,-0.026027877,0.25657744703871754,low
LGD_0630,Miripathar,Sivasagar,LGD,94.72392077224963,27.24305213990129,450.0,0.0,0.0,0.0,0.28096200578475433,low
LGD_0631,Ahom Pathar,Sivasagar,LGD,94.73422651856775,27.241152770085023,450.0,0.0,0.0,0.0,0.28096200578475433,low
LGD_0632,Bhatgaj,Sivasagar,LGD,94.74373175700809,27.23487178075404,97.915955,9.078753,-0.0009665872,0.10597573,0.25644502532267066,low
LGD_0633,Dihingia,Sivasagar,LGD,94.75047375226808,27.221375623260688,450.0,0.0,0.0,0.0,0.28096200578475433,low
LGD_0634,Garukhuti,Sivasagar,LGD,94.76105354137556,27.23658111755999,99.23498,7.035031,-0.0022572628,-0.014217033,0.2593206757568685,low
LGD_0635, ,Sivasagar,LGD,94.77320133451032,27.2390731726546,98.07603,1.6838562,-0.000104665756,-0.07090452,0.23845487186372893,low
LGD_0636,Dowarichiga,Sivasagar,LGD,94.76390454335615,27.21663780926234,99.86872,6.2940307,0.00068205217,-0.07715885,0.26199606677098297,low
LGD_0637,Nitai Pukhuri Gaon,Sivasagar,LGD,94.75417728762497,27.205059477194002,98.06263,7.482345,0.0012451168,0.02612063,0.2566147685000678,low
LGD_0638,Bagali Pathar,Sivasagar,LGD,94.75742895259255,27.196378835914025,94.72103,3.6577222,0.0002864659,0.02863791,0.23727047418878774,low
LGD_0639,Bogpara,Sivasagar,LGD,94.76667108010076,27.18996729478081,97.700745,5.931849,0.0009593243,0.008125789,0.2507726274452322,low
LGD_0640,Baputigarh,Sivasagar,LGD,94.77231141679009,27.201044866449482,94.093796,7.6100564,0.00012113027,0.02200908,0.2571868958157872,low
LGD_0641,Sukan Pukhuri,Charaideo,LGD,94.86616200631123,27.125016591006094,99.33967,3.9595282,0.002103685,0.018659052,0.24020827387868965,low
LGD_0642,Khatkhoti Bagicha,Charaideo,LGD,94.88228480218758,27.141373230313334,98.67861,2.9476256,-0.0030692546,-0.039265864,0.24179283331017246,low
LGD_0643,Domar Dolong Gaon,Charaideo,LGD,94.94641008755214,27.205220345080523,450.0,0.0,0.0,0.0,0.28096200578475433,low
LGD_0644,Amguri Gaon,Charaideo,LGD,94.93358270579996,27.19145323317001,107.12472,6.908074,0.0010921462,-0.009513932,0.259033247616082,low
LGD_0645, ,Charaideo,LGD,94.94196840573376,27.180333444331637,108.047424,3.3994942,0.00214969,0.22438316,0.2187793343541797,low
LGD_0646,Khumtai Gaon,Charaideo,LGD,94.9310561598771,27.17250083890821,107.53642,5.857697,0.0015308991,-0.021257102,0.25501641820800763,low
LGD_0647,Moranhat (TC),Charaideo,LGD,94.92213103165327,27.182523288084838,107.545334,4.810929,-0.0007000936,0.055438757,0.24223786979218115,low
LGD_0648,Mout Gaon,Charaideo,LGD,94.90732349688244,27.160201199819916,104.10364,5.4642696,0.0023536289,0.02109292,0.2479803823390282,low
LGD_0649,Chutia Gaon,Charaideo,LGD,94.9155277254366,27.169692174199792,98.91323,0.2984863,6.10619e-05,-0.091461174,0.234055305249894,low
LGD_0650,Moran Changmai,Charaideo,LGD,94.89809063587808,27.15377692894572,102.88396,8.570158,-0.0021257626,-0.06873916,0.27370963059335246,low
LGD_0651,Grant No.287/296,Charaideo,LGD,94.90677429305694,27.140244810213936,103.82132,3.5808954,-0.00053826376,0.054630145,0.23583468819589445,low
LGD_0652, ,Charaideo,LGD,94.93610069280705,27.13703382902328,101.93005,2.120494,-0.0010615921,-0.16514178,0.250973642473235,low
LGD_0653,Kakaramora Bagicha,Charaideo,LGD,94.92363968358775,27.141575163973986,98.91371,4.5145392,-0.0007963377,-0.0012071765,0.24522538329283738,low
LGD_0654,Secha Pukhuri,Charaideo,LGD,94.92943521232388,27.154302810884516,101.66534,5.303637,-0.0029120403,0.038044237,0.24575543370670822,low
LGD_0655, ,Charaideo,LGD,94.94234123093345,27.153660860053535,102.76028,1.8425335,-0.00063389936,-0.06816582,0.23974449942910586,low
LGD_0656, ,Charaideo,LGD,94.95353743055334,27.14598944004395,104.25202,5.275796,0.003243619,0.016798869,0.2474069634075087,low
LGD_0657,Gomotha Balikhuti F.V.,Charaideo,LGD,94.94601321804625,27.140984662038438,102.41714,2.602015,-0.00077893457,-0.014082472,0.2378846100677872,low
LGD_0658,Kachumari,Charaideo,LGD,94.93792110689836,27.121059072950164,103.70843,6.0918417,-0.0031213893,-0.06449528,0.2607828347801685,low
LGD_0659,Khanikar Gaon,Charaideo,LGD,94.93193131002658,27.110432886716257,97.89168,3.4621162,7.950587e-05,-0.118851095,0.25196310804353167,low
LGD_0660,Likson Gaon,Charaideo,LGD,94.93260488506407,27.09847318832955,99.33605,5.1532216,-0.0015482404,0.00816135,0.24754356031441863,low
LGD_0661,Bonomali T.E.,Charaideo,LGD,94.94565028275467,27.062736989719866,101.22944,5.629067,-0.0005862367,-0.043850277,0.25550448053641917,low
LGD_0662,Jajoli Gaon,Charaideo,LGD,94.93437552743741,27.075714390463084,104.07361,5.9784665,-0.003830043,0.049198065,0.2484128853136922,low
LGD_0663,Kahcari Bam Pathar,Charaideo,LGD,94.9353654557273,27.063479597591147,99.57588,5.1510606,-0.0016077632,0.024888372,0.24585605909086142,low
LGD_0664,Jajoli Habi,Charaideo,LGD,94.94102822843305,27.084479556826782,98.89296,3.2761497,-0.00096898,-0.008584326,0.2400193870174331,low
LGD_0665,Kachupathar Gaon,Charaideo,LGD,94.91377135477771,27.087509959072257,101.32711,7.235361,-0.0026750818,-0.0026703046,0.259507465635572,low
LGD_0666,Moranjan Gaon,Charaideo,LGD,94.9229037920962,27.071664874745682,98.58988,6.460857,-1.2241138e-05,0.047088422,0.24960161367715605,low
LGD_0667,Khargharia Deodhai,Charaideo,LGD,94.90923350380537,27.0701803494271,109.92999,11.1478615,0.0023627612,0.00391027,0.2797792386764355,low
LGD_0668,Khukamora Lawjan Gaon,Charaideo,LGD,94.91176017920431,27.10340649434385,97.457375,3.4143615,-0.00048310135,-0.07077852,0.2467443805667677,low
LGD_0669,Jungle Block,Charaideo,LGD,94.9147096990202,27.125045965967054,99.98077,5.1537895,-0.00076005276,-0.12558775,0.2616152835583445,low
LGD_0670,Domar Dolong Grant,Charaideo,LGD,94.89191456075817,27.12220648563409,98.33731,3.0788438,-0.0021663825,-0.009375377,0.2392232532849559,low
LGD_0671,Parachoni Habi,Charaideo,LGD,94.88520334050926,27.10282492135948,96.42553,6.0849066,-0.00019975269,-0.019535854,0.2543745288135836,low
LGD_0672,Domar Dolong Habi,Charaideo,LGD,94.8676068655293,27.110690342250507,100.62158,4.83228,-0.00019433718,0.0025099362,0.246585559411349,low
LGD_0673,Sepon (CT),Charaideo,LGD,94.8493045149141,27.103325119659175,103.5223,3.6506355,0.0019076677,0.047945075,0.23647152394925872,low
LGD_0674,Tiphuk Kachari,Charaideo,LGD,94.86010932912713,27.093092736598923,102.07593,6.778659,-0.0024870166,0.014645084,0.2554769824673102,low
LGD_0675,Jajoli Pukhuri,Charaideo,LGD,94.86509063057073,27.0804752880097,96.2367,4.1494007,-3.8881193e-05,-0.052843288,0.24823178224532838,low
LGD_0676,Tiphuk Kachari,Charaideo,LGD,94.84236996263344,27.089730799741286,94.68122,6.460594,-0.009103461,-0.018787704,0.25709746769183256,low
LGD_0677,Jajoli Pukhuri,Charaideo,LGD,94.84120611919697,27.078240064830165,97.81114,7.8413258,-0.0060817795,-0.035745993,0.26602437503831594,low
LGD_0678,Doba Grant,Charaideo,LGD,94.89374988001403,27.08661863967688,98.552055,3.1596508,0.00032169203,0.107564226,0.22771669436057954,low
LGD_0679,Namoni Changmai,Charaideo,LGD,94.89466681514261,27.07035660216492,97.23268,0.2530804,-0.00020476175,-0.045934483,0.22912580410796324,low
LGD_0680,Tiphuk Habi,Charaideo,LGD,94.88590192621191,27.075837632880827,97.54577,6.3322663,-0.0027491052,-0.032096423,0.25746986642126984,low
LGD_0681,Niz Khaloi Ghugra,Charaideo,LGD,94.87861218383091,27.046701907302644,103.73471,6.1715713,-0.000950438,-0.05939687,0.2603470408347845,low
LGD_0682,Nahartoli,Charaideo,LGD,94.87263120951772,27.059407580230502,109.53852,6.6686616,0.0042057163,0.04320025,0.2522499950147554,low
LGD_0683,Mou Dumuni Gaon,Charaideo,LGD,94.8520457056226,27.059441805722308,99.071365,6.221683,-0.00034390076,0.00037947635,0.25341740544122454,low
LGD_0684,Deodhai,Charaideo,LGD,94.85776732359852,27.03687503643534,100.09188,6.7415223,-0.0031712444,0.011531607,0.25538568766424646,low
LGD_0685,Hati Barua,Charaideo,LGD,94.84939535171468,27.045682988864076,99.98999,3.8258753,-0.00090182613,0.007975061,0.2411449825778579,low
LGD_0686,Mohon Deodhai,Charaideo,LGD,94.8592336332382,27.02008190778056,103.00351,3.6686492,-0.002488679,0.016016651,0.24026015482552543,low
LGD_0687,Bhokot Bhajoni Pothar,Charaideo,LGD,94.86523855640749,27.00889073058964,98.41011,5.9533496,-0.0033125877,-0.027778232,0.25533550545126127,low
LGD_0688, ,Charaideo,LGD,94.87184267692254,27.00516849897304,99.804306,3.2240605,-0.00060529175,-0.057863835,0.24488364764862022,low
LGD_0689,Bheloguri Dubi Lakwa Chah Bagicha,Charaideo,LGD,94.88686828433538,27.031078226986864,99.78879,2.7086987,0.0010454907,0.31542394,0.20623265366305849,low
LGD_0690, ,Charaideo,LGD,94.89415862782282,27.009728164871103,101.52787,1.9742188,-0.0005564856,-0.10312732,0.24372555083620784,low
LGD_0691, ,Charaideo,LGD,94.90969864635763,26.999265410868293,106.4189,5.8424125,-0.0007978675,-0.016036406,0.25452277952458036,low
LGD_0692, ,Charaideo,LGD,94.92297478730322,27.02731460198231,104.41591,2.4749544,0.0024178638,0.05518457,0.23030197483336123,low
LGD_0693, ,Charaideo,LGD,94.91116335224173,27.026446526742735,104.570625,6.086112,0.0018105819,0.06652808,0.2464794507037837,low
LGD_0694, ,Charaideo,LGD,94.9010337682609,27.017804958238397,101.05428,6.809062,-0.00092143775,-0.049485017,0.262065357185498,low
LGD_0695,Lai Cheng Gaon,Charaideo,LGD,94.90085864478178,27.052009919703323,99.03842,5.2677035,-0.00018368928,0.043639466,0.24422501241746122,low
LGD_0696,Mohon Deodhai,Charaideo,LGD,94.9190728395651,27.057937030974166,99.01525,6.6317534,7.1773764e-05,-0.0076279053,0.2562400536733542,low
LGD_0697,Dhemaji Bil Gaon,Charaideo,LGD,94.92809915730676,27.05072701993138,99.93694,4.1615195,-0.0033888617,0.0062748436,0.24325395984378625,low
LGD_0698,Mohan Gaon & Suffry Rly. Stn.,Charaideo,LGD,94.93763859166273,27.026814630428476,102.05274,4.8529553,-0.00074669276,0.00794056,0.24643096016743213,low
LGD_0699,Ranga Pothar,Charaideo,LGD,94.94493913968533,27.000729148206783,102.52037,4.2288723,-0.00015096975,-0.056852244,0.25007216622100736,low
LGD_0700,Mohkhuti Pothar,Charaideo,LGD,94.97920468945178,27.029221409732326,106.113976,5.0320587,0.0012959428,0.020477692,0.2463963561328193,low
LGD_0701,Naphuk Gaon,Charaideo,LGD,94.97068845726199,27.01396794735056,103.10107,6.1182885,-0.0008350047,-0.023210213,0.2561149051803949,low
LGD_0702,Singoritol Bangali,Charaideo,LGD,94.99504603983748,27.016563730962297,107.51348,3.756818,0.0035511188,0.05577423,0.2366039443689488,low
LGD_0703,Sonari Grant,Charaideo,LGD,95.00918711821699,27.007831396039908,109.84054,5.131525,8.0532685e-05,0.04140723,0.24548908838768416,low
LGD_0704,Barahi Grant,Charaideo,LGD,94.9981710406505,27.02746065333248,99.5,7.9642262,-0.011146405,6.584003e-05,0.2637767004031291,low
LGD_0705,Barahi Grant,Charaideo,LGD,94.986608340976,27.041418566231677,104.30976,4.2790794,0.0029612018,0.07109852,0.2371219237493179,low
LGD_0706,Tiok Bangali,Charaideo,LGD,95.00796492603926,27.05232448575556,104.18775,3.346581,0.00036313906,-0.0008482334,0.24023807976033554,low
LGD_0707,Barahi Kachari,Charaideo,LGD,94.98394358610022,27.057389660297847,103.56777,5.2082386,0.00041778883,0.03409178,0.24556167675042112,low
LGD_0708,Erabari,Charaideo,LGD,94.97540099624385,27.06349975120639,98.5,8.818635,-0.0041457927,0.0004465455,0.2669658482084139,low
LGD_0709,Na-Gaon,Charaideo,LGD,94.96647152330182,27.049067038829055,101.17584,6.725799,0.00041479804,0.20794252,0.23486757139019318,low
LGD_0710,Suffry Grant,Charaideo,LGD,94.95566760819507,27.0349788267496,99.985435,7.304641,-0.0014938343,0.0057774587,0.25857239696879813,low
LGD_0711,Buragohain Bari,Charaideo,LGD,94.9615456210473,27.0763056831604,101.1326,5.315199,-0.0023127138,-0.019247783,0.25158038001873256,low
LGD_0712,Borbil No.1,Charaideo,LGD,94.96679414189471,27.091967464518127,100.20213,3.0312452,-3.0147905e-05,-0.13951376,0.25238184029929517,low
LGD_0713,Duwari Gaon,Charaideo,LGD,94.99097111610817,27.096695575650557,102.75447,4.6036882,-0.0015773631,-0.0007779384,0.24633605690243862,low
LGD_0714,Konwar Gaon,Charaideo,LGD,94.99068179746874,27.08046047816947,101.47664,6.8492193,-0.0020950807,-0.10485377,0.26848895314217147,low
LGD_0715,Japidhora Gaon,Charaideo,LGD,95.01904994874478,27.07131815714412,103.30788,8.308978,-0.0003883627,-0.1239938,0.27828566452974374,low
LGD_0716,Kakatibari Grant,Charaideo,LGD,95.03148238141381,27.07642215352671,105.46578,4.0752187,-0.0048001003,-0.014358704,0.24602122784467306,low
LGD_0717,Kakatibari Habi,Charaideo,LGD,95.03129677847106,27.08227354120465,104.197754,2.5012503,0.00011733045,-0.051620822,0.241359013864224,low
LGD_0718,Lukhurakhon Gaon,Charaideo,LGD,95.01885278999889,27.08784694901443,102.93649,3.2355788,0.00044841832,0.0485041,0.23454929743446556,low
LGD_0719,Dadhora Cheleng,Charaideo,LGD,95.01299003701696,27.10485740471572,103.75634,6.5902195,-0.004187903,-0.022789769,0.25900764578255664,low
LGD_0720,Deepling Pathar,Charaideo,LGD,95.02509480171652,27.120767734207178,109.48159,5.0867343,0.0011331924,0.0782727,0.24131249049080125,low
LGD_0721,Deepling Pathar,Charaideo,LGD,95.03734083148056,27.11576876835632,111.24762,5.502828,0.0037085307,0.014741635,0.2498047404073493,low
LGD_0722,Deepling Grant,Charaideo,LGD,95.03092739751854,27.108048779858287,105.89829,2.1120265,-0.00017137652,-0.14700568,0.24957123118011776,low
LGD_0723,Cheleng Habi,Charaideo,LGD,95.03224503490911,27.09803118835196,111.71796,8.627329,0.007068482,0.047372084,0.26159939595160664,low
LGD_0724,Kakati Bari Pathar,Charaideo,LGD,95.04031157059806,27.097889044418036,111.352745,4.6244287,0.0032680114,0.010015815,0.24606700499324496,low
LGD_0725, ,Charaideo,LGD,95.051014577289,27.10320875466079,105.60937,2.9338005,-0.000974694,0.030837547,0.23548474583344656,low
LGD_0726, ,Charaideo,LGD,95.04971835886684,27.115578405581743,104.44422,0.29140618,-0.00027313488,-0.12425552,0.2382093167444579,low
LGD_0727,Pohuchungi Pathar,Charaideo,LGD,95.05836698324352,27.118896846339705,115.7721,5.283688,0.0046126833,0.33156836,0.21792558814050716,low
LGD_0728,Saru Pathar No.1,Charaideo,LGD,95.06522492061802,27.11057939463552,106.219315,5.3336105,-0.0036229824,0.010903944,0.24953598182739303,low
LGD_0729,Bahboria Pathar,Charaideo,LGD,95.06864125055026,27.099909800496743,103.83206,6.057355,-0.00024081882,-0.110042065,0.2651231249631473,low
LGD_0730,Chowranga Bam,Charaideo,LGD,95.06213976469066,27.081791790110852,104.814125,0.22448602,9.178963e-05,-0.015816294,0.22717300464817647,low
LGD_0731,Bahboria Habi Gaon,Charaideo,LGD,95.05498185436473,27.09282293258644,113.831696,6.786082,0.0027688355,0.11959491,0.24579408006330702,low
LGD_0732,Hatimuria Pathar,Charaideo,LGD,95.04335324623753,27.08511423035254,109.33516,7.1067038,0.0016693443,0.046290334,0.25441188124539066,low
LGD_0733,Bhojo Gaon & Bhojo Rly. Stn.,Charaideo,LGD,95.04279295121201,27.069110533432344,105.5193,3.940302,-0.0030615034,-0.07934198,0.2518712355764533,low
LGD_0734,Na-Kachari,Charaideo,LGD,95.06868630180554,27.037278459222485,104.149994,3.4085207,0.0006738188,0.058409348,0.23453878492150346,low
LGD_0735,Teok Gaon,Charaideo,LGD,95.04829359170255,27.05140240011838,104.8563,1.5481156,-0.00013246365,-0.033237215,0.23510231957394845,low
LGD_0736,Tiok Bangali,Charaideo,LGD,95.02337225324425,27.05230849235948,103.05859,1.8665965,0.00014015155,0.0789171,0.22525643888531943,low
LGD_0737,Sonari (MB),Charaideo,LGD,95.01320959726156,27.032532823369802,105.91689,3.5333905,0.0016335275,-0.0009237864,0.24125061041612045,low
LGD_0738,Dakhin Sonari Habi,Charaideo,LGD,95.03485750798122,27.023830184415065,104.24517,5.1421824,-0.0014127542,0.011876793,0.24788066814443993,low
LGD_0739,Dakhin Sonari Habi,Charaideo,LGD,95.0286600751025,27.024250231581032,106.57244,7.657045,-0.0022978876,-0.07951822,0.27079974944703716,low
LGD_0740, ,Charaideo,LGD,95.01589991407876,27.01550641478993,99.5,7.087731,-0.008074029,-0.16038218,0.276339999740516,low
LGD_0741,Dakhin Sonari Habi,Charaideo,LGD,95.03272775761147,27.009335455970685,106.1459,3.7452939,0.0003664169,-0.060065277,0.24854741953473364,low
LGD_0742,Jobok Habi Gaon,Charaideo,LGD,95.04478967502934,27.00665846318927,110.958534,2.9197547,-0.0007476078,-0.023128914,0.2416657854135339,low
LGD_0743,Banfera Grant,Charaideo,LGD,95.0533544365881,27.029565705729784,107.318794,3.1306078,0.002952648,0.008559211,0.23841295286221925,low
LGD_0744,Joboka Chah Bagicha,Charaideo,LGD,95.05833530951871,27.00859699657457,110.78258,3.2404475,0.0024496594,0.011458723,0.23925644065140497,low
LGD_0745,Raidongia Gaon,Charaideo,LGD,95.08403218300826,27.0085237075727,108.562935,7.1486716,8.342112e-05,0.023025198,0.2571655921212229,low
LGD_0746,Laloti Pothar No.2,Charaideo,LGD,95.0882050274737,27.001174302814835,116.20001,6.147506,-0.00014598639,-0.015480084,0.25751671617876787,low
LGD_0747,Bairagi Habi,Charaideo,LGD,95.09284682885259,27.01833111556114,106.5688,5.1268325,-0.0014300323,0.010120449,0.2483652279452361,low
LGD_0748,Lekam Pothar Habi,Charaideo,LGD,95.08776734622327,27.02555835959792,106.32257,6.211329,-0.00049720815,0.01755353,0.2527750195693928,low
LGD_0749,Raidongia Na-Kachari,Charaideo,LGD,95.072990860894,27.0199274286535,109.637596,6.361663,0.0032455479,0.0020860557,0.2551856146019048,low
LGD_0750,Aideubari Kathoni,Charaideo,LGD,95.07419859915318,27.055373717081515,105.29356,2.0676363,-0.0010860701,0.064113975,0.2281141605761125,low
LGD_0751,Aideubari Bagicha Grant,Charaideo,LGD,95.09090197677209,27.04832593252964,114.91462,5.586525,0.0035848569,0.015933126,0.2507063224852153,low
LGD_0752,Tiokhabi Gaon,Charaideo,LGD,95.0965747847108,27.035681770718103,105.927124,3.5652716,0.0001766323,0.03311545,0.23815520329714931,low
LGD_0753,Aideu Bari Habi,Charaideo,LGD,95.10220514653626,27.05473616145823,110.98318,6.362684,0.0017242496,0.005968607,0.2552099938356411,low
LGD_0754,Jalah Gaon,Charaideo,LGD,95.11175773312107,27.059694465044373,107.84902,3.3043118,0.0004159596,0.16681285,0.22403464414479665,low
LGD_0755,Na- Joboka,Charaideo,LGD,95.12699529922463,27.047553239508634,114.45622,8.180507,0.003212064,-0.031667024,0.26885200222937866,low
LGD_0756,Dolakharia Gaon,Charaideo,LGD,95.1175749641222,27.035588755126614,107.37978,5.954295,0.00040663793,0.07522638,0.2455805240324895,low
LGD_0757,Purani Joboka,Charaideo,LGD,95.12011868636795,27.023228343558266,108.06889,5.3017993,-0.00019830327,-0.0036194136,0.25073114142354835,low
LGD_0758,Dolakharia Habi,Charaideo,LGD,95.10047813153392,27.027765464076097,106.27435,2.46803,3.368307e-05,-0.28174645,0.2656776971933746,low
LGD_0759,Bahbari Pothar,Charaideo,LGD,95.10534657368451,27.021019402645287,109.21795,3.815057,0.0008284392,0.034356855,0.23965701459310604,low
LGD_0760,Bahbari Gaon,Charaideo,LGD,95.10383210096747,27.010842764107434,108.24393,5.4263268,-0.00013215312,-0.0014521622,0.2511397165720203,low
LGD_0761,Tokalimora Bura Gaon,Charaideo,LGD,95.1264135444113,27.015366065981368,111.397896,7.417101,-0.0019082304,0.008288743,0.260831682687916,low
LGD_0762,Bali Jan Grant,Charaideo,LGD,95.14239384569979,27.005814012687715,136.91556,8.074686,-0.0010285628,-0.010864019,0.270464675275952,low
LGD_0763,Kanu Gaon No.6,Charaideo,LGD,95.1460674971682,27.02748536336335,110.749146,2.953218,-3.385491e-05,-0.08412998,0.24795297910534306,low
LGD_0764,Bali Jan Grant,Charaideo,LGD,95.15411203081325,27.01542065998497,129.68402,7.566741,0.000781827,0.0071140896,0.2644163766762136,low
LGD_0765,Kanubari Gaon No.7,Charaideo,LGD,95.18163626282274,27.03129602493763,124.44834,4.7308364,-0.0034055747,0.03263735,0.2472518535256516,low
LGD_0766,Lekam Pathar Habi,Charaideo,LGD,95.17177969005829,27.03161011227653,114.541794,3.2126672,-0.0005694267,0.02479398,0.23876426131512965,low
LGD_0767,Kanu Gaon No.6,Charaideo,LGD,95.16811499059844,27.020877574516433,124.99459,10.1804495,0.002388097,0.09594558,0.2671847025838516,low
LGD_0768,Kanu Gaon No.2,Charaideo,LGD,95.16054133792515,27.028509041819444,112.25585,2.7522504,-0.000445688,-0.015067908,0.24020997459985766,low
LGD_0769,Bhogbari Gaon,Charaideo,LGD,95.16920692508728,27.0431107205662,112.851036,6.0834255,-0.0010831304,0.01329629,0.2537356269063549,low
LGD_0770,Chatiyana Guri Borah,Charaideo,LGD,95.1761660495676,27.054667740225746,115.29062,5.500626,-0.00012930742,0.035025958,0.24885849394356274,low
LGD_0771,Chatiyana Guri Borah,Charaideo,LGD,95.15115501086875,27.05602799625217,114.224884,5.2545295,-0.0064744335,0.007509219,0.2511845140384074,low
LGD_0772, ,Charaideo,LGD,95.15034499761184,27.042404314629493,106.65858,0.9134724,-0.00093716383,-0.10587683,0.23976314834018822,low
LGD_0773,Lukhurakhon,Charaideo,LGD,95.13510529997522,27.035684944623753,111.6164,3.3357425,-0.0025213375,-0.04437247,0.2461920911968507,low
LGD_0774,Saru Pothar Gaon,Charaideo,LGD,95.13011503668692,27.061691220335952,107.27922,3.390025,-0.0012274047,-0.037758403,0.24490894373134633,low
LGD_0775,Hawfaw No.2,Charaideo,LGD,95.13754951701398,27.092991446146947,107.960915,2.8407004,-0.0014194773,-0.016345019,0.2402107239600625,low
LGD_0776,Garia Chiga Gaon,Charaideo,LGD,95.14459781593946,27.08020488251825,109.54942,6.1303353,-0.00045210603,-0.022360584,0.25709957304258574,low
LGD_0777, ,Charaideo,LGD,95.15177682670081,27.089446882281372,109.55933,2.8723493,-0.0017860208,-0.082631096,0.2474435213196597,low
LGD_0778,Borah Gaon,Charaideo,LGD,95.14691377558678,27.067625932999444,109.36159,4.8280153,-0.00017785875,0.01977984,0.24619152689587526,low
LGD_0779,Balikhatia,Charaideo,LGD,95.17606710264266,27.06971055654824,109.80402,5.873831,0.00044533354,0.18371558,0.23460043070452988,low
LGD_0780,Sapekhati F.V,Charaideo,LGD,95.17397934035398,27.086983231851956,112.00231,5.446696,-0.0018067451,-0.03202324,0.25528848914494817,low
LGD_0781,Garia Chiga Gaon,Charaideo,LGD,95.16203866186663,27.079022580475648,111.37853,5.9740086,0.0010097306,0.05720488,0.2480986783986226,low
LGD_0782,Bortimon,Charaideo,LGD,95.16345818172009,27.101477260727364,109.35617,3.6162536,-0.00035110177,0.04047591,0.23826555729210108,low
LGD_0783,Konwari Pothar,Charaideo,LGD,95.18205207989637,27.10037381719529,111.26988,1.9966713,-0.00022795284,-0.05087407,0.240026801266316,low
LGD_0784,Ghorajan T.E.No.2,Charaideo,LGD,95.18230483581925,27.11264141821147,112.07441,4.4872584,0.0007206183,0.14387445,0.23235291146618345,low
LGD_0785,Kathia Khunda No.2,Charaideo,LGD,95.18008033018212,27.12452060493939,110.19332,0.66647404,-0.00050650176,-0.7173895,0.30604802136094267,low
LGD_0786,Kathia Khunda No.1,Charaideo,LGD,95.15454913711874,27.11336337366279,112.2335,3.7729535,0.001763068,0.03980696,0.23925970709014274,low
LGD_0787,Hawfaw No.3,Charaideo,LGD,95.12999341062873,27.09916516607248,116.61244,3.7305093,0.008633831,0.12360875,0.23050953118202275,low
LGD_0788,Rohan Pothar No.2,Charaideo,LGD,95.12462079493486,27.120452696412492,108.16562,1.9001131,-0.00027849083,-0.11908948,0.24602941915373353,low
LGD_0789,Timon Bortani,Charaideo,LGD,95.10186834162842,27.11003402008457,107.37666,2.172759,4.769538e-05,0.025443992,0.23258112887583698,low
LGD_0790,Hati Pukhuri No.1,Charaideo,LGD,95.11548239830748,27.08387666053678,106.43836,6.8232512,-0.0017061463,0.034170836,0.25425567118737635,low
LGD_0791,Halua Gaon,Charaideo,LGD,95.12804719352253,27.07983588013587,107.385605,5.7981973,-0.003700926,-0.0049483515,0.25368966103679746,low
LGD_0792,Hati Pukhuri No.2,Charaideo,LGD,95.11188220050528,27.0874339130035,107.10952,5.8024707,0.00092916086,0.08507296,0.24372239169163282,low
LGD_0793,Ujan Longpotia No.1,Charaideo,LGD,95.10196852983637,27.09436725113641,106.25424,5.767497,-0.001554753,-0.062128644,0.2591006707871056,low
LGD_0794,Ujan Longpotia No.1,Charaideo,LGD,95.09936419504825,27.08768339206375,107.66332,4.75302,-0.0022510202,-0.0012886021,0.24800006386329643,low
LGD_0795,Longpotia Habi Gaon,Charaideo,LGD,95.09934567142844,27.07518356872791,107.64636,4.268257,0.00084231066,0.0036777968,0.2447115244804093,low
LGD_0796,Borhulla Habi Gaon,Charaideo,LGD,95.09064536252808,27.067330854343396,105.62137,7.726252,-0.0032888823,-0.16134493,0.28019414921652613,low
LGD_0797,Chowranga Bam,Charaideo,LGD,95.0853401177207,27.07418166813138,105.23865,3.3527563,7.311536e-05,0.053367864,0.2350245360486031,low
LGD_0798,Longpotia & Longpotia Rly. Stn.,Charaideo,LGD,95.08378116602398,27.089239486309467,109.75561,5.77955,-0.0026371886,0.020974178,0.251129368761934,low
LGD_0799,Timon Habi Grant,Charaideo,LGD,95.08581303841909,27.111416559334682,106.81557,7.2980185,0.0028577023,0.0112038255,0.2585010233101734,low
LGD_0800,Rongswal Pathar,Charaideo,LGD,95.08040654834494,27.11878150226527,105.9013,3.9197443,-0.0002927615,-0.06446051,0.24990926800908767,low
LGD_0801,Rangabam Habi Gaon,Charaideo,LGD,95.08047419453246,27.12970652101624,450.0,0.0,0.0,0.0,0.28096200578475433,low
LGD_0802,Hatibondha Pathar,Charaideo,LGD,95.09045294225866,27.127748875071763,450.0,0.0,0.0,0.0,0.28096200578475433,low
LGD_0803,Naharani Bam,Charaideo,LGD,95.10104553670025,27.132907934104807,450.0,0.0,0.0,0.0,0.28096200578475433,low
LGD_0804,Bhalukaguri Habi Gaon,Charaideo,LGD,95.10423957776763,27.123655357814854,108.18457,5.837982,-0.0063086743,0.005998022,0.2532228248974948,low
LGD_0805,Rohon Pothar No.1,Charaideo,LGD,95.14363964336916,27.12885795706008,122.95301,7.3760233,0.004814503,0.32027802,0.22961288758738155,low
LGD_0806,Sapekhati Gaon,Charaideo,LGD,95.18076768245567,27.142394251352744,114.041916,7.040016,-0.0060392097,-0.039775923,0.26509358036060326,low
LGD_0807,Pohuchungi Gaon,Charaideo,LGD,95.07040831430984,27.125824249766733,450.0,0.0,0.0,0.0,0.28096200578475433,low
LGD_0808,Khomon Gaon,Charaideo,LGD,95.06388421403062,27.13255067475609,450.0,0.0,0.0,0.0,0.28096200578475433,low
LGD_0809,Disaw F.V,Charaideo,LGD,94.99442126798003,27.128094684882665,105.960976,5.8108635,-0.0024223262,0.0111278435,0.2516635555092694,low
LGD_0810, ,Charaideo,LGD,94.96030981518827,27.168774405851547,103.01234,2.242611,-0.0008002697,-0.011824944,0.23604746625442694,low
LGD_0811,Solmari Gaon,Charaideo,LGD,94.97380198315949,27.18489129071133,450.0,0.0,0.0,0.0,0.28096200578475433,low
LGD_0812,Bokpora,Charaideo,LGD,94.9516088874503,27.19185736214093,109.20132,6.0781984,0.00506576,0.048687786,0.24859741125497195,low
LGD_0813,Dakhin Borpothar,Charaideo,LGD,94.95916559419112,27.202230504527623,450.0,4.5568504,0.0015343954,-0.047140453,0.3111035234116497,low
LGD_0814,Majpothar,Charaideo,LGD,94.96302818668958,27.21749735022713,450.0,0.0,0.0,0.0,0.28096200578475433,low
LGD_0815,Borpothar,Charaideo,LGD,94.96927631731793,27.20829095610229,450.0,0.0,0.0,0.0,0.28096200578475433,low
LGD_0816,Noloni Bam,Charaideo,LGD,94.97122323890513,27.198078086508783,450.0,0.0,0.0,0.0,0.28096200578475433,low
LGD_0817,Bhekuri Chapari,Sivasagar,LGD,94.73739363479257,27.264719082863923,450.0,15.0,0.0,0.0,0.36686112951077654,low
LGD_0818,Lai Bill,Sivasagar,LGD,94.72431230125144,27.259654562329192,450.0,15.0,0.0,0.0,0.36686112951077654,low
SOI_0000,LOKHO,Mon,SoI,95.2027883,26.9162679,742.5273,36.26426,-0.0059076776,0.004012346,0.5667037203395883,moderate
SOI_0001,NOKYAN,Mon,SoI,95.1990743,26.8964415,826.9457,36.46926,0.004246544,0.059427798,0.576641002718082,moderate
SOI_0002,YANNYU,Mon,SoI,95.201473,26.8822633,893.7424,32.67722,0.0050759637,0.003923762,0.5738279023606048,moderate
SOI_0003,Angphang,Mon,SoI,94.9807748,26.4988197,1642.3546,29.202665,-0.0006180021,-0.072437555,0.7112822204186856,high
SOI_0004,Chingtang(Changlang),Mon,SoI,94.9540787,26.4983488,1440.1765,27.67368,0.000546735,0.012141833,0.6544052746527075,high
SOI_0005,Yangching,Mon,SoI,94.9508727,26.4938759,1428.3131,32.957214,-0.0037489098,0.0128994165,0.6834350426601824,high
SOI_0006,Angcangya,Mon,SoI,94.9491392,26.483151,1229.3997,22.100721,-0.0003969875,-0.002978681,0.5789373996365728,moderate
SOI_0007,Chuchung,Mon,SoI,94.9413396,26.4768194,1203.1036,30.344166,-0.0051562525,-0.0098210545,0.6269919836341578,high
SOI_0008,Jakphang,Mon,SoI,94.931435,26.4610257,1159.709,28.194992,0.0054905973,-0.008413636,0.6027345830325598,moderate
SOI_0009,Piphima Basa,Kohima,SoI,93.9489311,25.7473433,811.8755,27.557335,0.0038403315,0.07619096,0.513209735981944,moderate
SOI_0010,Piphima Bawe,Kohima,SoI,93.9682222,25.7466015,1103.6342,30.751389,0.0049307058,0.07282708,0.596466336465349,moderate
SOI_0011,Sirhima,Kohima,SoI,93.8945163,25.7396244,397.16595,9.139585,-0.00040958775,-0.013906872,0.3235653077582479,low
SOI_0012,New Souilanoma,Dimapur,SoI,93.8676035,25.721023,377.74268,1.8265424,0.00050517684,0.024874194,0.27517703478283173,low
SOI_0013,Khaibung,Dimapur,SoI,93.8642757,25.7121013,389.85672,1.9464377,-0.00046191592,-0.0017110483,0.2810154262807017,low
SOI_0014,Sachenobama,Dimapur,SoI,93.8751722,25.7239451,389.8854,7.31929,0.0012521589,0.083055854,0.3001662041052755,low
SOI_0015,Zhuikhu Bawe,Dimapur,SoI,93.8848461,25.7024413,600.3953,24.214653,0.0025741593,0.010699694,0.45485644915609175,moderate
SOI_0016,New Maova,Dimapur,SoI,93.8638762,25.6889709,436.0769,5.138646,0.0018917071,0.07817388,0.29702830193171376,low
SOI_0017,Tsuuma,Dimapur,SoI,93.8691109,25.6876629,459.7303,8.786668,0.002318357,0.051442783,0.32505227568978723,low
SOI_0018,Hekhezhe,Dimapur,SoI,93.8765375,25.6900535,515.889,17.114538,0.0005910361,-0.0048666345,0.39394248570346113,low
SOI_0019,Zhuikhun Basa,Dimapur,SoI,93.874409,25.6886257,496.23203,15.888652,-0.0008948652,-0.008881915,0.38302660817506734,low
SOI_0020,Thekrezenama,Kohima,SoI,93.9306709,25.701415,869.5721,24.29028,5.772102e-05,-0.01068762,0.5169761965347305,moderate
SOI_0021,Mezoma Basa,Kohima,SoI,93.9790308,25.706251,1655.8624,30.801651,-0.0006009259,-0.008897907,0.7150598875492578,high
SOI_0022,Lalmati,Kohima,SoI,93.9928658,25.7356551,927.18915,21.347239,0.00902697,0.018522017,0.504492733772215,moderate
SOI_0023,Dzulake (PWD),Kohima,SoI,93.9558668,25.6210019,1792.6963,26.26054,0.0010515451,0.009226084,0.7126326843293148,high
SOI_0024,Micro Hydel,Peren,SoI,93.915956,25.6112283,1483.2063,39.749672,-0.0057823844,0.011453023,0.7306369908241676,critical
SOI_0025,Zekwera,Dimapur,SoI,93.9211605,25.6201451,1736.258,33.7796,-0.0012565352,0.03278569,0.7398828600479045,critical
SOI_0026,Zekwera,Peren,SoI,93.9009325,25.6047785,1564.9242,29.610472,0.0017026525,0.013743458,0.6890675283406948,high
SOI_0027,Poilwa (Kenoma),Peren,SoI,93.9092434,25.5802024,1830.8708,35.143654,0.0065321326,0.0134123145,0.7628525943372876,critical
SOI_0028,Benreu,Peren,SoI,93.8585656,25.5729369,1883.003,33.850822,-0.0004262991,0.014143564,0.7657001969049556,critical
SOI_0029,New Poilwa,Kohima,SoI,93.9260531,25.5823875,1891.9459,25.602194,0.0033815068,0.032424267,0.723607375449411,critical
SOI_0030,Helegam,Kohima,SoI,93.958241,25.5547197,1411.0596,31.76694,0.005930495,0.0024163025,0.673107675070141,high
SOI_0031,IMPAI (NAGA),Peren,SoI,93.7180831,25.4166682,1302.7286,39.514816,0.00925607,-0.0102524385,0.6977300358284145,high
SOI_0032,NKIALWA NAGA,Peren,SoI,93.6438748,25.4311642,1600.7004,18.828417,0.0034040564,0.12205231,0.6182934261525584,moderate
SOI_0033,BAUPUNGWA NAGA,Peren,SoI,93.6549761,25.4079909,1228.1874,19.59097,-0.0068885908,-0.024343614,0.5665840518540606,moderate
SOI_0034,AZAILONG (NAGA),Peren,SoI,93.6439254,25.4179233,1614.6915,25.167263,0.002155587,0.027236113,0.6713722875828276,high
SOI_0035,RANI COLONY NAGA,Peren,SoI,93.6411067,25.4093879,1431.9586,19.886978,-0.0008430124,0.038315866,0.6018771456500619,moderate
SOI_0036,TAPEIN (DUPEMA) NAGA,Peren,SoI,93.6593757,25.3463184,900.85785,31.781786,0.0019583644,-0.010886959,0.5721371354333499,moderate
SOI_0037,KANDUNG (NAGA),Peren,SoI,93.7053332,25.3763743,1036.3032,34.536934,0.0026866598,0.024130926,0.613115374150248,moderate
SOI_0038,NZAO NAGA,Peren,SoI,93.6374917,25.3128306,1318.9656,47.432693,-0.00066796044,-0.007415161,0.7434693921972823,critical
SOI_0039,New Khunophung,Peren,SoI,93.6133551,25.2131966,298.72363,10.893527,0.00081147364,0.10009056,0.30136932919258186,low
SOI_0040,Ngaulong,Peren,SoI,93.4765339,25.3246767,1312.021,29.793154,0.007998694,-0.0012036174,0.6422403430303079,high
SOI_0041,NAMTSI NGAULONG NAGA,Peren,SoI,93.5052142,25.2988301,1497.6128,37.432465,-0.005784377,-0.060002256,0.7289104872108626,critical
SOI_0042,LALONG NAGA,Peren,SoI,93.5399071,25.2854146,1572.9315,33.9185,-0.0016111581,0.011201235,0.7149683382904825,high
SOI_0043,Njauna,Peren,SoI,93.5704613,25.2425713,1300.6705,35.80119,2.3448682e-05,0.008359451,0.6755656309507344,high
SOI_0044,NTU (INTUMA) NAGA,Peren,SoI,93.6116884,25.2668519,1089.9861,34.130814,0.0011007036,0.0010515272,0.6248599839143582,high
SOI_0045,CHAMCHA NAGA,Peren,SoI,93.6066253,25.3040071,1211.8865,40.249123,0.0023920895,-0.056602377,0.6916088409916699,high
SOI_0046,NSUNG NAGA,Peren,SoI,93.5558516,25.3213001,1258.1069,25.17918,-0.001792166,-0.0059289904,0.6051072275626286,moderate
SOI_0047,MECHANGBUNG,Peren,SoI,93.5244718,25.3364693,1484.1122,37.32066,0.009654231,0.012554367,0.7156927720727966,high
SOI_0048,NKIO (INKYO) NAGA,Peren,SoI,93.5743644,25.3931571,1633.495,32.502205,-0.0047213016,-0.05340282,0.7257139103098685,critical
SOI_0049,TENING (HEIMA),Peren,SoI,93.6033982,25.3544675,1331.4089,35.00876,0.0017959557,-0.0014543565,0.6777552528555073,high
SOI_0050,TENING (HEIMA) NAGA,Peren,SoI,93.618098,25.3586118,1441.8529,40.71485,-0.0035226778,-0.02227503,0.7319311904135215,critical
SOI_0051,NCHANGRAMNAGA,Peren,SoI,93.63377,25.3980262,1370.1439,29.611818,0.00492791,-0.021132383,0.6556505294877978,high
SOI_0052,Phaikulum,Peren,SoI,93.4707785,25.4380619,729.97754,22.124786,0.00078625104,0.01921674,0.46827614705522086,moderate
SOI_0053,Sangau,Peren,SoI,93.4632733,25.4094075,654.44586,81.35125,-0.0016852005,-0.0044117006,0.7986627227402111,critical
SOI_0054,Nkio,Peren,SoI,93.44854,25.4430622,481.6187,83.5664,-0.08864469,0.003979772,0.7931188051341479,critical
SOI_0055,Phaikulum,Peren,SoI,93.4501367,25.4392324,450.0,0.0,0.0,0.0,0.28096200578475433,low
SOI_0056,Sailhem,Peren,SoI,93.438264,25.451264,440.20117,76.51553,-0.0009781301,-0.039572228,0.7472877544922064,critical
SOI_0057,Khelma,Peren,SoI,93.4133636,25.4656034,462.83102,15.664588,-0.00598651,-0.026063219,0.3779175585131605,low
SOI_0058,Ikesingram,Peren,SoI,93.4576149,25.4852226,532.43335,32.197887,0.010878318,0.040772807,0.4867759176668485,moderate
SOI_0059,KHALJANG KUKI,Peren,SoI,93.5178192,25.4635588,552.4398,16.765469,-0.002833101,-0.01142298,0.4007913580421925,low
SOI_0060,Soget,Peren,SoI,93.4673285,25.4919272,445.13657,15.331081,0.0007162238,0.008518453,0.3666857588832376,low
SOI_0061,Pellhang,Peren,SoI,93.5671735,25.561308,439.28964,20.645597,-0.00044186856,0.006507738,0.3989128272812586,low
SOI_0062,Lilen,Peren,SoI,93.6069194,25.6429039,253.95663,4.1646914,-0.00049714645,0.038470894,0.26478713332357523,low
SOI_0063,Phanjang,Peren,SoI,93.6240155,25.643126,272.6851,5.689283,0.00036111122,0.043995682,0.2751537018810334,low
SOI_0064,Phaizol,Peren,SoI,93.6082278,25.6140158,321.4088,8.190468,-0.0015122216,0.026361268,0.2995214284600801,low
SOI_0065,New Chalkot,Peren,SoI,93.6253186,25.6094744,396.9317,26.094137,-0.0027582124,-0.10396722,0.44011404705732526,moderate
SOI_0066,Vongkithen,Peren,SoI,93.5908469,25.599972,404.218,14.252402,-0.0009194992,0.030691843,0.34946502452906625,low
SOI_0067,Inbung,Peren,SoI,93.6096144,25.5570203,701.63745,21.081135,0.0009630698,0.013423584,0.4561227632383417,moderate
SOI_0068,Athibung,Peren,SoI,93.6203662,25.547671,728.18024,16.527458,-0.01683763,-0.018482527,0.4397586906108543,moderate
SOI_0069,Songlhuh,Peren,SoI,93.6133713,25.5467204,704.78174,17.218979,0.0024473872,0.08376977,0.4219575043813963,low
SOI_0070,New Beisumpui,Peren,SoI,93.5418457,25.5403771,347.53067,7.0253983,-0.002424341,-0.06425621,0.30860705258324306,low
SOI_0071,Bongkolong,Peren,SoI,93.5286594,25.5376965,363.6937,7.469673,0.003048716,0.07461393,0.29694952324255364,low
SOI_0072,Pasompui (Nisampi),Peren,SoI,93.5490362,25.5105307,819.4274,34.69391,-0.0015093241,0.039032836,0.5674054506154945,moderate
SOI_0073,Tatpuiluwa,Peren,SoI,93.5609571,25.5175283,753.3232,22.48281,0.007454031,-0.0020473327,0.4774152149189686,moderate
SOI_0074,Old Beisumpui,Peren,SoI,93.5684057,25.5203605,896.2489,30.708208,-0.00226122,-0.0068040546,0.5644235923082327,moderate
SOI_0075,SONGSANG,Peren,SoI,93.6178576,25.4626063,1397.1447,24.159876,0.00470685,0.038561642,0.6203983439675836,high
SOI_0076,MBAULWA (NAGA),Peren,SoI,93.6464891,25.4547137,1450.8612,28.667463,0.0015789587,0.019026844,0.6613397193265927,high
SOI_0077,TESEN BAMGO (NAGA),Peren,SoI,93.6702567,25.4663662,1409.8696,42.99193,-0.0004478811,0.043364067,0.7306521797066068,critical
SOI_0078,New Peren,Peren,SoI,93.6652694,25.539398,897.7643,25.85463,-0.0067809178,-0.007456116,0.5340864583008432,moderate
SOI_0079,Peren,Peren,SoI,93.734617,25.5382862,1343.3999,21.044323,0.0013196636,0.012433346,0.593806133999025,moderate
SOI_0080,Old Peren,Peren,SoI,93.7385731,25.5120436,1442.8666,31.360851,0.003928211,0.16644691,0.6569356838764726,high
SOI_0081,Puilwa,Peren,SoI,93.7576896,25.4730424,1311.1307,28.363651,-0.00023561918,-0.04464986,0.6403209666961789,high
SOI_0082,Namtsi Puilwa,Peren,SoI,93.7912135,25.4795894,1042.7784,15.802256,0.0027731822,0.016981956,0.4944649625432037,moderate
SOI_0083,Peletkie(Lakema),Peren,SoI,93.7583205,25.5640194,1346.9479,30.375858,0.007599093,0.029705007,0.6488148608135414,high
SOI_0084,Lamhai,Peren,SoI,93.7821405,25.6005007,1283.4642,31.128103,-0.009927445,0.0059828847,0.6466256264397315,high
SOI_0085,Ndunglwa,Peren,SoI,93.7913234,25.5611103,1541.7704,22.793442,0.0028436615,0.012302092,0.6448824288829716,high
SOI_0086,Pedi (PWD),Peren,SoI,93.828115,25.5958037,1577.83,31.170303,0.00083102606,0.01363728,0.7002742495661338,high
SOI_0087,Ngwalwa,Peren,SoI,93.8197699,25.6117007,1372.9401,43.586975,0.0027324175,0.06585157,0.7244825625587058,critical
SOI_0088,Gaili,Peren,SoI,93.8331864,25.6220584,1062.581,35.50653,0.0060957777,0.014841784,0.6251317503854913,high
SOI_0089,New Gaili,Peren,SoI,93.8176119,25.6530548,653.50165,21.382168,0.00038578044,0.015267759,0.4475945881275838,moderate
SOI_0090,Gaili,Peren,SoI,93.8086199,25.657964,493.12503,8.363514,-0.00038217515,0.028005728,0.3322806472149863,low
SOI_0091,Hetageme Agricultural Farm,Peren,SoI,93.7819037,25.6518983,491.4333,19.484499,-0.004659449,-0.01767318,0.40639998859695414,low
SOI_0092,Hainakui,Peren,SoI,93.7813182,25.6103722,937.69696,18.672194,0.0021435092,-0.0047327946,0.4936585725968719,moderate
SOI_0093,Dungki,Peren,SoI,93.7367064,25.6399304,550.97217,11.666527,0.0037197864,0.5295417,0.3011162081208327,low
SOI_0094,Deukoram,Peren,SoI,93.7346079,25.6160528,525.7776,20.38928,0.0012295255,-0.0019858256,0.4162377890386953,low
SOI_0095,Upper Jalukie,Peren,SoI,93.7286152,25.5702408,1129.552,40.025867,-0.0051915566,-0.013220953,0.6707941919560824,high
SOI_0096,Lower Jalukie,Peren,SoI,93.709251,25.5931431,651.4835,19.895937,-0.005160891,-0.015741972,0.44274657694077796,moderate
SOI_0097,Kejang Lo,Peren,SoI,93.6817121,25.5860055,721.2623,23.31947,0.001706333,0.0020125443,0.4764272118055027,moderate
SOI_0098,Chalkot,Peren,SoI,93.6369763,25.5528073,740.929,20.962772,0.011137888,0.008220906,0.4627199892367157,moderate
SOI_0099,Saijang,Peren,SoI,93.6456633,25.6172745,383.13202,16.420006,0.0053252736,-0.0047918977,0.3618073919170069,low
SOI_0100,Thenjol,Peren,SoI,93.6621002,25.6096758,378.16434,11.215002,-0.0012748,0.015571937,0.32846829815365564,low
SOI_0101,Jalukie B,Peren,SoI,93.6837177,25.6246595,363.60303,3.6704514,-0.00075570587,-0.0024755378,0.2857177952861057,low
SOI_0102,Jaluke,Dimapur,SoI,93.666598,25.6510079,339.8222,7.594477,-0.0036705958,-0.0044071586,0.3035041139751712,low
SOI_0103,Samjuram,Peren,SoI,93.6526638,25.6352502,334.03235,2.878239,-0.0004920175,-0.032080982,0.2795910379646621,low
SOI_0104,Jalukie Lo,Dimapur,SoI,93.6515425,25.6776251,315.5101,17.327473,0.007881907,-0.013888229,0.35454965879407896,low
SOI_0105,KIYEVI,Dimapur,SoI,93.6839926,25.6825126,360.79935,23.261173,-0.0041847657,-0.0070377244,0.4015152767959508,low
SOI_0106,Ghoto,Dimapur,SoI,93.6480929,25.720642,214.35635,4.8263807,0.0023287977,0.13466974,0.25095201110862936,low
SOI_0107,Akaheto,Dimapur,SoI,93.6857302,25.739596,207.11473,6.7827983,0.00071969576,-0.012538714,0.27574577602707406,low
SOI_0108,Pimla,Dimapur,SoI,93.6634068,25.7371357,204.23103,5.6582594,0.0006452041,0.07632466,0.259817657776103,low
SOI_0109,Zutovi,Dimapur,SoI,93.6651418,25.7322271,205.28307,3.9533875,-0.0032228811,-0.053724363,0.2658239992485968,low
SOI_0110,Mhainamtsi,Dimapur,SoI,93.70345,25.6710028,324.4377,4.0959315,0.00015150635,-0.04652468,0.28592122466787473,low
SOI_0111,New Jaluke,Dimapur,SoI,93.6962441,25.6627968,325.00748,4.2670836,0.00086354173,0.11947059,0.2683850788958647,low
SOI_0112,Kureh,Dimapur,SoI,93.6923285,25.6635166,319.9142,4.8301134,-0.0012884316,0.029481225,0.28069313445492716,low
SOI_0113,Kiyevi,Peren,SoI,93.7287684,25.6700433,440.88388,12.821216,-0.0011592973,-0.06209972,0.3599508420384933,low
SOI_0114,New Poilwa,Peren,SoI,93.7637022,25.6645241,415.2307,21.013416,-0.012909329,-0.004715223,0.3998578251979177,low
SOI_0115,Poilwa,Peren,SoI,93.7597226,25.6716414,398.02637,26.438046,-0.0014173815,-0.084754296,0.43971267895772936,moderate
SOI_0116,Heningkunglwa,Peren,SoI,93.775007,25.6682956,501.2173,8.146468,0.004163828,1.0183895,0.22288457363472375,low
SOI_0117,New Ngwalwa,Peren,SoI,93.783755,25.6620159,519.79486,10.250361,-0.00074225385,-0.015944565,0.35421047780757764,low
SOI_0118,Itwopungluzai,Peren,SoI,93.7943164,25.6629699,509.68237,9.852143,0.0019764164,0.03700591,0.34273939546271753,low
SOI_0119,Punglwa,Dimapur,SoI,93.8546262,25.6626846,689.8785,23.099655,0.0009512911,0.004177281,0.4680430095047756,moderate
SOI_0120,Punglwa,Dimapur,SoI,93.8441411,25.6750414,455.5664,9.454436,-0.0031600047,-0.07056681,0.3440820523144004,low
SOI_0121,Maova,Dimapur,SoI,93.84722,25.7017893,363.91827,7.3721676,-0.002634357,-0.10063061,0.3179937885429707,low
SOI_0122,New Ruzaphema,Dimapur,SoI,93.8351886,25.7085052,332.50046,2.1911457,0.00031076575,0.009715972,0.27098829031689703,low
SOI_0123,Chathe,Dimapur,SoI,93.8456963,25.7125603,355.66367,2.4265506,-0.0014806499,-0.0025813626,0.2778299213754131,low
SOI_0124,Bungsang,Dimapur,SoI,93.8324666,25.7358555,419.88727,16.211311,-0.0008203538,0.044026464,0.3626642216843313,low
SOI_0125,Molvon,Dimapur,SoI,93.8486197,25.7381593,403.30286,23.017374,0.0013689374,0.012609783,0.4052647733197914,low
SOI_0126,Razepema,Dimapur,SoI,93.7897835,25.7155214,512.0091,23.504688,-0.01190741,0.0023556477,0.43502951197888773,moderate
SOI_0127,Old Dayapur,Dimapur,SoI,93.6039632,25.7469031,178.02402,6.117215,-0.0038026483,0.01989942,0.2644207667263751,low
SOI_0128,Toshozu,Dimapur,SoI,93.5928666,25.7164111,232.16139,9.97546,-0.0015258106,-0.029598456,0.299636883023888,low
SOI_0129,Lothavi,Dimapur,SoI,93.6184503,25.7375315,191.88681,6.049591,-0.0038792049,-0.014622965,0.2701859276785296,low
SOI_0130,Jalukie zangdi,Dimapur,SoI,93.5593521,25.7006883,215.398,15.527608,0.0067520896,0.03260616,0.3190513439608078,low
SOI_0131,Livemphai,Dimapur,SoI,93.5647293,25.6856076,202.84866,11.610752,-0.00013569476,0.021914883,0.29712168958355234,low
SOI_0132,Buisumpuikam,Dimapur,SoI,93.5421476,25.6962346,200.96207,11.055675,0.0015147979,0.025804302,0.29305479787106486,low
SOI_0133,Manglumukh,Dimapur,SoI,93.5476466,25.722925,198.54997,7.225639,0.0056550447,0.17962806,0.2551121664949574,low
SOI_0134,Hajadisa,Dimapur,SoI,93.5572906,25.733131,188.69676,13.898848,-0.002641502,-0.0061662216,0.3109137507174704,low
SOI_0135,New Hajadisa,Dimapur,SoI,93.5664591,25.7424569,176.64052,85.05244,-0.05962187,-0.059672598,0.7563942657602072,critical
SOI_0136,WANGLA,Mon,SoI,95.0054331,26.8070937,762.35187,34.994083,-0.001660848,-0.008159367,0.5636407813786511,moderate
SOI_0137,HONGPHOI,Mon,SoI,95.0215224,26.7815019,694.6283,22.031994,0.0025455896,0.020113176,0.45961239983271207,moderate
SOI_0138,TUIMEI,Mon,SoI,95.0747687,26.8163273,552.52936,20.45353,-0.0028471535,-0.062169146,0.43117098874177323,moderate
SOI_0139,PHUKTONG,Mon,SoI,95.069306,26.7795099,1002.6547,38.318584,-0.0028904942,-0.0046550953,0.6342589716214625,high
SOI_0140,LONGPHO,Mon,SoI,95.1221747,26.7599998,1109.5259,28.309301,-0.0073347674,0.061203573,0.5858753949934682,moderate
SOI_0141,NYASA,Mon,SoI,95.1785187,26.7672068,1234.0608,31.451221,-0.0032186683,0.0004438779,0.6383413834330223,high
SOI_0142,ZANGKHAM,Mon,SoI,95.1872201,26.8126842,1098.0751,37.125366,-0.004475384,0.014326805,0.643943456812277,high
SOI_0143,SANGNYU,Mon,SoI,95.1354734,26.7722206,1087.6003,15.7205305,0.0030292817,0.015227362,0.5038396990495231,moderate
SOI_0144,ZAKHO,Mon,SoI,95.1010381,26.8229862,561.2138,31.073994,-0.0020895647,0.044231374,0.4874713475407456,moderate
SOI_0145,TIKANG,Mon,SoI,95.0897484,26.8609233,365.08087,19.442335,0.0018428682,-0.056098837,0.3839403757167725,low
SOI_0146,SANGSA,Mon,SoI,95.1248703,26.8494846,739.8555,29.592463,0.0037746308,0.018362056,0.5189858521609994,moderate
SOI_0147,ZANGKNAM,Mon,SoI,95.1722708,26.8418566,938.75024,29.550152,0.0026857299,0.06733554,0.5550064332210815,moderate
SOI_0148,LONGTING,Mon,SoI,95.1657948,26.8952079,842.22107,37.263012,0.012089937,-0.019491114,0.5941719515713513,moderate
SOI_0149,TELLA,Mon,SoI,95.1378103,26.9088898,336.89,22.487333,-0.001125662,-0.02757329,0.3938852567643841,low
SOI_0150,SANGSA,Mon,SoI,95.102554,26.8852873,258.95972,27.327702,-0.004562233,-0.011545456,0.40664263365896614,low
SOI_0151,LAPALAMPONG,Mon,SoI,95.0619219,26.9179395,117.25484,2.28758,0.00022033,-0.009816022,0.2381610686337783,low
SOI_0152,LAPA,Mon,SoI,95.0323713,26.8990936,521.2539,19.354965,0.0006179091,0.0010428821,0.4084038054689234,low
SOI_0153,TIZIT,Mon,SoI,95.0774036,26.8899366,144.00241,6.6069365,0.0005263932,-0.016094927,0.26446567888477013,low
SOI_0154,TIKANG,Mon,SoI,95.0722176,26.8579229,175.78772,14.407528,-0.007454728,0.0015666707,0.3111973568283721,low
SOI_0155,TAKUMPATHAR,Mon,SoI,95.0087738,26.9172378,116.21147,3.755763,0.0008193244,-0.0398968,0.2480798464702774,low
SOI_0156,YANPAN,Mon,SoI,95.1070307,26.9477998,125.60546,9.510864,-0.0065335743,-0.1605104,0.2937079799252044,low
SOI_0157,SAKO,Mon,SoI,95.1205348,26.978334,174.17493,21.453873,0.022923455,0.025306677,0.34395303372358776,low
SOI_0158,NAITONG,Mon,SoI,95.1421812,26.9356517,169.00081,5.115222,-0.005401476,-0.0060809297,0.26082025687308213,low
SOI_0159,JOBOKA,Mon,SoI,95.1514919,26.9341217,184.5132,22.254562,-0.006319322,-0.031896017,0.3628276131672544,low
SOI_0160,YANSA (JABAKA),Mon,SoI,95.1787959,26.932164,806.8196,30.683945,-0.003780488,-0.00682367,0.5453912922803086,moderate
SOI_0161,NOKJONG,Mon,SoI,95.1833143,26.9682041,423.81085,35.043564,0.0016508623,0.0043483675,0.48861711921385464,moderate
PMGSY_0000,Diezephe,Dimapur,PMGSY,93.7044091666665,25.83706249999975,155.41747,5.381294,0.00071554224,-0.15214568,0.2749033821318361,low
PMGSY_0001,Dhansiripar,Dimapur,PMGSY,93.62474354166638,25.782141458333,167.86919,4.6992,0.0016205532,0.04533774,0.2521559615106402,low
PMGSY_0002,Darogapathar,Dimapur,PMGSY,93.75697238095185,25.88991119047557,148.85114,4.918469,-0.0019568284,-0.108387604,0.26696320485991293,low
PMGSY_0003,Darogajan,Dimapur,PMGSY,93.75140249999974,25.922424999999997,144.7375,6.7398257,-0.00057781895,-0.045902845,0.26865804169539986,low
PMGSY_0004,Chumukedima Village,Dimapur,PMGSY,93.76305,25.789983333332998,195.89757,7.3910856,0.006639034,0.101372786,0.2637050534435991,low
PMGSY_0005,Chumukedima New,Dimapur,PMGSY,93.80579555555533,25.771267777777336,236.79091,32.12454,0.0012176175,0.012567405,0.42834939259783134,low
PMGSY_0006,Chekiye village,Dimapur,PMGSY,93.758856333333,25.874658999999703,165.75209,4.307372,0.0019295976,-0.033869527,0.2581552670839679,low
PMGSY_0007,Bamunpukhri,Dimapur,PMGSY,93.78276388888867,25.927468333333,139.86246,3.923674,-0.0008863283,-0.0095531,0.24982045289673174,low
PMGSY_0008,Eralibil,Dimapur,PMGSY,93.77516055555499,25.888223333333002,151.6301,8.022544,-0.006134334,-0.012021999,0.273569457395598,low
PMGSY_0009,Ekranipathar,Dimapur,PMGSY,93.783958333333,25.898749166666498,153.46283,4.6538887,-0.0022319818,0.24280608,0.23013365324669882,low
PMGSY_0010,Dubagaon,Dimapur,PMGSY,93.7846919999998,25.9022409999996,151.39777,5.103639,0.0014445187,-0.09160408,0.2660511339048663,low
PMGSY_0011,Doyapur,Dimapur,PMGSY,93.60415888888834,25.761635555555163,181.4609,6.073106,0.0020284776,0.010081381,0.26502333738842365,low
PMGSY_0012,Domokhia,Dimapur,PMGSY,93.77382944444366,25.960763333332995,139.77008,82.37567,-0.045129567,0.046652947,0.7234076636494987,critical
PMGSY_0013,Diphupar B,Dimapur,PMGSY,93.75530944444382,25.854533888888835,180.27849,5.447987,-0.0026837748,-0.004214384,0.26382726369529036,low
PMGSY_0014,7th Mile Model Village,Dimapur,PMGSY,93.77795833333317,25.830622499999503,178.80777,4.4574275,-0.00037029246,-0.029890792,0.2609800493027788,low
PMGSY_0015,Tsungiki,Wokha,PMGSY,94.33937583333301,26.1115316666665,1015.081,31.116604,0.0026306396,0.0010730597,0.5902538651855977,moderate
PMGSY_0016,Sungro,Wokha,PMGSY,94.33526611111067,26.267601666666334,967.25305,26.735134,-0.0005687559,-0.0009609749,0.5527736524095139,moderate
PMGSY_0017,Khaibung,Dimapur,PMGSY,93.8721966666665,25.709715000000003,414.9564,17.369183,-0.00074720825,-0.0023960806,0.37472595801082736,low
PMGSY_0018,Kashiram Ao,Dimapur,PMGSY,93.6885474999995,25.899557499999503,177.20372,11.494669,-0.0020465949,0.026113003,0.2916705017534102,low
PMGSY_0019,Kacharigaon,Dimapur,PMGSY,93.693415833333,25.895075833333003,184.91164,14.508524,-0.0021851028,0.06380674,0.305288184103557,low
PMGSY_0020,Jornapani,Dimapur,PMGSY,93.8463074999995,25.75648041666625,322.9638,33.834526,-0.00995899,0.0026093198,0.4612135887887285,moderate
PMGSY_0021,Englan,Wokha,PMGSY,94.251946666666,26.173443333332997,879.83295,31.191303,-0.001983929,-0.024838392,0.566452820257529,moderate
PMGSY_0022,Elumyo,Wokha,PMGSY,94.195383333333,26.087628333333,941.9899,29.467342,-0.0031505432,0.011659259,0.5637991064040894,moderate
PMGSY_0023,Doyang,Wokha,PMGSY,94.26304527777734,26.233188611110833,324.0,23.57068,0.0,0.0,0.3941688930871142,low
PMGSY_0024,Chukitong,Wokha,PMGSY,94.31849312499962,26.1147568749995,1132.5575,13.951356,0.0031768,0.012336324,0.5023404484074239,moderate
PMGSY_0025,Bhandari HQ,Wokha,PMGSY,94.12026205375,26.286794996249874,309.19104,23.128649,-0.007293378,-0.008151117,0.3906604550264822,low
PMGSY_0026,Baghty,Wokha,PMGSY,94.19569885142857,26.248676196666715,304.29672,17.421286,-0.005160451,0.0304355,0.3494158802543754,low
PMGSY_0027,Akuk Old,Wokha,PMGSY,94.244743333333,26.25696,930.0083,42.17566,0.0056665735,0.006076252,0.6403296603653353,high
PMGSY_0028,Aitepyong,Wokha,PMGSY,94.2514716666665,26.3021841666665,1093.121,26.983812,0.006709941,0.004588301,0.5791420890577013,moderate
PMGSY_0029,Yikhum,Wokha,PMGSY,94.2430499999995,26.162316666666,865.8403,35.340527,-0.003219168,-0.032158718,0.5912626278184921,moderate
PMGSY_0030,Sankitong,Wokha,PMGSY,94.17204000000001,26.017140833333002,1169.563,34.311935,-0.003714561,-0.054119255,0.6497644381237777,high
PMGSY_0031,Vankhosung,Wokha,PMGSY,94.2433649999995,26.1126599999995,1483.7488,28.132988,-0.0014440812,-0.0040172976,0.667895148003218,high
PMGSY_0032,Ruchayan,Wokha,PMGSY,94.011238333333,26.149448333333,141.0588,20.85115,-0.0018197105,-0.003996455,0.3415642175582452,low
PMGSY_0033,Riphyim Old,Wokha,PMGSY,94.2645449999995,26.181245833333,1068.8545,32.507767,0.012284981,0.06727956,0.5997833985745091,moderate
PMGSY_0034,Zhavame Zhamai,Phek,PMGSY,94.30847179166666,25.51584806,1940.158,21.162115,-0.00096383586,-0.00092671387,0.7128359470897124,high
PMGSY_0035,Ralan New,Wokha,PMGSY,94.014180015,26.01603674,725.83057,28.82579,0.005177606,-0.08561002,0.5250609018775833,moderate
PMGSY_0036,Pongitong,Wokha,PMGSY,94.18762333333301,26.058399999999665,854.62463,26.866354,-0.0029118191,0.0010705909,0.5295254198975177,moderate
PMGSY_0037,Industrial Village,Dimapur,PMGSY,93.69835055555534,25.90588999999967,167.63037,5.529768,-0.0026319537,0.020370318,0.2594834763238674,low
PMGSY_0038,Ikishe,Dimapur,PMGSY,93.74243833333333,25.85029888888867,194.87906,11.482569,0.0030746935,0.0054900856,0.2963986953809277,low
PMGSY_0039,Zavachu,Phek,PMGSY,94.24721614,25.53470917,1626.3737,36.982597,-0.004451933,0.0059782807,0.7410390504945453,critical
PMGSY_0040,Zapami,Phek,PMGSY,94.2509512654356,25.5313171753472,1626.4504,34.476128,-0.008395916,-0.017386058,0.731330157867679,critical
PMGSY_0041,Hovishe,Dimapur,PMGSY,93.97921166666667,25.931877777778,206.20068,12.800448,-0.0009535182,-0.03319999,0.3109364601325403,low
PMGSY_0042,Yoruba,Phek,PMGSY,94.338476472,25.738241816000006,1683.3572,24.627928,0.011725368,0.017168364,0.6810280318543408,high
PMGSY_0043,Manglamukh,Dimapur,PMGSY,93.54753833333267,25.719751111110668,191.12022,6.926129,-0.0026341942,-0.038236517,0.27705468286079543,low
PMGSY_0044,Yesisotha,Phek,PMGSY,94.7168216666665,25.696025833333,1000.1184,23.56234,0.001072452,0.03398644,0.5340694942015867,moderate
PMGSY_0045,L. Hotovi,Dimapur,PMGSY,93.769568333333,25.949043333333,141.8674,52.56282,-0.0024649815,0.0031396456,0.5433433589059666,moderate
PMGSY_0046,Kushiabil,Dimapur,PMGSY,93.75348777777732,25.932092222221666,144.76259,4.9134974,8.7792454e-05,0.0020173662,0.2541812408129352,low
PMGSY_0047,Kukidolong,Dimapur,PMGSY,93.82425666666626,25.766099583332746,272.81366,15.007062,-0.0005786755,0.008314656,0.3310757562422635,low
PMGSY_0048,Kiyeto,Dimapur,PMGSY,93.630278333333,25.7923599999995,161.38908,5.7102213,-0.00029741545,-0.28712016,0.29307233344761296,low
PMGSY_0049,Bade,Dimapur,PMGSY,93.67371041666625,25.8224441666665,158.05345,8.2402315,-0.0019073398,-0.11193241,0.2864009856424052,low
PMGSY_0050,Khriezephe,Dimapur,PMGSY,93.72974083333301,25.831851666666502,153.48412,1.1331221,0.0004100137,-0.024276111,0.2397918095698019,low
PMGSY_0051,Aoyimkum,Dimapur,PMGSY,93.6939616666665,25.885066666666,184.41492,10.90011,0.0028477893,0.0054027815,0.29138517036310624,low
PMGSY_0052,Aoiyimti,Dimapur,PMGSY,93.76550874999924,25.889276666666248,150.57394,3.8831437,0.0008903747,-0.011096066,0.25128637100050105,low
PMGSY_0053,7th Mile village,Dimapur,PMGSY,93.77422444444365,25.84434333333333,183.59967,4.616665,0.0005401223,0.0083061205,0.25838622632069447,low
PMGSY_0054,Yanthamo,Wokha,PMGSY,94.28623791666625,26.068556666666495,1405.8428,22.1272,-0.00025437627,-0.012509911,0.6170989858860699,moderate
PMGSY_0055,Tsungza,Wokha,PMGSY,94.1845308333335,26.0616525,746.74475,19.54832,0.002485994,0.005729059,0.4566241960631757,moderate
PMGSY_0056,Hekishe,Dimapur,PMGSY,93.875250833333,25.692223333332997,458.93915,18.544247,-0.016111843,-0.01681628,0.3955547452356207,low
PMGSY_0057,Phiro,Wokha,PMGSY,94.182703333333,26.000141666666,1319.7449,29.807453,0.011768508,-0.015535648,0.6450667316733154,high
PMGSY_0058,Naharbari,Dimapur,PMGSY,93.75156685185145,25.900403333333,147.6682,7.017425,-0.0028688356,-0.024685843,0.2686003437088672,low
PMGSY_0059,Nagarjan,Dimapur,PMGSY,93.73344688888847,25.8940146666664,150.58861,4.384998,0.0030885139,-0.024761457,0.25491582714656,low
PMGSY_0060,Niroyo,Wokha,PMGSY,94.266053333333,26.062948333333,1672.4989,30.734665,0.0039061524,-0.02356709,0.7186270267326957,critical
PMGSY_0061,Murise,Dimapur,PMGSY,93.69494541666624,25.84116291666625,166.89243,7.4391494,-0.0036905955,-0.010236523,0.27261081354096767,low
PMGSY_0062,Molvum,Dimapur,PMGSY,93.85575299999961,25.736039666666404,354.71414,12.634331,0.0016479585,0.00057690835,0.3336003095083274,low
PMGSY_0063,Model village 5th Mile,Dimapur,PMGSY,93.76917111111032,25.858762777777333,164.25175,3.9187996,-0.00021611484,0.021669088,0.2504254270972642,low
PMGSY_0064,Moava,Dimapur,PMGSY,93.85299499999975,25.69759249999975,379.98334,3.7702081,-0.003950779,-0.050169654,0.295103453934286,low
PMGSY_0065,Medziphema village,Dimapur,PMGSY,93.882100555555,25.75901766666627,460.86096,9.962902,-0.006422802,-0.0009285741,0.33995649122051114,low
PMGSY_0066,Ruzaphema,Dimapur,PMGSY,93.7930316666664,25.7094513333328,499.59567,33.012512,0.0025388426,0.017624626,0.4897056680802317,moderate
PMGSY_0067,Razaphe,Dimapur,PMGSY,93.677571666666,25.787072222221997,168.35506,7.2306385,-0.0036935434,-0.01589044,0.2723983222614896,low
PMGSY_0068,Purana Bazar,Dimapur,PMGSY,93.75037692982426,25.907530877192734,147.16116,3.2631578,0.0018088027,-0.011040743,0.2475552622896334,low
PMGSY_0069,New Wokha Village,Wokha,PMGSY,94.28232111111066,26.11991666666633,1240.3644,24.523083,0.005067031,-0.014836721,0.5972962832871291,moderate
PMGSY_0070,Waziho,Phek,PMGSY,94.71591333333299,25.672811666666,1210.4114,31.038177,-0.0030478018,-0.010623351,0.6324717526846508,high
PMGSY_0071,Upper Khomi,Phek,PMGSY,94.40027470499999,25.664748175,1541.0806,31.816387,0.004881206,0.014255303,0.6964558150980963,high
PMGSY_0072,Tsupfume Chobami,Phek,PMGSY,94.319975592737,25.5489539391245,1907.7827,19.369156,0.0004732294,0.114101104,0.6833550584059588,high
PMGSY_0073,Thipuzu,Phek,PMGSY,94.27265550187069,25.629233518091002,1718.0952,39.89237,0.0047574197,0.020280095,0.7672424737192951,critical
PMGSY_0074,Thevopisu,Phek,PMGSY,94.34438353,25.704857778,1834.9126,30.564074,-0.011156351,-0.051477548,0.7503019649039117,critical
PMGSY_0075,Thetsumi,Phek,PMGSY,94.39284237361,25.552696317480336,1762.0713,31.36114,0.007946475,-0.0026922454,0.7344475116339004,critical
PMGSY_0076,Thenyizumi,Phek,PMGSY,94.25126839333332,25.6570126,1597.3773,22.562088,0.004131455,0.013309747,0.6541360361116271,high
PMGSY_0077,Terhutsesemi,Phek,PMGSY,94.37015926917675,25.79796251414125,1474.5006,36.555435,-0.00018664567,0.0009190757,0.7126419698577764,high
PMGSY_0078,Longtsung,Wokha,PMGSY,94.12144,26.110612500000002,622.326,35.117565,-0.0016879403,0.0018829704,0.5330156210352381,moderate
PMGSY_0079,Longsachung,Wokha,PMGSY,94.2635774999995,26.0403649999995,1516.0216,44.20537,-0.0021608374,-0.026676286,0.761675862346783,critical
PMGSY_0080,Longsa,Wokha,PMGSY,94.252384583333,26.06135708333275,1392.564,33.846653,-0.00039954958,0.0028503046,0.6824709337678337,high
PMGSY_0081,Liphi,Wokha,PMGSY,94.26028,26.09233,1406.0642,19.315832,-0.0012442162,-0.009910346,0.5993765756306904,moderate
PMGSY_0082,Lakhuti,Wokha,PMGSY,94.24198777777734,26.295659999999998,803.415,38.71803,0.007970366,0.02168454,0.5904752365368274,moderate
PMGSY_0083,L. Yanthung,Wokha,PMGSY,94.1159949999995,26.04908,284.78586,15.219866,0.0025811158,0.015838876,0.3331914129397386,low
PMGSY_0084,Koro,Wokha,PMGSY,94.308068333333,26.12209,1230.6057,44.102398,0.0008506962,0.020973833,0.7074807040284139,high
PMGSY_0085,Humtso,Wokha,PMGSY,94.20596833333275,26.0902424999995,1094.1707,38.475586,-0.0029725784,-0.004795197,0.653425102887876,high
PMGSY_0086,Piphema Old,Dimapur,PMGSY,93.96283541666624,25.75126291666625,873.65173,27.508526,0.0005074605,-0.0007860861,0.5374761780028906,moderate
PMGSY_0087,Piphema New,Dimapur,PMGSY,93.95828944444433,25.750812222222333,914.2227,23.50765,0.0017418505,-0.0049733147,0.5204163221937249,moderate
PMGSY_0088,Pimla,Dimapur,PMGSY,93.6746459999996,25.736990666666195,207.54736,3.7843564,0.0026170274,0.106718495,0.24758714549689256,low
PMGSY_0089,Pherima,Dimapur,PMGSY,93.9205016666662,25.7761059999996,673.8979,23.453749,0.002535134,-0.003826677,0.4677323270266302,moderate
PMGSY_0090,Phapijan,Dimapur,PMGSY,93.7464425,25.887150833333003,156.96866,5.1261873,-0.00012580519,-0.07280303,0.26529424019326925,low
PMGSY_0091,Padampukheri,Dimapur,PMGSY,93.76117309523764,25.900707142856714,142.90816,4.6608996,-0.005410882,-0.12381506,0.266788213876649,low
PMGSY_0092,Sovima,Dimapur,PMGSY,93.75902749999975,25.8456760416665,192.69356,5.921232,-0.0010508191,-0.19620253,0.28952377593555134,low
PMGSY_0093,Sodzulhou,Dimapur,PMGSY,93.774628333333,25.84288041666625,180.0586,7.8325577,-0.0020658348,-0.021009387,0.2779089165125625,low
PMGSY_0094,Sochunoma,Dimapur,PMGSY,93.87431666666667,25.722410555555665,384.8694,9.024781,0.0016547438,0.07851674,0.30920685927000185,low
PMGSY_0095,Sirhima,Dimapur,PMGSY,93.89399666666651,25.739574166666,394.28998,8.676981,-0.0031307668,-0.03524809,0.3233757832992689,low
PMGSY_0096,Singrijan,Dimapur,PMGSY,93.72014694444432,25.840718888888663,153.21431,7.3381605,-0.00013399645,-0.0230111,0.2706382563698821,low
PMGSY_0097,Signal Angami,Dimapur,PMGSY,93.71548928571386,25.89190857142814,154.87872,3.6098785,-3.4177032e-05,0.06661674,0.24275477580754826,low
PMGSY_0098,Shozukhu,Dimapur,PMGSY,93.77495722222234,25.956247777778,141.14174,4.72251,-0.0015780006,0.010868542,0.2519371986908371,low
PMGSY_0099,Shoxuvi,Dimapur,PMGSY,93.7076206666662,25.760274333333,181.03368,10.603198,0.00027715653,-0.06675862,0.2978517055121866,low
PMGSY_0100,Shitovi,Dimapur,PMGSY,93.68965499999968,25.779408333333,175.60034,2.310435,-0.0013752481,-0.025416302,0.2493996728113384,low
PMGSY_0101,Senjum,Dimapur,PMGSY,93.69604833333301,25.8898366666665,196.50156,13.349731,0.002800885,0.013529035,0.3061207121532984,low
PMGSY_0102,Mungya,Wokha,PMGSY,94.359170833333,26.0833233333335,1041.9174,41.04579,0.0028959916,0.022323372,0.6540992210604122,high
PMGSY_0103,Moilan,Wokha,PMGSY,94.067775,26.064358333333,853.96173,37.269287,0.005489509,-0.010580723,0.5966102065290212,moderate
PMGSY_0104,Meriyan,Wokha,PMGSY,94.12703055555566,26.039982222221997,260.97845,14.304511,-0.008756001,-0.055505645,0.3338537689127173,low
PMGSY_0105,Sangtamtilla,Dimapur,PMGSY,93.71017611111067,25.853627499999664,155.44933,10.902539,-0.001217754,-0.02039073,0.28976911776144704,low
PMGSY_0106,Wokha village,Wokha,PMGSY,94.26172499999967,26.111365555555334,1425.6119,22.23215,0.004452324,0.03256536,0.615097631737938,moderate
PMGSY_0107,Vidima,Dimapur,PMGSY,93.713004444444,25.789439444444,176.13074,4.3832,0.0024162894,0.22198945,0.2338323226531319,low
PMGSY_0108,Ura,Dimapur,PMGSY,93.68694083333301,25.821165833332998,159.81314,6.270174,-0.00041105362,-0.03243637,0.26731387844850873,low
PMGSY_0109,Tsuma,Dimapur,PMGSY,93.8684108333335,25.6901116666665,440.5221,6.4660807,3.81061e-05,0.011128738,0.3134000185544592,low
PMGSY_0110,Tsethrongse,Dimapur,PMGSY,93.70294833333301,25.8418291666665,165.22787,20.786648,-0.0033939893,-0.030372282,0.34948050114739343,low
PMGSY_0111,Toshezu,Dimapur,PMGSY,93.59542083333349,25.7175825,232.02219,8.639728,0.00039804104,-0.031053957,0.2921839121241371,low
PMGSY_0112,Toluvi B,Dimapur,PMGSY,93.77650638888849,25.91417222222167,148.2323,4.419299,0.0025224348,0.11388395,0.2404576958140225,low
PMGSY_0113,Thilixu,Dimapur,PMGSY,93.74495694444416,25.8788527777775,169.48465,5.689851,-0.0004914391,-0.0027224529,0.26277996745631116,low
PMGSY_0114,Thahekhu,Dimapur,PMGSY,93.71817916666633,25.874839583333,144.10118,13.509273,-0.0010615163,-0.00019730628,0.2996042272552714,low
PMGSY_0115,Tenyiphe II,Dimapur,PMGSY,93.76628888888833,25.81768055555533,177.5955,3.5978312,-0.0035296152,-0.031370692,0.257036121770239,low
PMGSY_0116,Tenyiphe I,Dimapur,PMGSY,93.77256833333301,25.838365555555338,182.30627,4.3197336,9.031528e-05,0.01720087,0.25580196293665675,low
PMGSY_0117,Shaki,Wokha,PMGSY,94.18088,26.010204999999,1430.3325,26.11112,0.002336183,-0.009649849,0.6455847074662422,high
PMGSY_0118,Chede Model,Kohima,PMGSY,94.15140633333334,25.686635823333333,1376.9009,30.40765,-0.010428157,0.006779989,0.6606594256404965,high
PMGSY_0119,Botsa,Kohima,PMGSY,94.15575449370972,25.855394776252,1418.6285,26.177265,0.0041874032,0.014867737,0.6402296307957458,high
PMGSY_0120,4th NAP Thiza,Kohima,PMGSY,94.109240454521,25.741333966844337,1345.4127,16.401632,-0.003212544,0.028899182,0.5630706616382404,moderate
PMGSY_0121, Nerhe Model,Kohima,PMGSY,94.130516355689,25.786385587445,1289.9695,23.816847,-0.003240828,-0.014473411,0.604536571321383,moderate
PMGSY_0122,Zutovi,Dimapur,PMGSY,93.668407777777,25.732397222221664,205.54463,5.0219555,-0.0007036763,-0.0015277296,0.26534663195545954,low
PMGSY_0123,Lotsu,Wokha,PMGSY,94.08071087555534,26.07716693555533,674.487,31.679005,0.010270001,-0.007316573,0.5209151069417914,moderate
PMGSY_0124,Diphupar,Dimapur,PMGSY,93.77037936507932,25.869298730158665,167.41568,3.35686,0.00019848597,-0.019776503,0.25243286308710516,low
PMGSY_0125,Zhuikhu,Dimapur,PMGSY,93.87522111111099,25.705163333333,432.96664,13.448106,-0.002578153,0.0046604867,0.35389182242504597,low
PMGSY_0126,Zani,Dimapur,PMGSY,93.784901666666,25.933648333333,143.11084,5.203126,-0.0035053408,-0.029333005,0.25916579030296694,low
PMGSY_0127,Khekiho,Dimapur,PMGSY,93.574933888889,25.746840555555337,186.78688,8.554878,0.00585326,0.05384198,0.27344477104239356,low
PMGSY_0128,Wozhuro,Wokha,PMGSY,94.1829116666662,26.005202333333,1319.7015,20.459883,-0.0027855989,-0.018702036,0.5900143258158522,moderate
PMGSY_0129,Sanis HQ,Wokha,PMGSY,94.198865333333,26.2055939999994,685.738,23.714684,-0.001547265,-0.034916613,0.477022173862151,moderate
PMGSY_0130,Kigwema,Kohima,PMGSY,94.11628260707418,25.605249210735167,1591.4984,31.575155,0.012853718,0.0025944014,0.7044574096382852,high
PMGSY_0131,Kidima,Kohima,PMGSY,94.183601202,25.57185968,1466.1917,27.265076,-0.0034056604,-0.18096644,0.6813914884631322,high
PMGSY_0132,Khuzama,Kohima,PMGSY,94.13035322654143,25.544120257092427,1630.3041,35.59575,0.012038231,0.015579893,0.7313031092888015,critical
PMGSY_0133,Khonoma,Kohima,PMGSY,94.02074743216133,25.645797296900835,1511.7466,21.672815,-0.00043841713,0.012227646,0.6326365208539128,high
PMGSY_0134,Kezoma,Kohima,PMGSY,94.19378518,25.60078001,1532.494,27.288887,0.0025834148,0.00423573,0.6706911075270401,high
PMGSY_0135,Kezo Basa,Kohima,PMGSY,94.1941552,25.67721654,1039.9489,19.292467,-0.0008096036,0.009475176,0.5184423488490238,moderate
PMGSY_0136,Keruphe Bawe,Kohima,PMGSY,94.01950301462,25.723550436735,1362.4165,24.564545,0.0038936797,0.02844851,0.6172637487415964,moderate
PMGSY_0137,Kashanyu,Kohima,PMGSY,94.206648825,25.88745323,1309.0635,83.89221,-0.0032431588,-0.035871807,0.8839885897970754,critical
PMGSY_0138,Jotsoma,Kohima,PMGSY,94.07191159548984,25.6674716815385,1645.8224,23.986334,0.0017520603,-0.012561768,0.6754023606575414,high
PMGSY_0139,Jakhama,Kohima,PMGSY,94.1251837641981,25.586964902046773,1602.2053,15.278422,-0.00029257464,-0.009158666,0.6143805616792256,moderate
PMGSY_0140,Gariphema Basa,Kohima,PMGSY,94.227631022564,25.813952263614,1286.4255,38.191814,0.0041506765,0.1337001,0.6707247537226777,high
PMGSY_0141,Dihoma,Kohima,PMGSY,94.1956886813165,25.737193799550504,1358.8146,28.519743,0.001907524,-0.026612297,0.6480919141315872,high
PMGSY_0142,Chunlikha,Kohima,PMGSY,94.23646222666666,25.98495158,1184.7135,18.98271,0.0018636715,-0.025797479,0.5520140732890245,moderate
PMGSY_0143,Chiephobozou,Kohima,PMGSY,94.131446939339,25.792702384615875,1308.1692,25.13804,0.002658124,0.03755149,0.608693047033424,moderate
PMGSY_0144,Chiechama,Kohima,PMGSY,94.13994133125425,25.81155421562125,1405.8134,24.948553,0.0037654936,-0.01121757,0.6336116592225904,high
PMGSY_0145,Chedema,Kohima,PMGSY,94.14386611285714,25.680017787142855,1493.327,23.239775,0.0048416574,0.0117174825,0.6376644896562144,high
PMGSY_0146,Phesama,Kohima,PMGSY,94.111748642,25.627618292,1556.6715,22.345497,-0.0010798173,-0.026884792,0.6507422257838364,high
PMGSY_0147,Phenshenyu,Kohima,PMGSY,94.16863118500001,25.92912599,1331.2181,29.672598,0.0034685156,-0.008660313,0.647016400483235,high
PMGSY_0148,Phekerkriema Bawe,Kohima,PMGSY,94.039885337201,25.883523383534,1120.9474,39.57001,0.014199193,0.008320154,0.660728049673655,high
PMGSY_0149,Phekerkriema Basa,Kohima,PMGSY,94.13657914032251,25.8582940024755,1305.1139,27.309364,0.014494027,0.0723113,0.615021784348473,moderate
PMGSY_0150,Pfuchama,Kohima,PMGSY,94.13042894,25.64328829,1443.37,25.306145,-0.007396286,-0.006863388,0.6445708949944108,high
PMGSY_0151,Peducha,Kohima,PMGSY,94.0146463704785,25.736392635049167,961.581,17.73095,0.00064513297,-0.015061827,0.49435372111158327,moderate
PMGSY_0152,Nerhema,Kohima,PMGSY,94.11808843495267,25.780263873451002,1422.5155,28.585226,0.0029578898,-0.0052409912,0.6581376652018199,high
PMGSY_0153,Nachama,Kohima,PMGSY,94.147784611273,25.823022155360498,1431.474,31.055548,0.0024876194,-0.0033404268,0.674133405332635,high
PMGSY_0154,Mitelephe,Kohima,PMGSY,94.16433088,25.61881742,1244.9478,24.89802,0.007036053,0.011419652,0.5967805059637713,moderate
PMGSY_0155,Mima,Kohima,PMGSY,94.142864855,25.609923795,1586.1254,20.886345,0.001508148,0.018549612,0.6416356928863791,high
PMGSY_0156,Mezoma,Kohima,PMGSY,94.0176418275766,25.672393927701002,1574.5398,34.87419,0.01131917,0.002533521,0.7194421320077832,critical
PMGSY_0157,Meriema,Kohima,PMGSY,94.09381666694333,25.716818589400663,1362.8406,24.528885,0.00023613102,0.0130295055,0.61976362689731,moderate
PMGSY_0158,Kohima,Kohima,PMGSY,94.111328430625,25.68102652875,1536.6924,20.954588,0.0022203252,0.032045223,0.6302797040305125,high
PMGSY_0159,Kiruphe Basa,Kohima,PMGSY,94.0219341108205,25.7247429480095,1264.0018,24.706205,0.0010401125,0.0055407295,0.6013503108034521,moderate
PMGSY_0160,Kijumetouma Bawe,Kohima,PMGSY,94.2305922443305,25.76530461163725,1129.2303,27.937132,0.00035419245,-0.0017973463,0.5947605029975722,moderate
PMGSY_0161,Kijumetouma Basa,Kohima,PMGSY,94.227146572104,25.7616300834235,1114.4667,29.233446,-0.00013498534,0.17695925,0.5759500960888451,moderate
PMGSY_0162,Zhadima,Kohima,PMGSY,94.065252764587,25.792381952481747,1363.6273,23.67796,-0.006500821,-0.014540381,0.6193945120075329,moderate
PMGSY_0163,Viswema,Kohima,PMGSY,94.14079767409144,25.56164478235411,1734.522,33.47844,0.0076572625,0.012144575,0.739046058289698,critical
PMGSY_0164,Viphoma,Kohima,PMGSY,94.007508005789,25.840421144588,1270.1359,38.226055,-0.0009491303,-0.00016818034,0.6848412504429572,high
PMGSY_0165,Tuophema,Kohima,PMGSY,94.17946474086234,25.84437073003633,1452.6173,27.758698,0.0009375067,-0.012873286,0.6603980166771979,high
PMGSY_0166,Tsiemekhuma Bawe,Kohima,PMGSY,94.133646174523,25.885097206780003,1273.3865,24.51679,0.005622972,0.016886158,0.5998135865455698,moderate
PMGSY_0167,Tseminyu Old ,Kohima,PMGSY,94.2082908575,25.913084362499998,1313.0078,32.24416,0.001873359,0.0017745985,0.6577002216179691,high
PMGSY_0168,Tseminyu  Hdq,Kohima,PMGSY,94.2221234175,25.9229456725,1198.073,26.314034,-0.0070132655,-0.053268623,0.6069559354183537,moderate
PMGSY_0169,Touphe Phezou,Kohima,PMGSY,94.176930727454,25.8342715069995,1305.8297,23.786324,0.0030651188,0.031687975,0.6004282122650666,moderate
PMGSY_0170,Tesophenyu,Kohima,PMGSY,94.21326852000001,25.970638102499997,1513.831,32.287132,0.004027524,0.0035996013,0.6954527541292697,high
PMGSY_0171,Terogunyu,Kohima,PMGSY,94.19908346333334,25.895979326666666,1553.1984,39.633705,-0.0008527695,-0.001126679,0.7424877054649737,critical
PMGSY_0172,Sendenyu,Kohima,PMGSY,94.12509747499999,25.902958575,1316.6433,26.311756,0.012391747,0.005891827,0.6202458127273994,high
PMGSY_0173,Seiyhama Basa,Kohima,PMGSY,94.110372095944,25.863732999325666,1488.7808,28.298697,-0.0017316812,0.014349534,0.6676149534016254,high
PMGSY_0174,Sechu Zubza,Kohima,PMGSY,94.037071372243,25.713193485375502,994.0918,25.66066,-0.0021708652,-0.029756056,0.5557767382329606,moderate
PMGSY_0175,Sakhabama,Kohima,PMGSY,94.1940296,25.67488309,1065.8782,21.353006,-0.0007109843,0.0042639356,0.5382307969226855,moderate
PMGSY_0176,Rusoma,Kohima,PMGSY,94.14134048282524,25.726384119546246,1421.4028,23.567406,-3.44921e-06,0.0072254348,0.6265510764289732,high
PMGSY_0177,Phezha,Kohima,PMGSY,94.089951733963,25.7741665618295,1360.8557,22.251312,-0.0007116557,-0.016434072,0.609215386365382,moderate
PMGSY_0178,Chuchuyimpang,Mokokchung,PMGSY,94.55115149471257,26.333872129637854,1371.677,22.059244,0.006693126,0.014145979,0.6049427275350017,moderate
PMGSY_0179,Chuchuyimlang hq,Mokokchung,PMGSY,94.63948874999949,26.460346041666376,960.5834,27.23669,0.00053103425,0.025217725,0.5508175989140696,moderate
PMGSY_0180,Chuchuyimlang,Mokokchung,PMGSY,94.646835833333,26.471105833333,1040.092,27.673748,0.0002901334,-0.008309416,0.5752107034860969,moderate
PMGSY_0181,Chubayimkum,Mokokchung,PMGSY,94.55895832,26.23692407,1164.4408,29.244722,0.011275652,0.028514303,0.6044247876297006,moderate
PMGSY_0182,Changtongya Old,Mokokchung,PMGSY,94.682421905,26.542408086666498,924.66547,25.055815,-0.0005758972,-0.006040825,0.5333694530577613,moderate
PMGSY_0183,Changtongya Hq,Mokokchung,PMGSY,94.67650257246974,26.534091554082377,741.447,24.44336,0.0009468009,0.0032608812,0.48812929133271915,moderate
PMGSY_0184,Changki,Mokokchung,PMGSY,94.38805083333301,26.419697083332746,887.478,26.696974,-0.00020918074,-0.008631689,0.5363653750565727,moderate
PMGSY_0185,Changdang,Mokokchung,PMGSY,94.45631416666649,26.589246666666,653.46387,36.85776,0.008265999,-0.0017878482,0.5498032733827479,moderate
PMGSY_0186,Chakpa,Mokokchung,PMGSY,94.660466666666,26.409719166666,1055.2292,33.857037,-0.0022602356,0.0026639858,0.6164281049754345,moderate
PMGSY_0187,Asangma,Mokokchung,PMGSY,94.58996694535,26.558016766793667,507.94327,31.488262,0.0018308335,0.06556835,0.4750063157127092,moderate
PMGSY_0188,Anakiyimsen,Mokokchung,PMGSY,94.71315444999999,26.737156795,171.90918,8.606068,-0.00071482186,-0.00077617407,0.2781232935110347,low
PMGSY_0189,Alongtaki Compound,Mokokchung,PMGSY,94.4365891666665,26.553965833333002,633.93634,33.317818,-0.002097908,0.030379957,0.5198748566659074,moderate
PMGSY_0190,Alongkima,Mokokchung,PMGSY,94.514224166666,26.5405883333325,896.6544,33.231712,-0.002262271,0.0072723925,0.5788281275546057,moderate
PMGSY_0191,Alichen,Mokokchung,PMGSY,94.44888535142857,26.270896197142854,1211.6823,23.695635,-0.0044065095,0.056054004,0.5781250548883248,moderate
PMGSY_0192,Aliba,Mokokchung,PMGSY,94.43704463,26.379645545000002,985.4985,29.675856,-0.009250349,0.01983132,0.57434966201789,moderate
PMGSY_0193,Ziezou,Kohima,PMGSY,94.056534737962,25.862712462135,944.5186,25.786053,0.002304867,-0.016818412,0.5433866186997626,moderate
PMGSY_0194,Longjongkong,Mokokchung,PMGSY,94.43289053000001,26.426682895,699.9839,30.415258,-0.0004785678,0.020139646,0.5162644997402358,moderate
PMGSY_0195,Longjang,Mokokchung,PMGSY,94.54848156,26.450723645,697.8617,26.147074,-0.0012264979,0.008437275,0.4895406560120198,moderate
PMGSY_0196,Longchem Compound,Mokokchung,PMGSY,94.49857333333267,26.61324666666633,614.54474,30.281273,0.00093030574,-0.011456832,0.5010010070522181,moderate
PMGSY_0197,Lirmen,Mokokchung,PMGSY,94.5109174999995,26.651940833333,704.0551,39.428173,0.003518962,0.011360129,0.5762389013430904,moderate
PMGSY_0198,Kubza,Mokokchung,PMGSY,94.44928416666625,26.32450458333275,1129.8102,27.204542,0.010205163,0.007665244,0.5872605575157848,moderate
PMGSY_0199,Kobulong,Mokokchung,PMGSY,94.535480725,26.414824770000003,837.3706,16.65413,-0.005049792,-0.0015726504,0.45959883141939467,moderate
PMGSY_0200,Kinunger,Mokokchung,PMGSY,94.42946111500001,26.37393716,939.16974,31.2104,0.0039732824,0.003136279,0.5743363644368835,moderate
PMGSY_0201,Khensa,Mokokchung,PMGSY,94.489029444444,26.34389388888867,1199.7505,31.866068,-0.002118025,0.00094518746,0.6337317386633075,high
PMGSY_0202,Khar,Mokokchung,PMGSY,94.4644558333325,26.469430833333,776.4961,29.11393,0.0049867113,0.026134072,0.5224847302500021,moderate
PMGSY_0203,Khanimu,Mokokchung,PMGSY,94.556948495,26.480675605000002,542.3694,20.740217,-0.0022035267,0.04140497,0.4167233591753871,low
PMGSY_0204,Kangtsung Yimsen,Mokokchung,PMGSY,94.70064036,26.73592142,150.2451,8.585826,0.0023866175,0.02833152,0.2706241255877733,low
PMGSY_0205,Kangtsung,Mokokchung,PMGSY,94.70688139500001,26.70760166,770.011,37.5876,0.0088006435,-0.052275598,0.5860580587814024,moderate
PMGSY_0206,Impur Compound,Mokokchung,PMGSY,94.54200577333334,26.389520923333333,1172.2075,30.238869,0.00038198108,0.0072784624,0.6168841024945079,moderate
PMGSY_0207,Dibuia,Mokokchung,PMGSY,94.5047424999995,26.528044166666497,948.9993,25.79002,-0.0057133078,-0.074676506,0.5537376317270926,moderate
PMGSY_0208,Chungtia,Mokokchung,PMGSY,94.44570929499999,26.380383665,898.2387,22.20857,0.008100316,0.034647334,0.5018048067172839,moderate
PMGSY_0209,Mongsenyimti,Mokokchung,PMGSY,94.61967749999951,26.4268624999995,1313.2878,19.055452,0.0035469031,0.0012786991,0.575901397826905,moderate
PMGSY_0210,Molungyimsen,Mokokchung,PMGSY,94.6030574999995,26.665541666666,712.89136,28.8236,0.00029011935,-0.024467763,0.5146575797047197,moderate
PMGSY_0211,Mokokchung Village,Mokokchung,PMGSY,94.52855547249999,26.3263119,1379.7374,30.631723,0.008595209,0.021266524,0.6576742160810932,high
PMGSY_0212,Moalenden,Mokokchung,PMGSY,94.55640547666667,26.258303316666666,673.31854,19.725357,0.003037664,-0.08445875,0.4542940820294536,moderate
PMGSY_0213,Merangkong Compound,Mokokchung,PMGSY,94.64843500500001,26.60442276,671.7969,28.877663,0.0021767847,0.12826769,0.484607261765834,moderate
PMGSY_0214,Merangkong,Mokokchung,PMGSY,94.6667332225,26.611381532499998,795.3638,25.562893,0.0052207075,0.014348932,0.5048628831084564,moderate
PMGSY_0215,Mekuli,Mokokchung,PMGSY,94.47317166666599,26.356733333333,1100.976,27.33619,0.0053201783,-0.014465456,0.5858596884291878,moderate
PMGSY_0216,Mangmetong,Mokokchung,PMGSY,94.399599646,26.291012668,1114.0588,25.144197,0.002238487,0.0006281929,0.5730918828721625,moderate
PMGSY_0217,Mangkolemba HQ,Mokokchung,PMGSY,94.43495138888834,26.498357499999667,533.8813,22.573997,0.0073263757,0.01438253,0.428674248568626,low
PMGSY_0218,Longpa,Mokokchung,PMGSY,94.53619585,26.435591175,666.6549,30.625143,0.0014222177,-0.012160087,0.5145583035594088,moderate
PMGSY_0219,Longnak,Mokokchung,PMGSY,94.38019166666649,26.454193333333002,251.67569,21.973,0.003893949,0.018463118,0.3664431741833815,low
PMGSY_0220,Longmisa,Mokokchung,PMGSY,94.60296526347301,26.3559454246705,1005.0911,23.250153,-0.0012278209,0.0143687455,0.536216942812186,moderate
PMGSY_0221,Longkong,Mokokchung,PMGSY,94.62080722222167,26.391574444444,1315.0464,23.084667,-0.0048463535,0.055400647,0.5961187027865835,moderate
PMGSY_0222,Longkhum,Mokokchung,PMGSY,94.4153252375,26.2629209925,1514.8951,19.421165,-0.005222346,-0.012863173,0.6235077522562807,high
PMGSY_0223,Yaongyimsen village,Mokokchung,PMGSY,94.700234205,26.561718575,967.57007,38.715996,-9.714528e-05,0.017376492,0.6262920899737493,high
PMGSY_0224,Ungma,Mokokchung,PMGSY,94.50178060606018,26.29636151515091,1256.1102,21.41466,-0.001649576,-0.009383789,0.5812715699214239,moderate
PMGSY_0225,Unger,Mokokchung,PMGSY,94.656072442698,26.484376558701747,971.2299,35.13759,-0.008438371,-0.02876826,0.6123195706165436,moderate
PMGSY_0226,Tzudikong,Mokokchung,PMGSY,94.6299504325,26.719445028750002,153.7863,16.09364,0.0022570472,-0.026114872,0.31844895678434143,low
PMGSY_0227,Sungratsu,Mokokchung,PMGSY,94.55319664599999,26.387309816,931.1131,31.112705,0.0023330923,-0.0033700366,0.5731696830888687,moderate
PMGSY_0228,Salulemang,Mokokchung,PMGSY,94.68308083333301,26.4623091666665,890.8847,27.836422,0.008799927,-0.002107876,0.5420362782650424,moderate
PMGSY_0229,Phangsang,Mokokchung,PMGSY,94.66251,26.430523333333003,1255.3948,30.611557,-0.0016139799,-0.015356835,0.639276704074202,high
PMGSY_0230,Nukshiyim Yaongyimsen Compound,Mokokchung,PMGSY,94.69098802,26.56885256,709.3976,23.359535,-0.0008912171,0.0038579048,0.4743324170529363,moderate
PMGSY_0231,Mulongkimong,Mokokchung,PMGSY,94.579073333333,26.637250833333,910.7724,39.178066,0.0008913178,0.012853588,0.6179936721576472,moderate
PMGSY_0232,Mopungchuket,Mokokchung,PMGSY,94.53257712999999,26.393792562500003,1219.9625,17.14868,-0.00066018495,0.033805825,0.5399037230301853,moderate
PMGSY_0233,Mongsenyimti Compound,Mokokchung,PMGSY,94.63713444444436,26.433789999999664,1212.4695,36.235268,0.004510778,-0.004415234,0.6620135114830874,high
PMGSY_0234,Mon Village,Mon,PMGSY,95.05706151666668,26.732953006666662,1006.5979,33.54461,0.00017555236,0.004594027,0.6037793308927845,moderate
PMGSY_0235,Longwa,Mon,PMGSY,95.21484251,26.662903631999995,1242.2877,28.750635,-0.00055772427,-0.002340363,0.6234018568658145,high
PMGSY_0236,Longching hdq,Mon,PMGSY,94.93654021666667,26.515220436666663,1347.2802,23.544954,-0.0020580273,0.001872158,0.6123112338249453,moderate
PMGSY_0237,Lapa Lampong,Mon,PMGSY,95.057101405,26.922796335,117.71743,3.7390676,-0.0013773778,0.03155796,0.24120954781699977,low
PMGSY_0238,Jakphang,Mon,PMGSY,94.93455332,26.46324738,1103.8318,31.876806,-3.6886668e-05,-0.016915487,0.6162834401516101,moderate
PMGSY_0239,Chingkao Chingnyu,Mon,PMGSY,95.03228894666667,26.53777517,927.22986,28.469303,0.0051346538,0.05050973,0.5473876876741747,moderate
PMGSY_0240,Chenloishu,Mon,PMGSY,95.07749940333333,26.54630233,1363.1208,36.62883,-0.0010055843,-0.017388701,0.6951603717193636,high
PMGSY_0241,Chen,Mon,PMGSY,95.068759278,26.575475992,1301.0007,30.962967,0.0054284777,0.011388041,0.6459147440088507,high
PMGSY_0242,Changlanshu,Mon,PMGSY,95.00813816,26.419728176666666,1656.1501,35.046947,0.006202821,0.011193751,0.7341613830658472,critical
PMGSY_0243,Bumei,Mon,PMGSY,95.01967543500001,26.427437335,1685.1536,29.657055,-0.0009132552,-0.005643497,0.7137843650412207,high
PMGSY_0244,Angyangjang Hqd,Mon,PMGSY,94.948094905,26.4823439725,1220.0847,20.73484,-0.00048278517,0.00056375645,0.5677209555026951,moderate
PMGSY_0245,Angphang,Mon,PMGSY,94.98252022999999,26.500015870000002,1663.7091,26.112612,-0.0007661082,-0.0058772275,0.6904387349591439,high
PMGSY_0246,Aboi,Mon,PMGSY,94.96428505615384,26.604515560000003,630.55444,26.066435,-0.002583146,0.026553487,0.47218223984799795,moderate
PMGSY_0247,Yisemyong Compound,Mokokchung,PMGSY,94.62255745,26.44124135333333,842.2981,24.173532,-0.00131815,0.0067050853,0.5081393885603462,moderate
PMGSY_0248,Yaongyimti Old,Mokokchung,PMGSY,94.6669824999995,26.431761666666,1421.5785,34.850903,0.0012891239,0.002826173,0.6932776208185554,high
PMGSY_0249,Yaongyimti New,Mokokchung,PMGSY,94.66876166666634,26.425451666666333,1313.9865,29.291985,-0.008993114,0.07353335,0.6328241383258454,high
PMGSY_0250,Athibung,Peren,PMGSY,93.6220535825,25.54716976,735.03094,15.639123,-0.0015446721,-0.030012658,0.4343620927571425,moderate
PMGSY_0251,Wanching,Mon,PMGSY,94.847202301025,26.666956543922,1262.5265,27.583363,0.0023891435,0.046292536,0.6134476652031676,moderate
PMGSY_0252,Wakching,Mon,PMGSY,94.9001569653042,26.6998014421486,1172.4573,21.01485,-0.0070057865,-0.020846922,0.5634457975351962,moderate
PMGSY_0253,Tuimei,Mon,PMGSY,95.07532064000002,26.824225173333332,393.93295,28.785093,-0.005559162,-0.00597185,0.44399871099578514,moderate
PMGSY_0254,Totok Chingnyu,Mon,PMGSY,94.9948145525,26.667814527500003,979.8159,32.81128,-2.0265275e-06,-0.0029490069,0.594612666371215,moderate
PMGSY_0255,Tobu Hq,Mon,PMGSY,94.93489308111111,26.363350602222223,1360.2977,29.125334,0.004784452,0.012946875,0.6465399714494326,high
PMGSY_0256,Tizit Vill,Mon,PMGSY,95.07594823,26.887001666666663,139.39107,7.8910937,-0.00026240284,-0.020241218,0.2708545935099279,low
PMGSY_0257,Tizit Hq,Mon,PMGSY,95.05735174624999,26.947755919999995,116.583435,5.610807,-0.0014530651,-0.07320921,0.26120050031643083,low
PMGSY_0258,Shangnyu,Mon,PMGSY,95.13012082,26.7650430825,1080.3927,27.11991,0.0022451652,-0.016566677,0.5809596360488031,moderate
PMGSY_0259,S Chingnyu,Mon,PMGSY,95.12521003666666,26.64000971333333,1159.1622,31.47098,0.0017299902,0.03472549,0.6180348260590058,moderate
PMGSY_0260,Phomching ,Mon,PMGSY,95.183762534,26.685308618,815.43524,22.911163,-0.0017281461,0.00067122694,0.4949386169450668,moderate
PMGSY_0261,Oting,Mon,PMGSY,94.96330988333334,26.84950313666667,597.1659,26.762602,0.010238447,0.007758699,0.46983879990177047,moderate
PMGSY_0262,Naginimora Hq,Mon,PMGSY,94.81073524888068,26.815791762454666,119.64114,4.78087,0.0036875927,0.18166304,0.23078681788559904,low
PMGSY_0263,Mopong Hq,Mon,PMGSY,94.95168795333332,26.423183903333335,1244.5118,30.933899,0.003247515,0.0012883467,0.6361178626216588,high
PMGSY_0264,Monyashu,Mon,PMGSY,95.02848797,26.44119036,1684.1245,41.006092,0.004415729,0.027785657,0.7665069704253853,critical
PMGSY_0265,Monyakshu Hq,Mon,PMGSY,95.02807532666667,26.435694839999996,1604.819,33.356018,0.0086607495,0.0029757298,0.7170194682417959,high
PMGSY_0266,Tenning Village,Peren,PMGSY,93.60599015839334,25.353861367329333,1291.8137,12.884966,-0.0054768864,-0.15940358,0.5549820537506984,moderate
PMGSY_0267,Tenning Hdq,Peren,PMGSY,93.59831716865249,25.350085641257,1302.7572,17.733812,-0.0021497945,0.038441293,0.5610920566693482,moderate
PMGSY_0268,Poilwa,Peren,PMGSY,93.91909120333334,25.583910486666667,1744.2557,32.141243,-0.003071589,-0.013490333,0.7381190885735744,critical
PMGSY_0269,Ntu,Peren,PMGSY,93.609428443014,25.269141099415332,1109.0859,33.951942,0.0075871837,-0.0065336963,0.627535013436986,high
PMGSY_0270,Nsong Hdq,Peren,PMGSY,93.54769030585851,25.333229745738002,1209.883,21.495838,0.007817467,0.056817573,0.5613344226458974,moderate
PMGSY_0271,Nsong,Peren,PMGSY,93.555517075583,25.322988233529,1256.6848,29.72047,0.0039943615,0.12726238,0.6146392770914312,moderate
PMGSY_0272,Ngwalwa,Peren,PMGSY,93.78654791,25.664821615,509.8641,7.9447,-0.0033513126,-0.026825415,0.3403233260144427,low
PMGSY_0273,Mhainamtse,Peren,PMGSY,93.70019852,25.6672142,318.51672,2.581933,-0.0010721447,-0.059861764,0.27850146207859233,low
PMGSY_0274,Mbaulwa,Peren,PMGSY,93.64701047333334,25.45317554,1421.3715,25.40775,0.00029559215,0.016494062,0.6365468002061216,high
PMGSY_0275,Maikham,Peren,PMGSY,93.686321085,25.769077215000003,182.56328,6.8956723,-0.0019094589,0.019477822,0.268970073869678,low
PMGSY_0276,Lilen,Peren,PMGSY,93.596662125,25.64454543,260.63,17.711155,0.0014908588,-0.03528526,0.3497436293442743,low
PMGSY_0277,Julukie B,Peren,PMGSY,93.68497413333334,25.62887816,359.15402,4.758481,0.0058495174,0.010617399,0.2883248374946782,low
PMGSY_0278,Heningkunglwa,Peren,PMGSY,93.7752964,25.66984340333333,486.08154,8.559195,-0.015076989,-0.034423884,0.3421482869107759,low
PMGSY_0279,Dunki,Peren,PMGSY,93.73571661999999,25.6418911,551.9607,11.683258,0.0020734686,0.020018427,0.36423882128099,low
PMGSY_0280,Bongkolong,Peren,PMGSY,93.52708031,25.53698671,365.46088,4.0034,0.004213404,0.16127518,0.2688901800361455,low
PMGSY_0281,Azailong,Peren,PMGSY,93.67608192376734,25.455838870256333,1098.348,25.714046,0.00060554926,0.01587386,0.5716385091479642,moderate
PMGSY_0282,Kanjang,Phek,PMGSY,94.60449833333298,25.54549388888833,1911.0394,40.44647,0.008056351,-0.0022396264,0.7997534643544353,critical
PMGSY_0283,Kami Vill,Phek,PMGSY,94.26613877999999,25.5440451025,1726.4214,37.429726,0.0014519641,0.00042689382,0.7592753649494994,critical
PMGSY_0284,Kade UR,Phek,PMGSY,94.26721644087968,25.534867567304,1824.9542,32.31404,-0.00015389844,-0.008219033,0.7513274535810771,critical
PMGSY_0285,K Bawe,Phek,PMGSY,94.2763472634065,25.6416481252985,1600.2344,33.2053,-0.0035459625,0.023385778,0.7148795076448239,high
PMGSY_0286,Hutsu,Phek,PMGSY,94.74454611111067,25.709712777777668,1209.6235,31.61316,-0.0006432173,-0.03356621,0.6383607139076378,high
PMGSY_0287,Enhulumi,Phek,PMGSY,94.3626285562585,25.585011219152,1414.32,37.42609,0.0021100712,0.004313164,0.7058728892274394,high
PMGSY_0288,Dzulhami,Phek,PMGSY,94.39327792166667,25.826669298333332,1811.8724,27.183725,0.009375485,0.04466364,0.7157503190068026,high
PMGSY_0289,Chozuba village,Phek,PMGSY,94.3139758325,25.71420647,1534.9954,20.871944,-0.0026395167,-0.00022647258,0.6344005509717099,high
PMGSY_0290,Chozu Basa,Phek,PMGSY,94.27221560666668,25.740063646666666,1092.8467,31.088192,0.002391459,0.010070606,0.6051254497913156,moderate
PMGSY_0291,Chizami village,Phek,PMGSY,94.3826851825,25.591846740000005,1453.4424,25.624334,0.0040990985,0.007933154,0.6447238021923772,high
PMGSY_0292,Chizami Hq,Phek,PMGSY,94.38992413298858,25.5970552171998,1407.943,25.295649,-0.0008514749,-0.009496503,0.6366958967716599,high
PMGSY_0293,Chetheba Hq,Phek,PMGSY,94.26146589833333,25.66910978,1543.3307,28.208672,0.0026191357,0.0082479995,0.6775676088803724,high
PMGSY_0294,Chesezumi Chesezu Nawe,Phek,PMGSY,94.26737354333333,25.67948262,1693.3153,23.682037,0.0123406155,0.015208376,0.6776374019725906,high
PMGSY_0295,Chesezu Nasa,Phek,PMGSY,94.27713149,25.65468675,1563.1461,31.727425,0.0057552666,0.015055268,0.6997696396011701,high
PMGSY_0296,Chepoketa,Phek,PMGSY,94.4834621475,25.796875907500002,1249.7211,34.56756,0.007740632,0.006521081,0.6575505765220162,high
PMGSY_0297,Akhegow,Phek,PMGSY,94.68229611111066,25.721742777777333,1246.1809,30.845823,0.005461435,-0.010685265,0.6370870591967065,high
PMGSY_0298,Losami,Phek,PMGSY,94.44349617333334,25.624354673333332,1517.4749,31.273663,-0.0012230253,-0.00073358935,0.6917753185569657,high
PMGSY_0299,Leshemi,Phek,PMGSY,94.2256771678615,25.536652339200998,1627.4786,26.287106,-0.0007567591,0.00017279184,0.6839500168451955,high
PMGSY_0300,Lephori,Phek,PMGSY,94.62400722222168,25.605454999999665,1467.3326,33.849365,0.001574135,-0.014548406,0.6981019690619311,high
PMGSY_0301,Lekromi,Phek,PMGSY,94.27514066565168,25.548118872643887,1600.275,39.046455,-0.015796205,-0.010562859,0.7503052464328385,critical
PMGSY_0302,Lasumi,Phek,PMGSY,94.24002264030351,25.53510757162,1689.7686,36.929714,0.004957658,0.05083115,0.7452334647032295,critical
PMGSY_0303,Laruri,Phek,PMGSY,94.837633333333,25.680191666666,937.8749,29.195168,-0.0053167418,0.0046637887,0.5624979213412625,moderate
PMGSY_0304,Lanyezho,Phek,PMGSY,94.50225223333332,25.613949436666662,718.0225,65.25868,-0.0031067394,-0.032800417,0.7363617682927414,critical
PMGSY_0305,Kizari,Phek,PMGSY,94.5794062,25.74306740333333,992.2287,38.15811,-0.011306803,-0.006154494,0.6327718396553006,high
PMGSY_0306,Kikruma,Phek,PMGSY,94.21694600999999,25.581334888,1549.1862,25.406271,0.0022272784,0.0044851424,0.6629461319574457,high
PMGSY_0307,Khumiasu,Phek,PMGSY,94.614373333333,25.672318333333,1198.8784,26.471811,0.00010362385,0.012913232,0.5981096671464674,moderate
PMGSY_0308,Khulazu Basa K.Basa,Phek,PMGSY,94.28766631925232,25.657953114766332,1652.768,33.112534,0.005094066,-0.010735321,0.7261247912641,critical
PMGSY_0309,Khezhakeno Village K.Keno,Phek,PMGSY,94.20851865428243,25.512932402343143,1664.1261,40.400627,-0.002503187,0.004268111,0.76376570821149,critical
PMGSY_0310,Khetsami,Phek,PMGSY,94.35289354999999,25.792826790000003,1462.0608,32.13677,-0.0021483041,0.021323062,0.6838442540165752,high
PMGSY_0311,Khesomi,Phek,PMGSY,94.292817155786,25.713842817164664,1310.1693,31.997818,0.0078028427,0.024676612,0.6518530060093656,high
PMGSY_0312,Ketsapo,Phek,PMGSY,94.44648868571429,25.728103549999997,1342.6703,24.57335,0.0026730308,-0.09577349,0.6296719816226329,high
PMGSY_0313,Phungwimi,Phek,PMGSY,94.41492403166667,25.784212950000008,1549.4679,25.626167,0.0060589924,0.00085516594,0.6641278910476436,high
PMGSY_0314,Phor,Phek,PMGSY,94.77662499999967,25.737988333332996,1502.5914,33.16811,-0.005080551,3.724449e-05,0.7000674816533571,high
PMGSY_0315,Phongkhuri EAC Hq,Phek,PMGSY,94.8314799999995,25.6026849999995,1479.5896,37.733177,-0.00032807342,0.0014665299,0.7197847159913294,critical
PMGSY_0316,Phongkhuri,Phek,PMGSY,94.83188722222167,25.603359444444,1484.3761,34.864655,0.001152574,-0.00075243006,0.7052388042245492,high
PMGSY_0317,Pholami old,Phek,PMGSY,94.37965363792699,25.644848609249003,1425.8203,30.91301,-0.0055097877,-0.0013417387,0.6732461817469878,high
PMGSY_0318,Pholami New,Phek,PMGSY,94.377385746286,25.652865331037,1572.3645,33.949764,-0.007859174,-0.004927845,0.7177599158865726,high
PMGSY_0319,Phek Village,Phek,PMGSY,94.468767166,25.665797574000003,1437.7512,30.460674,-0.00094740884,0.015226305,0.6701621331535125,high
PMGSY_0320,Phek Town,Phek,PMGSY,94.46049839382201,25.702568193424202,1517.4187,21.788576,0.0051159705,0.013514511,0.633396966194215,high
PMGSY_0321,Pfutseromi,Phek,PMGSY,94.28635513460455,25.56324172639727,1834.4786,18.547354,-0.0014305215,-0.0017263745,0.6791089890827081,high
PMGSY_0322,Metsale,Phek,PMGSY,94.43388767666666,25.78501629,1078.4678,36.40433,0.005790009,-0.006480694,0.6366335844016547,high
PMGSY_0323,Mesulumi,Phek,PMGSY,94.34074329362534,25.578746539766332,1581.7312,30.68237,-0.00087875954,-0.002333463,0.700409244379581,high
PMGSY_0324,Meluri Hq,Phek,PMGSY,94.62691166666657,25.68542333333286,1305.0304,23.24807,-0.011823305,-0.012464136,0.6052867323423134,moderate
PMGSY_0325,Meluri,Phek,PMGSY,94.61896277777733,25.678694999999333,1227.2454,18.878958,-0.0009135732,0.015601163,0.5552708563162652,moderate
PMGSY_0326,M Khomi,Phek,PMGSY,94.3989657,25.657338494999998,1468.3638,32.498676,-0.0015553131,-0.05761556,0.6963143892049648,high
PMGSY_0327,Lozaphuhu,Phek,PMGSY,94.48757696999999,25.63794914875,1648.0872,25.395672,-0.0030601032,-0.017424908,0.6852143344792275,high
PMGSY_0328,Lowuza UR,Phek,PMGSY,94.237644709567,25.524533391555,1854.2606,30.98647,-0.00022446926,0.04466354,0.7440204854979596,critical
PMGSY_0329,Sutsu,Phek,PMGSY,94.8385991666665,25.6993066666665,1098.7576,28.865755,-0.003502869,-0.0030200246,0.5951000574427024,moderate
PMGSY_0330,Sumi Swemi,Phek,PMGSY,94.38879831333333,25.59393277,1359.8602,29.01383,-0.0044898554,-0.010020733,0.6502006075578224,high
PMGSY_0331,Sohomi,Phek,PMGSY,94.49411050142858,25.718603175714286,1068.2513,33.128513,0.006924568,0.024873625,0.61008942959929,moderate
PMGSY_0332,Sekhruzu hq,Phek,PMGSY,94.38608357999999,25.780875395000002,1812.1025,34.165844,0.005102769,0.019668667,0.7547266469680867,critical
PMGSY_0333,Satazu Nawe,Phek,PMGSY,94.36863439199999,25.762610650000006,1743.3855,33.245148,-0.0077245636,-0.13236232,0.7565192544850461,critical
PMGSY_0334,Satazu Nasa,Phek,PMGSY,94.335764568018,25.746732413938002,1410.7502,36.027916,-0.0011515506,-0.004780847,0.6990920652866056,high
PMGSY_0335,Sakraba Hq,Phek,PMGSY,94.367434355028,25.624799876595752,1729.5486,32.85212,0.004430112,0.0030991915,0.7364457239917844,critical
PMGSY_0336,Ruzazho,Phek,PMGSY,94.3810335125,25.7581035975,1463.4861,32.788742,0.0034091556,-0.00651516,0.6902561608878786,high
PMGSY_0337,Runguzu Nawe,Phek,PMGSY,94.31877059333334,25.695797196666664,1547.6859,31.553995,-0.0029475028,0.015501081,0.6972459838846027,high
PMGSY_0338,Runguzu Nasa,Phek,PMGSY,94.3059101975,25.6962568575,1521.3397,29.314095,0.001659972,0.013321314,0.6792787539652061,high
PMGSY_0339,Rihuba,Phek,PMGSY,94.27624689,25.636407145,1670.3857,32.91114,0.0024327089,0.010218019,0.7261782135218996,critical
PMGSY_0340,Razieba Hq,Phek,PMGSY,94.32887576599998,25.517727988,1721.0233,36.969406,-0.0011382381,-0.0012106195,0.7567052414161621,critical
PMGSY_0341,R.D Block Kikruma UR,Phek,PMGSY,94.221050995,25.59863714,1372.3013,26.535774,-0.0058713118,-0.017424932,0.6389272138709431,high
PMGSY_0342,Porba,Phek,PMGSY,94.332656989411,25.61630857185733,1695.1199,35.32419,-0.0018036515,-0.023889108,0.7468874792687162,critical
PMGSY_0343,Phuyoba,Phek,PMGSY,94.2913987029835,25.640673628038,1826.2603,25.787855,0.0025930412,-0.013666495,0.7183875311735481,critical
PMGSY_0344,Phusachodu,Phek,PMGSY,94.2617832959686,25.602727770651597,1774.682,32.842926,0.0011034785,-0.0026032648,0.7449774035647767,critical
PMGSY_0345,kotisu,Phek,PMGSY,94.55319739571429,25.715514244285714,1222.5481,36.399555,0.010427547,0.0043763183,0.6628963490624405,high
PMGSY_0346,khuzami,Phek,PMGSY,94.4744801075,25.766676349999997,1105.2598,28.082792,0.0002750294,0.036296908,0.5855650840357097,moderate
PMGSY_0347,Zuketsa,Phek,PMGSY,94.23256769179314,25.537108001276287,1727.5001,27.029427,0.0036543033,-0.0058949557,0.70649128249528,high
PMGSY_0348,Henevi,Dimapur,PMGSY,93.79250083333301,25.9225574999995,450.0,82.38631,0.06630888,-4.3689752e-08,0.7643809726978847,critical
PMGSY_0349,Seithekima A,Dimapur,PMGSY,93.82169333333299,25.840104444444,450.0,83.513145,0.0,0.0,0.7779660075543512,critical
PMGSY_0350,Hazadisa,Dimapur,PMGSY,93.56244111111067,25.738319999999998,450.0,86.07183,0.0,0.0,0.7893577575310902,critical
PMGSY_0351,Nihokhu,Dimapur,PMGSY,93.91928566666641,25.88592,450.0,81.839806,0.0,0.0,0.7702813576318113,critical
PMGSY_0352,Saring,Mokokchung,PMGSY,94.4575224999995,26.6457683333325,450.0,73.010284,0.0,0.0,0.7267082828026947,critical
PMGSY_0353,Longsa,Mokokchung,PMGSY,94.5474741480065,26.215279097802004,450.0,76.02724,0.0,0.0,0.742160512188415,critical
PMGSY_0354,Seithekima New,Dimapur,PMGSY,93.784524444444,25.84956888888833,450.0,0.0,0.0,0.0,0.28096200578475433,low
PMGSY_0355,Nikhekhu,Dimapur,PMGSY,93.932340833333,25.8916341666665,450.0,0.0,0.0,0.0,0.28096200578475433,low
PMGSY_0356,Settsu,Mokokchung,PMGSY,94.47006682,26.27417589,450.0,0.0,0.0,0.0,0.28096200578475433,low
PMGSY_0357,Naga United,Dimapur,PMGSY,93.79193812499962,25.863210833333,450.0,0.0,0.0,0.0,0.28096200578475433,low
PMGSY_0358,Khezakeno,Phek,PMGSY,94.20201955660225,25.50846329256775,450.0,0.0,0.0,0.0,0.28096200578475433,low
PMGSY_0359,Zukihe,Dimapur,PMGSY,93.78309444444399,25.958091111110665,450.0,0.0,0.0,0.0,0.28096200578475433,low
PMGSY_0360,Xukiye,Dimapur,PMGSY,93.79179,25.950471666667,450.0,0.0,0.0,0.0,0.28096200578475433,low
PMGSY_0361,Khughovi,Dimapur,PMGSY,93.80081499999949,25.901085000000002,450.0,0.0,0.0,0.0,0.28096200578475433,low
PMGSY_0362,New Showuba,Dimapur,PMGSY,93.82953555555501,25.855855555555333,450.0,0.0,0.0,0.0,0.28096200578475433,low
PMGSY_0363,Hozukhe,Dimapur,PMGSY,93.95412888888866,25.903926111111,450.0,0.0,0.0,0.0,0.28096200578475433,low
PMGSY_0364,Meyilong,Mokokchung,PMGSY,94.57141112333333,26.27940201,450.0,0.0,0.0,0.0,0.28096200578475433,low
PMGSY_0365,Seithekima C,Dimapur,PMGSY,93.80344805555517,25.817763055555332,450.0,0.0,0.0,0.0,0.28096200578475433,low
PMGSY_0366,Merapani,Wokha,PMGSY,94.0957859666665,26.31018621499975,450.0,0.0,0.0,0.0,0.28096200578475433,low
PMGSY_0367,Hovukhe,Dimapur,PMGSY,93.94929444444433,25.975597777777335,450.0,0.0,0.0,0.0,0.28096200578475433,low
PMGSY_0368,Niuland HQ,Dimapur,PMGSY,93.96443722222212,25.929170185185335,450.0,0.0,0.0,0.0,0.28096200578475433,low
PMGSY_0369,Yajang C,Mokokchung,PMGSY,94.553265915,26.715554105000002,450.0,0.0,0.0,0.0,0.28096200578475433,low
PMGSY_0370,Viyito,Dimapur,PMGSY,93.95768583333275,25.94277041666625,450.0,0.0,0.0,0.0,0.28096200578475433,low
PMGSY_0371,Kheyoyi,Dimapur,PMGSY,93.89108055555499,25.874187222222,450.0,0.0,0.0,0.0,0.28096200578475433,low
PMGSY_0372,Nihoto,Dimapur,PMGSY,93.80353944444398,25.881488333333,450.0,0.0,0.0,0.0,0.28096200578475433,low
PMGSY_0373,Ralan Old,Wokha,PMGSY,93.94048811999998,26.00908654,450.0,0.0,0.0,0.0,0.28096200578475433,low
PMGSY_0374,Old Shoba,Dimapur,PMGSY,93.804660833333,25.8611762499995,450.0,0.0,0.0,0.0,0.28096200578475433,low
PMGSY_0375,Tsuremen,Mokokchung,PMGSY,94.468291666666,26.6798274999995,450.0,0.0,0.0,0.0,0.28096200578475433,low
PMGSY_0376,Vihokhu,Dimapur,PMGSY,93.8608979999996,25.8712306666664,450.0,0.0,0.0,0.0,0.28096200578475433,low
PMGSY_0377,Pishikhu,Dimapur,PMGSY,93.79305500000001,25.9675674999995,450.0,0.0,0.0,0.0,0.28096200578475433,low
PMGSY_0378,Chungtiayimsen,Mokokchung,PMGSY,94.37271333333301,26.537002222222,450.0,0.0,0.0,0.0,0.28096200578475433,low
PMGSY_0379,Lotovi,Dimapur,PMGSY,93.81371481481422,25.912463518518003,450.0,0.0,0.0,0.0,0.28096200578475433,low
PMGSY_0380,Watiyim,Mokokchung,PMGSY,94.37360722222166,26.538576666666334,450.0,0.0,0.0,0.0,0.28096200578475433,low
PMGSY_0381,Ahozhe,Dimapur,PMGSY,93.812416666667,25.934393333333,450.0,0.0,0.0,0.0,0.28096200578475433,low
PMGSY_0382,Zuheshe,Dimapur,PMGSY,93.933375,25.966685555555667,450.0,0.0,0.0,0.0,0.28096200578475433,low
PMGSY_0383,Ghonivi,Dimapur,PMGSY,93.799936666666,25.969455833333,450.0,0.0,0.0,0.0,0.28096200578475433,low
PMGSY_0384,Khehokhu,Dimapur,PMGSY,93.8159324999995,25.868883611110835,450.0,0.0,0.0,0.0,0.28096200578475433,low
PMGSY_0385,Xekiye,Dimapur,PMGSY,93.82447166666651,25.8802341666665,450.0,0.0,0.0,0.0,0.28096200578475433,low
PMGSY_0386,Hakhizhe,Dimapur,PMGSY,93.93529111111066,25.92316888888833,450.0,0.0,0.0,0.0,0.28096200578475433,low
PMGSY_0387,Hoito,Dimapur,PMGSY,93.82178833333299,25.8853299999995,450.0,0.0,0.0,0.0,0.28096200578475433,low
PMGSY_0388,Suhoi,Dimapur,PMGSY,93.83163388888833,25.899567222222004,450.0,0.0,0.0,0.0,0.28096200578475433,low
PMGSY_0389,Hevishe,Dimapur,PMGSY,93.80702,25.979965833332997,450.0,0.0,0.0,0.0,0.28096200578475433,low
PMGSY_0390,Henito,Dimapur,PMGSY,93.917475,25.982246666666498,450.0,0.0,0.0,0.0,0.28096200578475433,low
PMGSY_0391,K Hetoi,Dimapur,PMGSY,93.9163199999995,25.960295833333,450.0,0.0,0.0,0.0,0.28096200578475433,low
PMGSY_0392,Kuhuboto hq,Dimapur,PMGSY,93.8434598333331,25.9129248333329,450.0,0.0,0.0,0.0,0.28096200578475433,low
PMGSY_0393,Pukhato,Dimapur,PMGSY,93.888611666666,25.921747222222,450.0,0.0,0.0,0.0,0.28096200578475433,low
PMGSY_0394,Zhekishe,Dimapur,PMGSY,93.92451,26.064831666667,450.0,0.0,0.0,0.0,0.28096200578475433,low
PMGSY_0395,Shitoi,Dimapur,PMGSY,93.80852,25.99603,450.0,0.0,0.0,0.0,0.28096200578475433,low
PMGSY_0396,Khutovi,Dimapur,PMGSY,93.934675,26.091634166666502,450.0,0.0,0.0,0.0,0.28096200578475433,low
PMGSY_0397,Sahoi,Dimapur,PMGSY,93.83559777777766,25.968068333332997,450.0,0.0,0.0,0.0,0.28096200578475433,low
PMGSY_0398,Kughato,Dimapur,PMGSY,93.848621666667,25.913363333333,450.0,0.0,0.0,0.0,0.28096200578475433,low
PMGSY_0399,Zutoi,Dimapur,PMGSY,93.932270833333,26.082015,450.0,0.0,0.0,0.0,0.28096200578475433,low
PMGSY_0400,Tokishe,Dimapur,PMGSY,93.9146558333335,26.0548358333335,450.0,0.0,0.0,0.0,0.28096200578475433,low
PMGSY_0401,Vikheto,Dimapur,PMGSY,93.929936666667,26.076048333333,450.0,0.0,0.0,0.0,0.28096200578475433,low
PMGSY_0402,Izhevi,Dimapur,PMGSY,93.934491666667,26.102753333333,450.0,0.0,0.0,0.0,0.28096200578475433,low
PMGSY_0403,S. Hotovi,Dimapur,PMGSY,93.848813333333,25.924162499999497,450.0,0.0,0.0,0.0,0.28096200578475433,low
PMGSY_0404,Hukhai,Dimapur,PMGSY,93.9062841666665,26.038129166666998,450.0,0.0,0.0,0.0,0.28096200578475433,low
