{
"type": "FeatureCollection",
"name": "pilot9_settlements_master",
"crs": { "type": "name", "properties": { "name": "urn:ogc:def:crs:OGC:1.3:CRS84" } },
"features": [
{ "type": "Feature", "properties": { "settlement_id": "LGD_0000", "name": " ", "district": "Charaideo", "source": "LGD", "lon": 95.342376080005181, "lat": 27.161622714804434, "elevation_m": 121.4092, "slope_deg": 6.7883492, "profile_curv": -0.0020627005, "plan_curv": -0.021335317, "static_susceptibility": 0.26251243168861943, "susceptibility_tier": "low" }, "geometry": { "type": "Point", "coordinates": [ 95.342376080005181, 27.161622714804434 ] } },
{ "type": "Feature", "properties": { "settlement_id": "LGD_0001", "name": "Borpatra Bagicha", "district": "Charaideo", "source": "LGD", "lon": 95.354994207106017, "lat": 27.140588944436988, "elevation_m": 128.15422, "slope_deg": 3.3804655, "profile_curv": -0.00013511442, "plan_curv": -0.01848376, "static_susceptibility": 0.24609039000867877, "susceptibility_tier": "low" }, "geometry": { "type": "Point", "coordinates": [ 95.354994207106017, 27.140588944436988 ] } },
{ "type": "Feature", "properties": { "settlement_id": "LGD_0002", "name": "Panisaki Grant", "district": "Charaideo", "source": "LGD", "lon": 95.348909997293561, "lat": 27.151577316274686, "elevation_m": 128.44434, "slope_deg": 4.6099486, "profile_curv": -0.001687026, "plan_curv": -0.060497355, "static_susceptibility": 0.25680813747223313, "susceptibility_tier": "low" }, "geometry": { "type": "Point", "coordinates": [ 95.348909997293561, 27.151577316274686 ] } },
{ "type": "Feature", "properties": { "settlement_id": "LGD_0003", "name": " ", "district": "Charaideo", "source": "LGD", "lon": 95.32834361124381, "lat": 27.154767327997767, "elevation_m": 124.93719, "slope_deg": 2.642508, "profile_curv": 0.0039109546, "plan_curv": 1.8121189, "static_susceptibility": 0.10343726872299921, "susceptibility_tier": "low" }, "geometry": { "type": "Point", "coordinates": [ 95.32834361124381, 27.154767327997767 ] } },
{ "type": "Feature", "properties": { "settlement_id": "LGD_0004", "name": " ", "district": "Charaideo", "source": "LGD", "lon": 95.321600087873151, "lat": 27.147342052230183, "elevation_m": 120.51451, "slope_deg": 4.3869953, "profile_curv": -0.002882848, "plan_curv": -0.059460055, "static_susceptibility": 0.25443900840811018, "susceptibility_tier": "low" }, "geometry": { "type": "Point", "coordinates": [ 95.321600087873151, 27.147342052230183 ] } },
{ "type": "Feature", "properties": { "settlement_id": "LGD_0005", "name": "Dangeri Kumar", "district": "Charaideo", "source": "LGD", "lon": 95.334419978414587, "lat": 27.136996944122401, "elevation_m": 129.96629, "slope_deg": 5.7156715, "profile_curv": 0.0044234293, "plan_curv": 0.15512209, "static_susceptibility": 0.23936211512601757, "susceptibility_tier": "low" }, "geometry": { "type": "Point", "coordinates": [ 95.334419978414587, 27.136996944122401 ] } },
{ "type": "Feature", "properties": { "settlement_id": "LGD_0006", "name": "Tiokia Gaon", "district": "Charaideo", "source": "LGD", "lon": 95.318207853177256, "lat": 27.125597866837015, "elevation_m": 118.86215, "slope_deg": 4.2556171, "profile_curv": -0.0019188965, "plan_curv": -0.078155786, "static_susceptibility": 0.25534937590237355, "susceptibility_tier": "low" }, "geometry": { "type": "Point", "coordinates": [ 95.318207853177256, 27.125597866837015 ] } },
{ "type": "Feature", "properties": { "settlement_id": "LGD_0007", "name": "Nagakata Gaon", "district": "Charaideo", "source": "LGD", "lon": 95.310276487919054, "lat": 27.140599832211148, "elevation_m": 122.03342, "slope_deg": 2.1998847, "profile_curv": 0.0028044251, "plan_curv": 0.15969111, "static_susceptibility": 0.22152901689035412, "susceptibility_tier": "low" }, "geometry": { "type": "Point", "coordinates": [ 95.310276487919054, 27.140599832211148 ] } },
{ "type": "Feature", "properties": { "settlement_id": "LGD_0008", "name": "Nagakata Grant", "district": "Charaideo", "source": "LGD", "lon": 95.309224337577206, "lat": 27.168056599017433, "elevation_m": 122.40443, "slope_deg": 5.7713637, "profile_curv": 3.301031e-05, "plan_curv": -0.012214502, "static_susceptibility": 0.2562873895032034, "susceptibility_tier": "low" }, "geometry": { "type": "Point", "coordinates": [ 95.309224337577206, 27.168056599017433 ] } },
{ "type": "Feature", "properties": { "settlement_id": "LGD_0009", "name": "Nagakata Grant", "district": "Charaideo", "source": "LGD", "lon": 95.323751611014615, "lat": 27.177692084329131, "elevation_m": 115.10916, "slope_deg": 3.3445864, "profile_curv": -0.00079282915, "plan_curv": -0.048375085, "static_susceptibility": 0.24698049747169118, "susceptibility_tier": "low" }, "geometry": { "type": "Point", "coordinates": [ 95.323751611014615, 27.177692084329131 ] } },
{ "type": "Feature", "properties": { "settlement_id": "LGD_0010", "name": "Poita Khat", "district": "Charaideo", "source": "LGD", "lon": 95.284657034347404, "lat": 27.188307088208152, "elevation_m": 119.1815, "slope_deg": 6.688766, "profile_curv": -0.0063126744, "plan_curv": -0.018006768, "static_susceptibility": 0.26186361167799177, "susceptibility_tier": "low" }, "geometry": { "type": "Point", "coordinates": [ 95.284657034347404, 27.188307088208152 ] } },
{ "type": "Feature", "properties": { "settlement_id": "LGD_0011", "name": "Nahar Pukhuri Changmai Gaon", "district": "Charaideo", "source": "LGD", "lon": 95.247754003570904, "lat": 27.178850059081356, "elevation_m": 114.99946, "slope_deg": 0.29448116, "profile_curv": 0.00021880516, "plan_curv": 0.036524504, "static_susceptibility": 0.22395145085556181, "susceptibility_tier": "low" }, "geometry": { "type": "Point", "coordinates": [ 95.247754003570904, 27.178850059081356 ] } },
{ "type": "Feature", "properties": { "settlement_id": "LGD_0012", "name": "Mridong Para & Barua Nagar Rly. Stn.", "district": "Charaideo", "source": "LGD", "lon": 95.209354550549264, "lat": 27.144613767945732, "elevation_m": 113.99573, "slope_deg": 2.9277415, "profile_curv": -0.0028517654, "plan_curv": -0.037650205, "static_susceptibility": 0.2439452108174672, "susceptibility_tier": "low" }, "geometry": { "type": "Point", "coordinates": [ 95.209354550549264, 27.144613767945732 ] } },
{ "type": "Feature", "properties": { "settlement_id": "LGD_0013", "name": "Atal Pothar", "district": "Charaideo", "source": "LGD", "lon": 95.195874854624748, "lat": 27.13462197394766, "elevation_m": 110.95701, "slope_deg": 5.4392605, "profile_curv": 0.00052486773, "plan_curv": 0.13553874, "static_susceptibility": 0.23752902452852787, "susceptibility_tier": "low" }, "geometry": { "type": "Point", "coordinates": [ 95.195874854624748, 27.13462197394766 ] } },
{ "type": "Feature", "properties": { "settlement_id": "LGD_0014", "name": "Raidang Basti", "district": "Charaideo", "source": "LGD", "lon": 95.217320389017843, "lat": 27.129142212130347, "elevation_m": 117.10635, "slope_deg": 6.1277256, "profile_curv": -0.001138664, "plan_curv": 0.011876556, "static_susceptibility": 0.25481255745939135, "susceptibility_tier": "low" }, "geometry": { "type": "Point", "coordinates": [ 95.217320389017843, 27.129142212130347 ] } },
{ "type": "Feature", "properties": { "settlement_id": "LGD_0015", "name": "Timon Habi", "district": "Charaideo", "source": "LGD", "lon": 95.229675815414438, "lat": 27.134834245113552, "elevation_m": 114.34728, "slope_deg": 1.6674404, "profile_curv": 0.00082396198, "plan_curv": 0.054432686, "static_susceptibility": 0.22835011697934085, "susceptibility_tier": "low" }, "geometry": { "type": "Point", "coordinates": [ 95.229675815414438, 27.134834245113552 ] } },
{ "type": "Feature", "properties": { "settlement_id": "LGD_0016", "name": " ", "district": "Charaideo", "source": "LGD", "lon": 95.216794051930307, "lat": 27.139129334744297, "elevation_m": 115.88593, "slope_deg": 2.9908688, "profile_curv": 0.0025870125, "plan_curv": 0.12285013, "static_susceptibility": 0.22780449938417252, "susceptibility_tier": "low" }, "geometry": { "type": "Point", "coordinates": [ 95.216794051930307, 27.139129334744297 ] } },
{ "type": "Feature", "properties": { "settlement_id": "LGD_0017", "name": "Kharia Bheta", "district": "Charaideo", "source": "LGD", "lon": 95.223676775108743, "lat": 27.157477388498798, "elevation_m": 113.79391, "slope_deg": 2.8025448, "profile_curv": 0.00052509794, "plan_curv": 0.1518975, "static_susceptibility": 0.2240635168356537, "susceptibility_tier": "low" }, "geometry": { "type": "Point", "coordinates": [ 95.223676775108743, 27.157477388498798 ] } },
{ "type": "Feature", "properties": { "settlement_id": "LGD_0018", "name": "Pachim Nalbari", "district": "Charaideo", "source": "LGD", "lon": 95.240051787695563, "lat": 27.15590159766786, "elevation_m": 119.69401, "slope_deg": 7.5982232, "profile_curv": 0.0018451666, "plan_curv": 0.024297038, "static_susceptibility": 0.26090695418076953, "susceptibility_tier": "low" }, "geometry": { "type": "Point", "coordinates": [ 95.240051787695563, 27.15590159766786 ] } },
{ "type": "Feature", "properties": { "settlement_id": "LGD_0019", "name": "Dhonekhona Grant", "district": "Charaideo", "source": "LGD", "lon": 95.247439771222304, "lat": 27.142901368056368, "elevation_m": 112.27077, "slope_deg": 1.6890882, "profile_curv": 0.00032045384, "plan_curv": -0.02240001, "static_susceptibility": 0.23578601967118051, "susceptibility_tier": "low" }, "geometry": { "type": "Point", "coordinates": [ 95.247439771222304, 27.142901368056368 ] } },
{ "type": "Feature", "properties": { "settlement_id": "LGD_0020", "name": "Kachari Pothar", "district": "Charaideo", "source": "LGD", "lon": 95.238326575933741, "lat": 27.139716870237873, "elevation_m": 111.42964, "slope_deg": 4.5274386, "profile_curv": -0.0051739546, "plan_curv": -0.070057519, "static_susceptibility": 0.25507058606336058, "susceptibility_tier": "low" }, "geometry": { "type": "Point", "coordinates": [ 95.238326575933741, 27.139716870237873 ] } },
{ "type": "Feature", "properties": { "settlement_id": "LGD_0021", "name": "Dhonekhona Grant", "district": "Charaideo", "source": "LGD", "lon": 95.243795647696231, "lat": 27.12697336914928, "elevation_m": 113.38232, "slope_deg": 3.4926498, "profile_curv": 0.00051349058, "plan_curv": -0.0597465, "static_susceptibility": 0.2484270823944919, "susceptibility_tier": "low" }, "geometry": { "type": "Point", "coordinates": [ 95.243795647696231, 27.12697336914928 ] } },
{ "type": "Feature", "properties": { "settlement_id": "LGD_0022", "name": "Bhuyan Khat", "district": "Charaideo", "source": "LGD", "lon": 95.256097994088776, "lat": 27.130945786308537, "elevation_m": 119.84062, "slope_deg": 5.8195529, "profile_curv": 0.0027252871, "plan_curv": -0.004186484, "static_susceptibility": 0.25489224690934909, "susceptibility_tier": "low" }, "geometry": { "type": "Point", "coordinates": [ 95.256097994088776, 27.130945786308537 ] } },
{ "type": "Feature", "properties": { "settlement_id": "LGD_0023", "name": "Chatiakari", "district": "Charaideo", "source": "LGD", "lon": 95.266631668412003, "lat": 27.13821854962767, "elevation_m": 117.26044, "slope_deg": 4.6633244, "profile_curv": -0.0032498345, "plan_curv": -0.004386689, "static_susceptibility": 0.24956915292938303, "susceptibility_tier": "low" }, "geometry": { "type": "Point", "coordinates": [ 95.266631668412003, 27.13821854962767 ] } },
{ "type": "Feature", "properties": { "settlement_id": "LGD_0024", "name": "Loholia", "district": "Charaideo", "source": "LGD", "lon": 95.270054780394162, "lat": 27.151217786788923, "elevation_m": 114.27338, "slope_deg": 2.7206571, "profile_curv": -0.0025274819, "plan_curv": -0.052855436, "static_susceptibility": 0.24449895149793144, "susceptibility_tier": "low" }, "geometry": { "type": "Point", "coordinates": [ 95.270054780394162, 27.151217786788923 ] } },
{ "type": "Feature", "properties": { "settlement_id": "LGD_0025", "name": " ", "district": "Charaideo", "source": "LGD", "lon": 95.256102381602801, "lat": 27.147665094998988, "elevation_m": 112.68761, "slope_deg": 0.7858516, "profile_curv": 5.6176304e-05, "plan_curv": 0.067745402, "static_susceptibility": 0.22285984549921856, "susceptibility_tier": "low" }, "geometry": { "type": "Point", "coordinates": [ 95.256102381602801, 27.147665094998988 ] } },
{ "type": "Feature", "properties": { "settlement_id": "LGD_0026", "name": "Pub-Nalbaria", "district": "Charaideo", "source": "LGD", "lon": 95.255576610795302, "lat": 27.161733383535449, "elevation_m": 113.88971, "slope_deg": 5.2807522, "profile_curv": 0.0001256109, "plan_curv": 0.053843301, "static_susceptibility": 0.24558218902029968, "susceptibility_tier": "low" }, "geometry": { "type": "Point", "coordinates": [ 95.255576610795302, 27.161733383535449 ] } },
{ "type": "Feature", "properties": { "settlement_id": "LGD_0027", "name": "Borpothar", "district": "Charaideo", "source": "LGD", "lon": 95.269186364963929, "lat": 27.182134854411114, "elevation_m": 125.96127, "slope_deg": 5.5655766, "profile_curv": 0.0067632557, "plan_curv": 0.24331242, "static_susceptibility": 0.22896518575013231, "susceptibility_tier": "low" }, "geometry": { "type": "Point", "coordinates": [ 95.269186364963929, 27.182134854411114 ] } },
{ "type": "Feature", "properties": { "settlement_id": "LGD_0028", "name": "Michajan & Borhat Rly. Stn.", "district": "Charaideo", "source": "LGD", "lon": 95.271217385339327, "lat": 27.167272163295621, "elevation_m": 115.59243, "slope_deg": 5.5817809, "profile_curv": 0.00011601145, "plan_curv": 0.064678274, "static_susceptibility": 0.24620939036926442, "susceptibility_tier": "low" }, "geometry": { "type": "Point", "coordinates": [ 95.271217385339327, 27.167272163295621 ] } },
{ "type": "Feature", "properties": { "settlement_id": "LGD_0029", "name": "Borhat Bagicha", "district": "Charaideo", "source": "LGD", "lon": 95.282556860908727, "lat": 27.158646535162834, "elevation_m": 117.25277, "slope_deg": 5.5321918, "profile_curv": -0.0032764541, "plan_curv": -0.10973769, "static_susceptibility": 0.26509239026548642, "susceptibility_tier": "low" }, "geometry": { "type": "Point", "coordinates": [ 95.282556860908727, 27.158646535162834 ] } },
{ "type": "Feature", "properties": { "settlement_id": "LGD_0030", "name": "Chakalia Grant", "district": "Charaideo", "source": "LGD", "lon": 95.291554856833599, "lat": 27.166627856801906, "elevation_m": 115.44525, "slope_deg": 1.5875452, "profile_curv": -0.00017955132, "plan_curv": -0.062476091, "static_susceptibility": 0.23989397527151599, "susceptibility_tier": "low" }, "geometry": { "type": "Point", "coordinates": [ 95.291554856833599, 27.166627856801906 ] } },
{ "type": "Feature", "properties": { "settlement_id": "LGD_0031", "name": "Narem Pothar", "district": "Charaideo", "source": "LGD", "lon": 95.294699319804252, "lat": 27.178911787622955, "elevation_m": 119.25006, "slope_deg": 6.2164049, "profile_curv": -0.0014388519, "plan_curv": -0.0041234065, "static_susceptibility": 0.257341133493036, "susceptibility_tier": "low" }, "geometry": { "type": "Point", "coordinates": [ 95.294699319804252, 27.178911787622955 ] } },
{ "type": "Feature", "properties": { "settlement_id": "LGD_0032", "name": "Chakalia Pothar", "district": "Charaideo", "source": "LGD", "lon": 95.295136356653288, "lat": 27.161809689371641, "elevation_m": 115.93267, "slope_deg": 5.9890609, "profile_curv": 4.9937218e-05, "plan_curv": 0.0074080597, "static_susceptibility": 0.25423728826169611, "susceptibility_tier": "low" }, "geometry": { "type": "Point", "coordinates": [ 95.295136356653288, 27.161809689371641 ] } },
{ "type": "Feature", "properties": { "settlement_id": "LGD_0033", "name": "Nagakata Balamia", "district": "Charaideo", "source": "LGD", "lon": 95.303767045582475, "lat": 27.154754707543603, "elevation_m": 117.22464, "slope_deg": 5.4318891, "profile_curv": -0.00026722427, "plan_curv": -0.058961499, "static_susceptibility": 0.25872055447272552, "susceptibility_tier": "low" }, "geometry": { "type": "Point", "coordinates": [ 95.303767045582475, 27.154754707543603 ] } },
{ "type": "Feature", "properties": { "settlement_id": "LGD_0034", "name": "Borhat Bagicha", "district": "Charaideo", "source": "LGD", "lon": 95.287052950702645, "lat": 27.145124955284267, "elevation_m": 125.37225, "slope_deg": 3.3706958, "profile_curv": 0.0086952141, "plan_curv": 0.082272135, "static_susceptibility": 0.23425872109684157, "susceptibility_tier": "low" }, "geometry": { "type": "Point", "coordinates": [ 95.287052950702645, 27.145124955284267 ] } },
{ "type": "Feature", "properties": { "settlement_id": "LGD_0035", "name": "Dabohi Bil", "district": "Charaideo", "source": "LGD", "lon": 95.281660481360717, "lat": 27.1288372092577, "elevation_m": 118.20556, "slope_deg": 2.445576, "profile_curv": -0.0017970852, "plan_curv": -0.014116813, "static_susceptibility": 0.2397615881200684, "susceptibility_tier": "low" }, "geometry": { "type": "Point", "coordinates": [ 95.281660481360717, 27.1288372092577 ] } },
{ "type": "Feature", "properties": { "settlement_id": "LGD_0036", "name": "Borholla Habi", "district": "Charaideo", "source": "LGD", "lon": 95.297650321419269, "lat": 27.133571255501092, "elevation_m": 117.37359, "slope_deg": 0.93069661, "profile_curv": 3.3619213e-05, "plan_curv": 0.082908757, "static_susceptibility": 0.22276906358892845, "susceptibility_tier": "low" }, "geometry": { "type": "Point", "coordinates": [ 95.297650321419269, 27.133571255501092 ] } },
{ "type": "Feature", "properties": { "settlement_id": "LGD_0037", "name": "Lefera Gaon", "district": "Charaideo", "source": "LGD", "lon": 95.300041615816909, "lat": 27.12288872846938, "elevation_m": 117.80033, "slope_deg": 1.8802392, "profile_curv": -5.7502566e-05, "plan_curv": 0.038779043, "static_susceptibility": 0.23151812952792777, "susceptibility_tier": "low" }, "geometry": { "type": "Point", "coordinates": [ 95.300041615816909, 27.12288872846938 ] } },
{ "type": "Feature", "properties": { "settlement_id": "LGD_0038", "name": "Naga Gaon", "district": "Charaideo", "source": "LGD", "lon": 95.302103769367775, "lat": 27.113373842504934, "elevation_m": 128.6402, "slope_deg": 5.840395, "profile_curv": 0.0048528318, "plan_curv": 0.23619762, "static_susceptibility": 0.23159758372413852, "susceptibility_tier": "low" }, "geometry": { "type": "Point", "coordinates": [ 95.302103769367775, 27.113373842504934 ] } },
{ "type": "Feature", "properties": { "settlement_id": "LGD_0039", "name": "Bihubor Habi No.2", "district": "Charaideo", "source": "LGD", "lon": 95.288273675347838, "lat": 27.120909049148946, "elevation_m": 117.54324, "slope_deg": 4.7836442, "profile_curv": -0.0006839722, "plan_curv": -0.03735571, "static_susceptibility": 0.2533053036383785, "susceptibility_tier": "low" }, "geometry": { "type": "Point", "coordinates": [ 95.288273675347838, 27.120909049148946 ] } },
{ "type": "Feature", "properties": { "settlement_id": "LGD_0040", "name": "Bihubor Habi No.1", "district": "Charaideo", "source": "LGD", "lon": 95.281629884037372, "lat": 27.115757757325223, "elevation_m": 120.85363, "slope_deg": 4.5411081, "profile_curv": 0.0025666009, "plan_curv": 0.055398915, "static_susceptibility": 0.24263032269861037, "susceptibility_tier": "low" }, "geometry": { "type": "Point", "coordinates": [ 95.281629884037372, 27.115757757325223 ] } },
{ "type": "Feature", "properties": { "settlement_id": "LGD_0041", "name": "Charaipung No.1 & Bimalapur", "district": "Charaideo", "source": "LGD", "lon": 95.263530194003593, "lat": 27.081303533104336, "elevation_m": 134.49817, "slope_deg": 11.089041, "profile_curv": 0.00033386255, "plan_curv": 0.05204862, "static_susceptibility": 0.27867516579572682, "susceptibility_tier": "low" }, "geometry": { "type": "Point", "coordinates": [ 95.263530194003593, 27.081303533104336 ] } },
{ "type": "Feature", "properties": { "settlement_id": "LGD_0042", "name": "Bihubor Habi No.1", "district": "Charaideo", "source": "LGD", "lon": 95.266672529723024, "lat": 27.062535443861638, "elevation_m": 271.05359, "slope_deg": 28.904875, "profile_curv": -0.0080983667, "plan_curv": -0.014425139, "static_susceptibility": 0.42023051080969293, "susceptibility_tier": "low" }, "geometry": { "type": "Point", "coordinates": [ 95.266672529723024, 27.062535443861638 ] } },
{ "type": "Feature", "properties": { "settlement_id": "LGD_0043", "name": "Dabolo Habi Gaon", "district": "Charaideo", "source": "LGD", "lon": 95.251139039556946, "lat": 27.070491109334423, "elevation_m": 124.77984, "slope_deg": 7.9524651, "profile_curv": -0.0049574063, "plan_curv": -0.040018566, "static_susceptibility": 0.27150030752524568, "susceptibility_tier": "low" }, "geometry": { "type": "Point", "coordinates": [ 95.251139039556946, 27.070491109334423 ] } },
{ "type": "Feature", "properties": { "settlement_id": "LGD_0044", "name": "Nagahat Gaon", "district": "Charaideo", "source": "LGD", "lon": 95.250279764210191, "lat": 27.086662578977705, "elevation_m": 117.20866, "slope_deg": 4.8162975, "profile_curv": -0.0022944664, "plan_curv": -0.047285594, "static_susceptibility": 0.25467419564651905, "susceptibility_tier": "low" }, "geometry": { "type": "Point", "coordinates": [ 95.250279764210191, 27.086662578977705 ] } },
{ "type": "Feature", "properties": { "settlement_id": "LGD_0045", "name": "Dabolo Habi Gaon", "district": "Charaideo", "source": "LGD", "lon": 95.257593476384258, "lat": 27.088842657702859, "elevation_m": 120.38124, "slope_deg": 6.0458775, "profile_curv": -0.0012743529, "plan_curv": -0.11147317, "static_susceptibility": 0.26816925622125126, "susceptibility_tier": "low" }, "geometry": { "type": "Point", "coordinates": [ 95.257593476384258, 27.088842657702859 ] } },
{ "type": "Feature", "properties": { "settlement_id": "LGD_0046", "name": "Nagahat Kachari", "district": "Charaideo", "source": "LGD", "lon": 95.250982772892016, "lat": 27.103219672748764, "elevation_m": 121.18672, "slope_deg": 6.1676712, "profile_curv": -0.0028168259, "plan_curv": 0.024247263, "static_susceptibility": 0.25460895157524355, "susceptibility_tier": "low" }, "geometry": { "type": "Point", "coordinates": [ 95.250982772892016, 27.103219672748764 ] } },
{ "type": "Feature", "properties": { "settlement_id": "LGD_0047", "name": "Garkush Habi Gaon", "district": "Charaideo", "source": "LGD", "lon": 95.269468803674002, "lat": 27.095582616188675, "elevation_m": 118.59986, "slope_deg": 6.720459, "profile_curv": -7.7256136e-06, "plan_curv": 0.013219606, "static_susceptibility": 0.25773061534270419, "susceptibility_tier": "low" }, "geometry": { "type": "Point", "coordinates": [ 95.269468803674002, 27.095582616188675 ] } },
{ "type": "Feature", "properties": { "settlement_id": "LGD_0048", "name": "Lakili Habi", "district": "Charaideo", "source": "LGD", "lon": 95.267990093021169, "lat": 27.105124930059834, "elevation_m": 118.75854, "slope_deg": 4.4014807, "profile_curv": -0.00069835898, "plan_curv": 0.01463128, "static_susceptibility": 0.24622303843196039, "susceptibility_tier": "low" }, "geometry": { "type": "Point", "coordinates": [ 95.267990093021169, 27.105124930059834 ] } },
{ "type": "Feature", "properties": { "settlement_id": "LGD_0049", "name": "Baruasali Bagicha", "district": "Charaideo", "source": "LGD", "lon": 95.274343800280022, "lat": 27.12208640848376, "elevation_m": 119.89764, "slope_deg": 2.775353, "profile_curv": 0.0015141871, "plan_curv": 0.19939609, "static_susceptibility": 0.22018197258789352, "susceptibility_tier": "low" }, "geometry": { "type": "Point", "coordinates": [ 95.274343800280022, 27.12208640848376 ] } },
{ "type": "Feature", "properties": { "settlement_id": "LGD_0050", "name": "Dhonekhona Habi", "district": "Charaideo", "source": "LGD", "lon": 95.262037169006405, "lat": 27.117679003380477, "elevation_m": 116.29883, "slope_deg": 3.2279353, "profile_curv": -0.0012510903, "plan_curv": -0.025389666, "static_susceptibility": 0.24430307491471132, "susceptibility_tier": "low" }, "geometry": { "type": "Point", "coordinates": [ 95.262037169006405, 27.117679003380477 ] } },
{ "type": "Feature", "properties": { "settlement_id": "LGD_0051", "name": "Lawjan No.2", "district": "Charaideo", "source": "LGD", "lon": 95.237337947833907, "lat": 27.115565495603665, "elevation_m": 115.90456, "slope_deg": 2.9737132, "profile_curv": 0.002025401, "plan_curv": 0.030606491, "static_susceptibility": 0.23692022820248718, "susceptibility_tier": "low" }, "geometry": { "type": "Point", "coordinates": [ 95.237337947833907, 27.115565495603665 ] } },
{ "type": "Feature", "properties": { "settlement_id": "LGD_0052", "name": " ", "district": "Charaideo", "source": "LGD", "lon": 95.245214275153387, "lat": 27.114806369672014, "elevation_m": 116.50827, "slope_deg": 4.839097, "profile_curv": -0.00010613722, "plan_curv": 0.010723488, "static_susceptibility": 0.24832383955200879, "susceptibility_tier": "low" }, "geometry": { "type": "Point", "coordinates": [ 95.245214275153387, 27.114806369672014 ] } },
{ "type": "Feature", "properties": { "settlement_id": "LGD_0053", "name": "Kala Kata Gaon", "district": "Charaideo", "source": "LGD", "lon": 95.233650060759373, "lat": 27.098471239022118, "elevation_m": 112.19927, "slope_deg": 4.5680671, "profile_curv": -0.003327939, "plan_curv": -0.01278219, "static_susceptibility": 0.24916128703918811, "susceptibility_tier": "low" }, "geometry": { "type": "Point", "coordinates": [ 95.233650060759373, 27.098471239022118 ] } },
{ "type": "Feature", "properties": { "settlement_id": "LGD_0054", "name": "Medela Jan  No.2", "district": "Charaideo", "source": "LGD", "lon": 95.219660250284321, "lat": 27.105286629737044, "elevation_m": 114.31503, "slope_deg": 3.6626906, "profile_curv": 0.0022888193, "plan_curv": 0.05830146, "static_susceptibility": 0.23713272393711415, "susceptibility_tier": "low" }, "geometry": { "type": "Point", "coordinates": [ 95.219660250284321, 27.105286629737044 ] } },
{ "type": "Feature", "properties": { "settlement_id": "LGD_0055", "name": "Bheseli Pothar", "district": "Charaideo", "source": "LGD", "lon": 95.228878259037927, "lat": 27.110692706627844, "elevation_m": 114.45186, "slope_deg": 5.0159874, "profile_curv": -0.0021207505, "plan_curv": -0.037123933, "static_susceptibility": 0.2541235273205984, "susceptibility_tier": "low" }, "geometry": { "type": "Point", "coordinates": [ 95.228878259037927, 27.110692706627844 ] } },
{ "type": "Feature", "properties": { "settlement_id": "LGD_0056", "name": "Lawjan No.1", "district": "Charaideo", "source": "LGD", "lon": 95.22713833147688, "lat": 27.121587840005706, "elevation_m": 114.62024, "slope_deg": 2.907125, "profile_curv": 0.001059444, "plan_curv": 0.017823683, "static_susceptibility": 0.23781004783424883, "susceptibility_tier": "low" }, "geometry": { "type": "Point", "coordinates": [ 95.22713833147688, 27.121587840005706 ] } },
{ "type": "Feature", "properties": { "settlement_id": "LGD_0057", "name": "Raidang T.E", "district": "Charaideo", "source": "LGD", "lon": 95.208177386328487, "lat": 27.120370472821808, "elevation_m": 111.4295, "slope_deg": 3.4762206, "profile_curv": -0.0034200719, "plan_curv": -0.011435779, "static_susceptibility": 0.24358637861655361, "susceptibility_tier": "low" }, "geometry": { "type": "Point", "coordinates": [ 95.208177386328487, 27.120370472821808 ] } },
{ "type": "Feature", "properties": { "settlement_id": "LGD_0058", "name": "Ghorajan T.E.No.1", "district": "Charaideo", "source": "LGD", "lon": 95.195326361367606, "lat": 27.118288818438256, "elevation_m": 112.28612, "slope_deg": 1.6777689, "profile_curv": 0.00013977678, "plan_curv": 0.017778881, "static_susceptibility": 0.23176800389706312, "susceptibility_tier": "low" }, "geometry": { "type": "Point", "coordinates": [ 95.195326361367606, 27.118288818438256 ] } },
{ "type": "Feature", "properties": { "settlement_id": "LGD_0059", "name": "Gorokhia Bam No.1", "district": "Charaideo", "source": "LGD", "lon": 95.195486234224248, "lat": 27.106873578166866, "elevation_m": 114.728, "slope_deg": 3.9835491, "profile_curv": -0.0021396761, "plan_curv": -0.035684969, "static_susceptibility": 0.24891593810058302, "susceptibility_tier": "low" }, "geometry": { "type": "Point", "coordinates": [ 95.195486234224248, 27.106873578166866 ] } },
{ "type": "Feature", "properties": { "settlement_id": "LGD_0060", "name": "Dharam Pothar", "district": "Charaideo", "source": "LGD", "lon": 95.193277025002118, "lat": 27.097059692016046, "elevation_m": 110.11499, "slope_deg": 3.6296642, "profile_curv": -0.00049860682, "plan_curv": -0.085364476, "static_susceptibility": 0.25136879597879697, "susceptibility_tier": "low" }, "geometry": { "type": "Point", "coordinates": [ 95.193277025002118, 27.097059692016046 ] } },
{ "type": "Feature", "properties": { "settlement_id": "LGD_0061", "name": "Medela Jan No.3", "district": "Charaideo", "source": "LGD", "lon": 95.204501889714322, "lat": 27.099592756952404, "elevation_m": 110.90784, "slope_deg": 3.4337361, "profile_curv": -0.0009825977, "plan_curv": 0.020470792, "static_susceptibility": 0.23973775174488066, "susceptibility_tier": "low" }, "geometry": { "type": "Point", "coordinates": [ 95.204501889714322, 27.099592756952404 ] } },
{ "type": "Feature", "properties": { "settlement_id": "LGD_0062", "name": "Sal Kathoni T.G", "district": "Charaideo", "source": "LGD", "lon": 95.209824158744425, "lat": 27.108424434032049, "elevation_m": 112.43226, "slope_deg": 2.5941129, "profile_curv": 0.00089344051, "plan_curv": -0.0041703838, "static_susceptibility": 0.23820809599662315, "susceptibility_tier": "low" }, "geometry": { "type": "Point", "coordinates": [ 95.209824158744425, 27.108424434032049 ] } },
{ "type": "Feature", "properties": { "settlement_id": "LGD_0063", "name": "Medelajan No.1", "district": "Charaideo", "source": "LGD", "lon": 95.20883836266151, "lat": 27.089327251601663, "elevation_m": 116.49061, "slope_deg": 6.1171699, "profile_curv": -0.00078188808, "plan_curv": 0.0019932867, "static_susceptibility": 0.25565153124267942, "susceptibility_tier": "low" }, "geometry": { "type": "Point", "coordinates": [ 95.20883836266151, 27.089327251601663 ] } },
{ "type": "Feature", "properties": { "settlement_id": "LGD_0064", "name": " ", "district": "Charaideo", "source": "LGD", "lon": 95.187157664412794, "lat": 27.088084870990112, "elevation_m": 113.59442, "slope_deg": 5.5614471, "profile_curv": -0.0067315022, "plan_curv": 0.018945759, "static_susceptibility": 0.25143998566297371, "susceptibility_tier": "low" }, "geometry": { "type": "Point", "coordinates": [ 95.187157664412794, 27.088084870990112 ] } },
{ "type": "Feature", "properties": { "settlement_id": "LGD_0065", "name": "Bagh Moria Gaon", "district": "Charaideo", "source": "LGD", "lon": 95.192930244009858, "lat": 27.080298949119889, "elevation_m": 110.21359, "slope_deg": 3.8400674, "profile_curv": -0.0017758496, "plan_curv": -0.0016855518, "static_susceptibility": 0.24394054660238951, "susceptibility_tier": "low" }, "geometry": { "type": "Point", "coordinates": [ 95.192930244009858, 27.080298949119889 ] } },
{ "type": "Feature", "properties": { "settlement_id": "LGD_0066", "name": "Ujankuri Gaon", "district": "Charaideo", "source": "LGD", "lon": 95.209441205113819, "lat": 27.067915466138984, "elevation_m": 115.7191, "slope_deg": 6.2183328, "profile_curv": -0.00033820068, "plan_curv": -0.018272666, "static_susceptibility": 0.25811546996066959, "susceptibility_tier": "low" }, "geometry": { "type": "Point", "coordinates": [ 95.209441205113819, 27.067915466138984 ] } },
{ "type": "Feature", "properties": { "settlement_id": "LGD_0067", "name": "Moran Habi No.1", "district": "Charaideo", "source": "LGD", "lon": 95.223965667932035, "lat": 27.080004512555124, "elevation_m": 113.06395, "slope_deg": 4.3664112, "profile_curv": 0.0003270591, "plan_curv": 0.015626479, "static_susceptibility": 0.24489976765252114, "susceptibility_tier": "low" }, "geometry": { "type": "Point", "coordinates": [ 95.223965667932035, 27.080004512555124 ] } },
{ "type": "Feature", "properties": { "settlement_id": "LGD_0068", "name": "Gohain Gaon", "district": "Charaideo", "source": "LGD", "lon": 95.241051236532897, "lat": 27.081097216071086, "elevation_m": 117.1969, "slope_deg": 4.4376235, "profile_curv": -0.00338844, "plan_curv": -0.028713329, "static_susceptibility": 0.25099588129204314, "susceptibility_tier": "low" }, "geometry": { "type": "Point", "coordinates": [ 95.241051236532897, 27.081097216071086 ] } },
{ "type": "Feature", "properties": { "settlement_id": "LGD_0069", "name": "Charaipung No.2", "district": "Charaideo", "source": "LGD", "lon": 95.243782617185104, "lat": 27.0603505312104, "elevation_m": 130.73975, "slope_deg": 8.22227, "profile_curv": -0.0029041513, "plan_curv": -0.033640925, "static_susceptibility": 0.27293654386603144, "susceptibility_tier": "low" }, "geometry": { "type": "Point", "coordinates": [ 95.243782617185104, 27.0603505312104 ] } },
{ "type": "Feature", "properties": { "settlement_id": "LGD_0070", "name": "Holongamora No.2", "district": "Charaideo", "source": "LGD", "lon": 95.234185345941455, "lat": 27.057632096508485, "elevation_m": 138.21587, "slope_deg": 5.5852942, "profile_curv": 0.0032473188, "plan_curv": 0.20097038, "static_susceptibility": 0.23558625558621329, "susceptibility_tier": "low" }, "geometry": { "type": "Point", "coordinates": [ 95.234185345941455, 27.057632096508485 ] } },
{ "type": "Feature", "properties": { "settlement_id": "LGD_0071", "name": "Gazuating Grant & Rongsali T E", "district": "Charaideo", "source": "LGD", "lon": 95.220709290242851, "lat": 27.042701408412274, "elevation_m": 135.75052, "slope_deg": 16.175568, "profile_curv": -0.011269966, "plan_curv": -0.018239588, "static_susceptibility": 0.31667633328747052, "susceptibility_tier": "low" }, "geometry": { "type": "Point", "coordinates": [ 95.220709290242851, 27.042701408412274 ] } },
{ "type": "Feature", "properties": { "settlement_id": "LGD_0072", "name": "Holonga Mora No.1", "district": "Charaideo", "source": "LGD", "lon": 95.21974276918975, "lat": 27.05681522595906, "elevation_m": 118.17509, "slope_deg": 4.1905031, "profile_curv": -0.0028483546, "plan_curv": -0.038544461, "static_susceptibility": 0.25088720909792639, "susceptibility_tier": "low" }, "geometry": { "type": "Point", "coordinates": [ 95.21974276918975, 27.05681522595906 ] } },
{ "type": "Feature", "properties": { "settlement_id": "LGD_0073", "name": "Boka Pothar", "district": "Charaideo", "source": "LGD", "lon": 95.203928811018457, "lat": 27.053364226787224, "elevation_m": 120.03651, "slope_deg": 6.0269885, "profile_curv": -0.007161478, "plan_curv": -0.023414092, "static_susceptibility": 0.25935168777033918, "susceptibility_tier": "low" }, "geometry": { "type": "Point", "coordinates": [ 95.203928811018457, 27.053364226787224 ] } },
{ "type": "Feature", "properties": { "settlement_id": "LGD_0074", "name": "Baregaon", "district": "Charaideo", "source": "LGD", "lon": 95.19429056337539, "lat": 27.05781419676444, "elevation_m": 114.76212, "slope_deg": 7.3847637, "profile_curv": -0.0031792491, "plan_curv": -0.01541994, "static_susceptibility": 0.26395173423518953, "susceptibility_tier": "low" }, "geometry": { "type": "Point", "coordinates": [ 95.19429056337539, 27.05781419676444 ] } },
{ "type": "Feature", "properties": { "settlement_id": "LGD_0075", "name": "Boga Bagh T.G", "district": "Charaideo", "source": "LGD", "lon": 95.193280363918973, "lat": 27.039771508068501, "elevation_m": 120.47617, "slope_deg": 2.41682, "profile_curv": 0.0020536468, "plan_curv": 0.035464302, "static_susceptibility": 0.23451021433035427, "susceptibility_tier": "low" }, "geometry": { "type": "Point", "coordinates": [ 95.193280363918973, 27.039771508068501 ] } },
{ "type": "Feature", "properties": { "settlement_id": "LGD_0076", "name": "Naga Gaon", "district": "Charaideo", "source": "LGD", "lon": 95.324194750431928, "lat": 27.103552542795974, "elevation_m": 277.07114, "slope_deg": 22.569643, "profile_curv": 0.0003475628, "plan_curv": -0.0024992686, "static_susceptibility": 0.37856083078421793, "susceptibility_tier": "low" }, "geometry": { "type": "Point", "coordinates": [ 95.324194750431928, 27.103552542795974 ] } },
{ "type": "Feature", "properties": { "settlement_id": "LGD_0077", "name": "Tangia F.V", "district": "Charaideo", "source": "LGD", "lon": 95.116173161238052, "lat": 26.996103978933988, "elevation_m": 116.873, "slope_deg": 4.2893491, "profile_curv": 0.0016097598, "plan_curv": 0.030381, "static_susceptibility": 0.24345663826813371, "susceptibility_tier": "low" }, "geometry": { "type": "Point", "coordinates": [ 95.116173161238052, 26.996103978933988 ] } },
{ "type": "Feature", "properties": { "settlement_id": "LGD_0078", "name": "Lalotipothar No.1", "district": "Charaideo", "source": "LGD", "lon": 95.094559056174631, "lat": 26.990087531395311, "elevation_m": 114.94796, "slope_deg": 3.4795439, "profile_curv": -0.0027426819, "plan_curv": 0.027964298, "static_susceptibility": 0.24006766303576355, "susceptibility_tier": "low" }, "geometry": { "type": "Point", "coordinates": [ 95.094559056174631, 26.990087531395311 ] } },
{ "type": "Feature", "properties": { "settlement_id": "LGD_0079", "name": "Laloti Pothar No.3", "district": "Charaideo", "source": "LGD", "lon": 95.100080757311829, "lat": 26.978922619047992, "elevation_m": 121.50838, "slope_deg": 2.852762, "profile_curv": 0.0011119763, "plan_curv": 0.0040221289, "static_susceptibility": 0.24002081817404597, "susceptibility_tier": "low" }, "geometry": { "type": "Point", "coordinates": [ 95.100080757311829, 26.978922619047992 ] } },
{ "type": "Feature", "properties": { "settlement_id": "LGD_0080", "name": "Towkok Grant No.2", "district": "Charaideo", "source": "LGD", "lon": 95.067591630340758, "lat": 26.970397004045324, "elevation_m": 114.94453, "slope_deg": 6.3130088, "profile_curv": -0.0070032282, "plan_curv": -0.12088002, "static_susceptibility": 0.27045476862430873, "susceptibility_tier": "low" }, "geometry": { "type": "Point", "coordinates": [ 95.067591630340758, 26.970397004045324 ] } },
{ "type": "Feature", "properties": { "settlement_id": "LGD_0081", "name": "Towkok Grant No.1", "district": "Charaideo", "source": "LGD", "lon": 95.06214406370853, "lat": 26.99666706611702, "elevation_m": 115.84749, "slope_deg": 3.0699382, "profile_curv": 0.00084265583, "plan_curv": -0.024561204, "static_susceptibility": 0.2431055275953726, "susceptibility_tier": "low" }, "geometry": { "type": "Point", "coordinates": [ 95.06214406370853, 26.99666706611702 ] } },
{ "type": "Feature", "properties": { "settlement_id": "LGD_0082", "name": " ", "district": "Charaideo", "source": "LGD", "lon": 95.024791705842915, "lat": 26.99547095955328, "elevation_m": 107.33443, "slope_deg": 3.3669624, "profile_curv": -0.0001743293, "plan_curv": 0.11170273, "static_susceptibility": 0.22967799935602534, "susceptibility_tier": "low" }, "geometry": { "type": "Point", "coordinates": [ 95.024791705842915, 26.99547095955328 ] } },
{ "type": "Feature", "properties": { "settlement_id": "LGD_0083", "name": " ", "district": "Charaideo", "source": "LGD", "lon": 94.998534082298846, "lat": 26.989027500089314, "elevation_m": 139.27289, "slope_deg": 13.39598, "profile_curv": 0.00040782921, "plan_curv": -0.017426418, "static_susceptibility": 0.29988562351979847, "susceptibility_tier": "low" }, "geometry": { "type": "Point", "coordinates": [ 94.998534082298846, 26.989027500089314 ] } },
{ "type": "Feature", "properties": { "settlement_id": "LGD_0084", "name": "Naphuk Grant", "district": "Charaideo", "source": "LGD", "lon": 94.994281378841066, "lat": 26.998991310463918, "elevation_m": 119.96906, "slope_deg": 5.8038139, "profile_curv": 0.0015716905, "plan_curv": 0.012200505, "static_susceptibility": 0.2532693611707178, "susceptibility_tier": "low" }, "geometry": { "type": "Point", "coordinates": [ 94.994281378841066, 26.998991310463918 ] } },
{ "type": "Feature", "properties": { "settlement_id": "LGD_0085", "name": " ", "district": "Charaideo", "source": "LGD", "lon": 94.993708016402451, "lat": 26.952829886582741, "elevation_m": 129.98877, "slope_deg": 7.0338192, "profile_curv": -0.00014470423, "plan_curv": -0.13063005, "static_susceptibility": 0.2769104302312777, "susceptibility_tier": "low" }, "geometry": { "type": "Point", "coordinates": [ 94.993708016402451, 26.952829886582741 ] } },
{ "type": "Feature", "properties": { "settlement_id": "LGD_0086", "name": "Singlo T.G", "district": "Charaideo", "source": "LGD", "lon": 94.972136385494451, "lat": 26.968083552125684, "elevation_m": 146.34947, "slope_deg": 17.417274, "profile_curv": 0.00048243054, "plan_curv": -0.013519387, "static_susceptibility": 0.32337503265563561, "susceptibility_tier": "low" }, "geometry": { "type": "Point", "coordinates": [ 94.972136385494451, 26.968083552125684 ] } },
{ "type": "Feature", "properties": { "settlement_id": "LGD_0087", "name": "Suffry Grant", "district": "Charaideo", "source": "LGD", "lon": 94.956879375605794, "lat": 26.98121789743648, "elevation_m": 113.56617, "slope_deg": 3.6219597, "profile_curv": 0.00020800179, "plan_curv": 0.010717567, "static_susceptibility": 0.24189595307728076, "susceptibility_tier": "low" }, "geometry": { "type": "Point", "coordinates": [ 94.956879375605794, 26.98121789743648 ] } },
{ "type": "Feature", "properties": { "settlement_id": "LGD_0088", "name": " ", "district": "Charaideo", "source": "LGD", "lon": 94.976169320914224, "lat": 26.980295793584521, "elevation_m": 110.64458, "slope_deg": 4.1925163, "profile_curv": -0.0011676032, "plan_curv": -0.059579968, "static_susceptibility": 0.25163708146210229, "susceptibility_tier": "low" }, "geometry": { "type": "Point", "coordinates": [ 94.976169320914224, 26.980295793584521 ] } },
{ "type": "Feature", "properties": { "settlement_id": "LGD_0089", "name": "Abhoypur Grant", "district": "Charaideo", "source": "LGD", "lon": 94.972530571618464, "lat": 26.991475181590992, "elevation_m": 111.68502, "slope_deg": 7.2432899, "profile_curv": -0.0008833161, "plan_curv": -0.011139494, "static_susceptibility": 0.26193652831330594, "susceptibility_tier": "low" }, "geometry": { "type": "Point", "coordinates": [ 94.972530571618464, 26.991475181590992 ] } },
{ "type": "Feature", "properties": { "settlement_id": "LGD_0090", "name": "Maibela Grant Elec. Power Project", "district": "Sivasagar", "source": "LGD", "lon": 94.933989282312723, "lat": 26.978710009536268, "elevation_m": 116.62592, "slope_deg": 7.8339539, "profile_curv": 0.005058005, "plan_curv": -0.025611451, "static_susceptibility": 0.26651950659194051, "susceptibility_tier": "low" }, "geometry": { "type": "Point", "coordinates": [ 94.933989282312723, 26.978710009536268 ] } },
{ "type": "Feature", "properties": { "settlement_id": "LGD_0091", "name": "Bhokot Gaon", "district": "Charaideo", "source": "LGD", "lon": 94.899177072290229, "lat": 26.974407844694412, "elevation_m": 101.39549, "slope_deg": 6.6695132, "profile_curv": -0.0014078622, "plan_curv": -0.027465004, "static_susceptibility": 0.259130635191062, "susceptibility_tier": "low" }, "geometry": { "type": "Point", "coordinates": [ 94.899177072290229, 26.974407844694412 ] } },
{ "type": "Feature", "properties": { "settlement_id": "LGD_0092", "name": "Mathurapur Grant", "district": "Charaideo", "source": "LGD", "lon": 94.917870405360873, "lat": 26.982921968703788, "elevation_m": 114.92561, "slope_deg": 6.8157682, "profile_curv": 0.00063342717, "plan_curv": 0.033136651, "static_susceptibility": 0.25540680311367475, "susceptibility_tier": "low" }, "geometry": { "type": "Point", "coordinates": [ 94.917870405360873, 26.982921968703788 ] } },
{ "type": "Feature", "properties": { "settlement_id": "LGD_0093", "name": "Mathurapur Grant", "district": "Sivasagar", "source": "LGD", "lon": 94.924168602285249, "lat": 26.96468479713424, "elevation_m": 111.94853, "slope_deg": 8.8588219, "profile_curv": 0.00012579742, "plan_curv": -0.004900197, "static_susceptibility": 0.26944375783550578, "susceptibility_tier": "low" }, "geometry": { "type": "Point", "coordinates": [ 94.924168602285249, 26.96468479713424 ] } },
{ "type": "Feature", "properties": { "settlement_id": "LGD_0094", "name": "Bokopukhuri Habi", "district": "Sivasagar", "source": "LGD", "lon": 94.899696848150526, "lat": 26.960116204688717, "elevation_m": 104.17413, "slope_deg": 5.3842878, "profile_curv": 0.00049567205, "plan_curv": -0.073330417, "static_susceptibility": 0.25773549211822017, "susceptibility_tier": "low" }, "geometry": { "type": "Point", "coordinates": [ 94.899696848150526, 26.960116204688717 ] } },
{ "type": "Feature", "properties": { "settlement_id": "LGD_0095", "name": "Bokopukhuri Habi", "district": "Sivasagar", "source": "LGD", "lon": 94.907276170467199, "lat": 26.947010125447505, "elevation_m": 134.84584, "slope_deg": 13.416165, "profile_curv": -2.8194025e-05, "plan_curv": 0.036114905, "static_susceptibility": 0.29306916984837911, "susceptibility_tier": "low" }, "geometry": { "type": "Point", "coordinates": [ 94.907276170467199, 26.947010125447505 ] } },
{ "type": "Feature", "properties": { "settlement_id": "LGD_0096", "name": " ", "district": "Sivasagar", "source": "LGD", "lon": 94.887710029950043, "lat": 26.93211406569365, "elevation_m": 120.92477, "slope_deg": 6.1752329, "profile_curv": -0.0033983234, "plan_curv": -0.092730075, "static_susceptibility": 0.26718820088273326, "susceptibility_tier": "low" }, "geometry": { "type": "Point", "coordinates": [ 94.887710029950043, 26.93211406569365 ] } },
{ "type": "Feature", "properties": { "settlement_id": "LGD_0097", "name": " ", "district": "Sivasagar", "source": "LGD", "lon": 94.870383386001947, "lat": 26.935216573847828, "elevation_m": 122.6254, "slope_deg": 9.1327515, "profile_curv": -0.0017239528, "plan_curv": 0.0035978241, "static_susceptibility": 0.27202260895527763, "susceptibility_tier": "low" }, "geometry": { "type": "Point", "coordinates": [ 94.870383386001947, 26.935216573847828 ] } },
{ "type": "Feature", "properties": { "settlement_id": "LGD_0098", "name": " ", "district": "Sivasagar", "source": "LGD", "lon": 94.877174912681269, "lat": 26.928775219120588, "elevation_m": 109.96753, "slope_deg": 5.1916642, "profile_curv": -0.0014044092, "plan_curv": 0.10667695, "static_susceptibility": 0.23934856835922269, "susceptibility_tier": "low" }, "geometry": { "type": "Point", "coordinates": [ 94.877174912681269, 26.928775219120588 ] } },
{ "type": "Feature", "properties": { "settlement_id": "LGD_0099", "name": " ", "district": "Sivasagar", "source": "LGD", "lon": 94.864849428923279, "lat": 26.914425804543033, "elevation_m": 103.76315, "slope_deg": 3.4537125, "profile_curv": -0.0031697, "plan_curv": -0.038130008, "static_susceptibility": 0.24494949224298138, "susceptibility_tier": "low" }, "geometry": { "type": "Point", "coordinates": [ 94.864849428923279, 26.914425804543033 ] } },
{ "type": "Feature", "properties": { "settlement_id": "LGD_0100", "name": " ", "district": "Sivasagar", "source": "LGD", "lon": 94.85160785186423, "lat": 26.886263884580469, "elevation_m": 117.02807, "slope_deg": 11.036423, "profile_curv": 0.00015435413, "plan_curv": -0.068042144, "static_susceptibility": 0.2888741746727258, "susceptibility_tier": "low" }, "geometry": { "type": "Point", "coordinates": [ 94.85160785186423, 26.886263884580469 ] } },
{ "type": "Feature", "properties": { "settlement_id": "LGD_0101", "name": " ", "district": "Sivasagar", "source": "LGD", "lon": 94.840533325683907, "lat": 26.878354288775167, "elevation_m": 114.18008, "slope_deg": 4.50739, "profile_curv": 0.0029617879, "plan_curv": 0.016063793, "static_susceptibility": 0.24537060733829533, "susceptibility_tier": "low" }, "geometry": { "type": "Point", "coordinates": [ 94.840533325683907, 26.878354288775167 ] } },
{ "type": "Feature", "properties": { "settlement_id": "LGD_0102", "name": "Khula Khowa Pothar", "district": "Sivasagar", "source": "LGD", "lon": 94.847411563606585, "lat": 26.897689761997782, "elevation_m": 110.47631, "slope_deg": 10.817978, "profile_curv": -0.0032278148, "plan_curv": -0.044154488, "static_susceptibility": 0.28432624823016167, "susceptibility_tier": "low" }, "geometry": { "type": "Point", "coordinates": [ 94.847411563606585, 26.897689761997782 ] } },
{ "type": "Feature", "properties": { "settlement_id": "LGD_0103", "name": "Khula Khowa Pothar", "district": "Sivasagar", "source": "LGD", "lon": 94.855369821648452, "lat": 26.906387580607944, "elevation_m": 105.29398, "slope_deg": 12.2471, "profile_curv": -0.0025123141, "plan_curv": -0.028795663, "static_susceptibility": 0.28923863048638088, "susceptibility_tier": "low" }, "geometry": { "type": "Point", "coordinates": [ 94.855369821648452, 26.906387580607944 ] } },
{ "type": "Feature", "properties": { "settlement_id": "LGD_0104", "name": " ", "district": "Charaideo", "source": "LGD", "lon": 94.850819342717273, "lat": 26.938126229191234, "elevation_m": 97.571213, "slope_deg": 3.5947967, "profile_curv": -0.00034694397, "plan_curv": 0.0063811876, "static_susceptibility": 0.23974250168136058, "susceptibility_tier": "low" }, "geometry": { "type": "Point", "coordinates": [ 94.850819342717273, 26.938126229191234 ] } },
{ "type": "Feature", "properties": { "settlement_id": "LGD_0105", "name": "Gochai Kolakhat", "district": "Sivasagar", "source": "LGD", "lon": 94.848825060579912, "lat": 26.921705450871116, "elevation_m": 98.5298, "slope_deg": 2.53654, "profile_curv": -0.00042392631, "plan_curv": -0.11064016, "static_susceptibility": 0.24673167680824776, "susceptibility_tier": "low" }, "geometry": { "type": "Point", "coordinates": [ 94.848825060579912, 26.921705450871116 ] } },
{ "type": "Feature", "properties": { "settlement_id": "LGD_0106", "name": "Bamun Bari", "district": "Sivasagar", "source": "LGD", "lon": 94.843279338221848, "lat": 26.923921979686774, "elevation_m": 107.29392, "slope_deg": 5.2168889, "profile_curv": 0.0065245451, "plan_curv": 0.10011725, "static_susceptibility": 0.23867799922968766, "susceptibility_tier": "low" }, "geometry": { "type": "Point", "coordinates": [ 94.843279338221848, 26.923921979686774 ] } },
{ "type": "Feature", "properties": { "settlement_id": "LGD_0107", "name": " ", "district": "Charaideo", "source": "LGD", "lon": 94.844180895166545, "lat": 26.939619172335597, "elevation_m": 97.775093, "slope_deg": 5.6829166, "profile_curv": -0.0035240655, "plan_curv": -0.0028878169, "static_susceptibility": 0.25130615978880172, "susceptibility_tier": "low" }, "geometry": { "type": "Point", "coordinates": [ 94.844180895166545, 26.939619172335597 ] } },
{ "type": "Feature", "properties": { "settlement_id": "LGD_0108", "name": "Ghorpholia", "district": "Charaideo", "source": "LGD", "lon": 94.840074272609215, "lat": 26.948849400025779, "elevation_m": 96.541481, "slope_deg": 0.59635806, "profile_curv": 0.00031759142, "plan_curv": 0.034226481, "static_susceptibility": 0.22275989775237914, "susceptibility_tier": "low" }, "geometry": { "type": "Point", "coordinates": [ 94.840074272609215, 26.948849400025779 ] } },
{ "type": "Feature", "properties": { "settlement_id": "LGD_0109", "name": " ", "district": "Charaideo", "source": "LGD", "lon": 94.850969703905008, "lat": 26.962988465666474, "elevation_m": 102.76195, "slope_deg": 7.0429044, "profile_curv": -0.0027231914, "plan_curv": -0.00085419044, "static_susceptibility": 0.2585892727727731, "susceptibility_tier": "low" }, "geometry": { "type": "Point", "coordinates": [ 94.850969703905008, 26.962988465666474 ] } },
{ "type": "Feature", "properties": { "settlement_id": "LGD_0110", "name": " ", "district": "Charaideo", "source": "LGD", "lon": 94.881672142044422, "lat": 26.966490573025634, "elevation_m": 102.44485, "slope_deg": 5.0956783, "profile_curv": 0.0036247326, "plan_curv": 0.12322183, "static_susceptibility": 0.2354001915347663, "susceptibility_tier": "low" }, "geometry": { "type": "Point", "coordinates": [ 94.881672142044422, 26.966490573025634 ] } },
{ "type": "Feature", "properties": { "settlement_id": "LGD_0111", "name": "Chakial Gaon", "district": "Charaideo", "source": "LGD", "lon": 94.866578039199439, "lat": 26.955873465966739, "elevation_m": 98.301186, "slope_deg": 0.33170736, "profile_curv": -0.00026946361, "plan_curv": 0.22630763, "static_susceptibility": 0.204052010361956, "susceptibility_tier": "low" }, "geometry": { "type": "Point", "coordinates": [ 94.866578039199439, 26.955873465966739 ] } },
{ "type": "Feature", "properties": { "settlement_id": "LGD_0112", "name": "Bhakat Gaon", "district": "Charaideo", "source": "LGD", "lon": 94.887708078849244, "lat": 26.986719962786932, "elevation_m": 101.58978, "slope_deg": 5.2875853, "profile_curv": 0.00049820525, "plan_curv": 0.027410511, "static_susceptibility": 0.24630649106517485, "susceptibility_tier": "low" }, "geometry": { "type": "Point", "coordinates": [ 94.887708078849244, 26.986719962786932 ] } },
{ "type": "Feature", "properties": { "settlement_id": "LGD_0113", "name": "Bhokot Bhajoni Pothar", "district": "Charaideo", "source": "LGD", "lon": 94.85955932669485, "lat": 26.989036243463552, "elevation_m": 97.829353, "slope_deg": 3.0466642, "profile_curv": -0.00094028201, "plan_curv": -0.098361284, "static_susceptibility": 0.24791428463121942, "susceptibility_tier": "low" }, "geometry": { "type": "Point", "coordinates": [ 94.85955932669485, 26.989036243463552 ] } },
{ "type": "Feature", "properties": { "settlement_id": "LGD_0114", "name": "Charimuthia Gaon", "district": "Charaideo", "source": "LGD", "lon": 94.839224698589234, "lat": 26.982814180667024, "elevation_m": 105.14423, "slope_deg": 6.2690973, "profile_curv": -0.0038379745, "plan_curv": 0.052290667, "static_susceptibility": 0.24969453883628021, "susceptibility_tier": "low" }, "geometry": { "type": "Point", "coordinates": [ 94.839224698589234, 26.982814180667024 ] } },
{ "type": "Feature", "properties": { "settlement_id": "LGD_0115", "name": "Tipomia", "district": "Charaideo", "source": "LGD", "lon": 94.818454823000636, "lat": 26.98715198250828, "elevation_m": 95.12677, "slope_deg": 5.3716092, "profile_curv": 2.7071841e-05, "plan_curv": -0.12205128, "static_susceptibility": 0.26142017046751698, "susceptibility_tier": "low" }, "geometry": { "type": "Point", "coordinates": [ 94.818454823000636, 26.98715198250828 ] } },
{ "type": "Feature", "properties": { "settlement_id": "LGD_0116", "name": "Charimuthia Gaon", "district": "Charaideo", "source": "LGD", "lon": 94.833080169253918, "lat": 26.969784601010378, "elevation_m": 95.576904, "slope_deg": 5.7985225, "profile_curv": -8.6276523e-05, "plan_curv": -0.042203337, "static_susceptibility": 0.25517744491785976, "susceptibility_tier": "low" }, "geometry": { "type": "Point", "coordinates": [ 94.833080169253918, 26.969784601010378 ] } },
{ "type": "Feature", "properties": { "settlement_id": "LGD_0117", "name": "Dhamdhuli Gaon", "district": "Charaideo", "source": "LGD", "lon": 94.827571116651853, "lat": 26.949346158549524, "elevation_m": 97.420517, "slope_deg": 7.3865113, "profile_curv": -0.00093324104, "plan_curv": -0.00052443019, "static_susceptibility": 0.25915180834991525, "susceptibility_tier": "low" }, "geometry": { "type": "Point", "coordinates": [ 94.827571116651853, 26.949346158549524 ] } },
{ "type": "Feature", "properties": { "settlement_id": "LGD_0118", "name": "Moran Gaon", "district": "Charaideo", "source": "LGD", "lon": 94.80811864509505, "lat": 26.942584613918012, "elevation_m": 103.66383, "slope_deg": 10.510168, "profile_curv": 0.0054684896, "plan_curv": 0.0094239712, "static_susceptibility": 0.27427973465978434, "susceptibility_tier": "low" }, "geometry": { "type": "Point", "coordinates": [ 94.80811864509505, 26.942584613918012 ] } },
{ "type": "Feature", "properties": { "settlement_id": "LGD_0119", "name": "Chetia Gaon", "district": "Charaideo", "source": "LGD", "lon": 94.815272929978249, "lat": 26.953085830668439, "elevation_m": 94.830734, "slope_deg": 7.1888161, "profile_curv": -0.00057558093, "plan_curv": -0.0052120443, "static_susceptibility": 0.25817491353267208, "susceptibility_tier": "low" }, "geometry": { "type": "Point", "coordinates": [ 94.815272929978249, 26.953085830668439 ] } },
{ "type": "Feature", "properties": { "settlement_id": "LGD_0120", "name": "Maut Gaon & Mout Gaon Rly. Stn.", "district": "Charaideo", "source": "LGD", "lon": 94.796575224534692, "lat": 26.956885649095881, "elevation_m": 102.92747, "slope_deg": 8.7344513, "profile_curv": 0.0021476371, "plan_curv": -0.093113653, "static_susceptibility": 0.27666403787387117, "susceptibility_tier": "low" }, "geometry": { "type": "Point", "coordinates": [ 94.796575224534692, 26.956885649095881 ] } },
{ "type": "Feature", "properties": { "settlement_id": "LGD_0121", "name": " ", "district": "Charaideo", "source": "LGD", "lon": 94.806764062525417, "lat": 26.962470495940607, "elevation_m": 97.347275, "slope_deg": 3.2463315, "profile_curv": -0.00073608279, "plan_curv": -0.03760656, "static_susceptibility": 0.24254594226713191, "susceptibility_tier": "low" }, "geometry": { "type": "Point", "coordinates": [ 94.806764062525417, 26.962470495940607 ] } },
{ "type": "Feature", "properties": { "settlement_id": "LGD_0122", "name": "Lonpuria", "district": "Charaideo", "source": "LGD", "lon": 94.791683192991272, "lat": 26.944243387757965, "elevation_m": 96.849709, "slope_deg": 5.2108359, "profile_curv": 0.002187754, "plan_curv": 0.040181428, "static_susceptibility": 0.24364051856676533, "susceptibility_tier": "low" }, "geometry": { "type": "Point", "coordinates": [ 94.791683192991272, 26.944243387757965 ] } },
{ "type": "Feature", "properties": { "settlement_id": "LGD_0123", "name": "Bhotorbari", "district": "Charaideo", "source": "LGD", "lon": 94.785181416589438, "lat": 26.955104846976933, "elevation_m": 97.611649, "slope_deg": 6.7560935, "profile_curv": 0.00093984773, "plan_curv": 0.032171819, "static_susceptibility": 0.25232663313438997, "susceptibility_tier": "low" }, "geometry": { "type": "Point", "coordinates": [ 94.785181416589438, 26.955104846976933 ] } },
{ "type": "Feature", "properties": { "settlement_id": "LGD_0124", "name": "Bhajoni", "district": "Charaideo", "source": "LGD", "lon": 94.780507363400645, "lat": 26.970905915454338, "elevation_m": 93.800148, "slope_deg": 3.6065845, "profile_curv": -0.00037709321, "plan_curv": -0.099950306, "static_susceptibility": 0.25010074753698436, "susceptibility_tier": "low" }, "geometry": { "type": "Point", "coordinates": [ 94.780507363400645, 26.970905915454338 ] } },
{ "type": "Feature", "properties": { "settlement_id": "LGD_0125", "name": "Silakuti Bhakat Gaon", "district": "Charaideo", "source": "LGD", "lon": 94.788809118847695, "lat": 26.982117299831195, "elevation_m": 95.5215, "slope_deg": 2.9880676, "profile_curv": -0.00031460539, "plan_curv": 0.011653606, "static_susceptibility": 0.23599723102721015, "susceptibility_tier": "low" }, "geometry": { "type": "Point", "coordinates": [ 94.788809118847695, 26.982117299831195 ] } },
{ "type": "Feature", "properties": { "settlement_id": "LGD_0126", "name": " ", "district": "Charaideo", "source": "LGD", "lon": 94.800168045720028, "lat": 26.972693090005162, "elevation_m": 96.0933, "slope_deg": 5.1030278, "profile_curv": 0.00018755252, "plan_curv": -0.029094687, "static_susceptibility": 0.25040175952133448, "susceptibility_tier": "low" }, "geometry": { "type": "Point", "coordinates": [ 94.800168045720028, 26.972693090005162 ] } },
{ "type": "Feature", "properties": { "settlement_id": "LGD_0127", "name": " ", "district": "Charaideo", "source": "LGD", "lon": 94.804359309133872, "lat": 26.988502787999071, "elevation_m": 95.398506, "slope_deg": 3.7142284, "profile_curv": -0.00015980663, "plan_curv": -0.24253882, "static_susceptibility": 0.2660102603368002, "susceptibility_tier": "low" }, "geometry": { "type": "Point", "coordinates": [ 94.804359309133872, 26.988502787999071 ] } },
{ "type": "Feature", "properties": { "settlement_id": "LGD_0128", "name": "Nongala Mora", "district": "Sivasagar", "source": "LGD", "lon": 94.770020811836702, "lat": 26.992016657211899, "elevation_m": 95.035889, "slope_deg": 8.1352148, "profile_curv": -0.00858803, "plan_curv": -0.017430441, "static_susceptibility": 0.26542929997778236, "susceptibility_tier": "low" }, "geometry": { "type": "Point", "coordinates": [ 94.770020811836702, 26.992016657211899 ] } },
{ "type": "Feature", "properties": { "settlement_id": "LGD_0129", "name": "Jalukani Bill", "district": "Sivasagar", "source": "LGD", "lon": 94.76628217233818, "lat": 26.976983306424721, "elevation_m": 94.062531, "slope_deg": 7.2979836, "profile_curv": -0.00022395598, "plan_curv": 0.012040537, "static_susceptibility": 0.25671906870474603, "susceptibility_tier": "low" }, "geometry": { "type": "Point", "coordinates": [ 94.76628217233818, 26.976983306424721 ] } },
{ "type": "Feature", "properties": { "settlement_id": "LGD_0130", "name": "Kataki Kush", "district": "Sivasagar", "source": "LGD", "lon": 94.755293392844919, "lat": 26.982497416076278, "elevation_m": 93.773262, "slope_deg": 3.5294909, "profile_curv": 1.1576644e-05, "plan_curv": -0.010734073, "static_susceptibility": 0.24051347594327646, "susceptibility_tier": "low" }, "geometry": { "type": "Point", "coordinates": [ 94.755293392844919, 26.982497416076278 ] } },
{ "type": "Feature", "properties": { "settlement_id": "LGD_0131", "name": "Borbil", "district": "Sivasagar", "source": "LGD", "lon": 94.749773495823675, "lat": 26.999897334484121, "elevation_m": 97.860031, "slope_deg": 8.5987968, "profile_curv": -0.0040979716, "plan_curv": 0.022613022, "static_susceptibility": 0.26333139655125248, "susceptibility_tier": "low" }, "geometry": { "type": "Point", "coordinates": [ 94.749773495823675, 26.999897334484121 ] } },
{ "type": "Feature", "properties": { "settlement_id": "LGD_0132", "name": " ", "district": "Sivasagar", "source": "LGD", "lon": 94.736577116524018, "lat": 26.992346461469857, "elevation_m": 92.807076, "slope_deg": 0.41033557, "profile_curv": -2.6506752e-05, "plan_curv": -0.096524164, "static_susceptibility": 0.23414746714490831, "susceptibility_tier": "low" }, "geometry": { "type": "Point", "coordinates": [ 94.736577116524018, 26.992346461469857 ] } },
{ "type": "Feature", "properties": { "settlement_id": "LGD_0133", "name": "Duwari Gaon", "district": "Sivasagar", "source": "LGD", "lon": 94.720344530045296, "lat": 26.997708559659664, "elevation_m": 91.278381, "slope_deg": 0.41822836, "profile_curv": 2.7277356e-05, "plan_curv": -0.086396806, "static_susceptibility": 0.23293538310078285, "susceptibility_tier": "low" }, "geometry": { "type": "Point", "coordinates": [ 94.720344530045296, 26.997708559659664 ] } },
{ "type": "Feature", "properties": { "settlement_id": "LGD_0134", "name": " ", "district": "Sivasagar", "source": "LGD", "lon": 94.723301951361634, "lat": 26.978142034938273, "elevation_m": 91.954887, "slope_deg": 0.33555835, "profile_curv": 7.2204297e-05, "plan_curv": 0.012913598, "static_susceptibility": 0.22296181785703612, "susceptibility_tier": "low" }, "geometry": { "type": "Point", "coordinates": [ 94.723301951361634, 26.978142034938273 ] } },
{ "type": "Feature", "properties": { "settlement_id": "LGD_0135", "name": " ", "district": "Sivasagar", "source": "LGD", "lon": 94.736034090983338, "lat": 26.972191870334555, "elevation_m": 92.806419, "slope_deg": 7.1146183, "profile_curv": -0.0025297017, "plan_curv": -0.011038493, "static_susceptibility": 0.25835185362177115, "susceptibility_tier": "low" }, "geometry": { "type": "Point", "coordinates": [ 94.736034090983338, 26.972191870334555 ] } },
{ "type": "Feature", "properties": { "settlement_id": "LGD_0136", "name": "Dimoral", "district": "Sivasagar", "source": "LGD", "lon": 94.741094487335388, "lat": 26.980672217140395, "elevation_m": 92.604858, "slope_deg": 1.2392064, "profile_curv": -1.9991758e-05, "plan_curv": -0.031054057, "static_susceptibility": 0.23152024636879734, "susceptibility_tier": "low" }, "geometry": { "type": "Point", "coordinates": [ 94.741094487335388, 26.980672217140395 ] } },
{ "type": "Feature", "properties": { "settlement_id": "LGD_0137", "name": " ", "district": "Sivasagar", "source": "LGD", "lon": 94.734693728397417, "lat": 26.960112476610494, "elevation_m": 95.331741, "slope_deg": 8.3412466, "profile_curv": -0.010336258, "plan_curv": -0.037882511, "static_susceptibility": 0.26900428036778035, "susceptibility_tier": "low" }, "geometry": { "type": "Point", "coordinates": [ 94.734693728397417, 26.960112476610494 ] } },
{ "type": "Feature", "properties": { "settlement_id": "LGD_0138", "name": "Dimoral", "district": "Sivasagar", "source": "LGD", "lon": 94.7206909466843, "lat": 26.96578215851266, "elevation_m": 104.37257, "slope_deg": 7.0488091, "profile_curv": -0.0002859926, "plan_curv": 0.025986999, "static_susceptibility": 0.25571001305391161, "susceptibility_tier": "low" }, "geometry": { "type": "Point", "coordinates": [ 94.7206909466843, 26.96578215851266 ] } },
{ "type": "Feature", "properties": { "settlement_id": "LGD_0139", "name": " ", "district": "Sivasagar", "source": "LGD", "lon": 94.722339258491218, "lat": 26.953728225646689, "elevation_m": 101.4577, "slope_deg": 6.2160735, "profile_curv": 0.0054077124, "plan_curv": 0.024282893, "static_susceptibility": 0.25050667613038452, "susceptibility_tier": "low" }, "geometry": { "type": "Point", "coordinates": [ 94.722339258491218, 26.953728225646689 ] } },
{ "type": "Feature", "properties": { "settlement_id": "LGD_0140", "name": " ", "district": "Sivasagar", "source": "LGD", "lon": 94.725150753430057, "lat": 26.940954067261238, "elevation_m": 108.90587, "slope_deg": 9.067049, "profile_curv": 0.010567273, "plan_curv": 0.12511709, "static_susceptibility": 0.25461146359816683, "susceptibility_tier": "low" }, "geometry": { "type": "Point", "coordinates": [ 94.725150753430057, 26.940954067261238 ] } },
{ "type": "Feature", "properties": { "settlement_id": "LGD_0141", "name": " ", "district": "Sivasagar", "source": "LGD", "lon": 94.738734626897696, "lat": 26.947890801693404, "elevation_m": 94.303772, "slope_deg": 2.9727635, "profile_curv": -0.00013835795, "plan_curv": -0.0012121634, "static_susceptibility": 0.23699931918727546, "susceptibility_tier": "low" }, "geometry": { "type": "Point", "coordinates": [ 94.738734626897696, 26.947890801693404 ] } },
{ "type": "Feature", "properties": { "settlement_id": "LGD_0142", "name": "Khanikar", "district": "Charaideo", "source": "LGD", "lon": 94.755201492797639, "lat": 26.943250834346166, "elevation_m": 96.069885, "slope_deg": 9.0511913, "profile_curv": -0.0085301502, "plan_curv": 0.017947778, "static_susceptibility": 0.26646371486528986, "susceptibility_tier": "low" }, "geometry": { "type": "Point", "coordinates": [ 94.755201492797639, 26.943250834346166 ] } },
{ "type": "Feature", "properties": { "settlement_id": "LGD_0143", "name": " ", "district": "Sivasagar", "source": "LGD", "lon": 94.751321639683155, "lat": 26.96165761824286, "elevation_m": 93.726151, "slope_deg": 5.2149777, "profile_curv": -0.0001299235, "plan_curv": -0.088379234, "static_susceptibility": 0.25683475607329859, "susceptibility_tier": "low" }, "geometry": { "type": "Point", "coordinates": [ 94.751321639683155, 26.96165761824286 ] } },
{ "type": "Feature", "properties": { "settlement_id": "LGD_0144", "name": "Pani Bill", "district": "Charaideo", "source": "LGD", "lon": 94.766983479653504, "lat": 26.957451533194885, "elevation_m": 94.658142, "slope_deg": 7.366096, "profile_curv": -0.0020249966, "plan_curv": -0.059837773, "static_susceptibility": 0.26509629806429358, "susceptibility_tier": "low" }, "geometry": { "type": "Point", "coordinates": [ 94.766983479653504, 26.957451533194885 ] } },
{ "type": "Feature", "properties": { "settlement_id": "LGD_0145", "name": "Deodhai", "district": "Charaideo", "source": "LGD", "lon": 94.772708380182792, "lat": 26.943713546306924, "elevation_m": 100.48164, "slope_deg": 8.821373, "profile_curv": 0.0026365966, "plan_curv": 0.056327958, "static_susceptibility": 0.26035705894176631, "susceptibility_tier": "low" }, "geometry": { "type": "Point", "coordinates": [ 94.772708380182792, 26.943713546306924 ] } },
{ "type": "Feature", "properties": { "settlement_id": "LGD_0146", "name": "Ramu Gaon", "district": "Charaideo", "source": "LGD", "lon": 94.771544551032008, "lat": 26.928442241260178, "elevation_m": 94.518921, "slope_deg": 0.50630432, "profile_curv": 0.00016835562, "plan_curv": 0.029575547, "static_susceptibility": 0.22251182534956485, "susceptibility_tier": "low" }, "geometry": { "type": "Point", "coordinates": [ 94.771544551032008, 26.928442241260178 ] } },
{ "type": "Feature", "properties": { "settlement_id": "LGD_0147", "name": "Pohuchungi Deodhai", "district": "Sivasagar", "source": "LGD", "lon": 94.764540918612283, "lat": 26.916117321568038, "elevation_m": 96.066612, "slope_deg": 5.0116215, "profile_curv": -0.00098447711, "plan_curv": 0.052565798, "static_susceptibility": 0.24170896044660733, "susceptibility_tier": "low" }, "geometry": { "type": "Point", "coordinates": [ 94.764540918612283, 26.916117321568038 ] } },
{ "type": "Feature", "properties": { "settlement_id": "LGD_0148", "name": "Bailung Gaon", "district": "Sivasagar", "source": "LGD", "lon": 94.747984054810729, "lat": 26.912384961091259, "elevation_m": 108.74651, "slope_deg": 10.805962, "profile_curv": 0.008311186, "plan_curv": 0.0072855204, "static_susceptibility": 0.27654052182898059, "susceptibility_tier": "low" }, "geometry": { "type": "Point", "coordinates": [ 94.747984054810729, 26.912384961091259 ] } },
{ "type": "Feature", "properties": { "settlement_id": "LGD_0149", "name": "Borkola Gorh Gaon", "district": "Charaideo", "source": "LGD", "lon": 94.748229719048652, "lat": 26.932964036825378, "elevation_m": 97.078354, "slope_deg": 4.7892694, "profile_curv": -0.00085216499, "plan_curv": -0.34823626, "static_susceptibility": 0.28370262987022837, "susceptibility_tier": "low" }, "geometry": { "type": "Point", "coordinates": [ 94.748229719048652, 26.932964036825378 ] } },
{ "type": "Feature", "properties": { "settlement_id": "LGD_0150", "name": " ", "district": "Sivasagar", "source": "LGD", "lon": 94.743238892807483, "lat": 26.924053677561513, "elevation_m": 96.671844, "slope_deg": 6.3436804, "profile_curv": -0.0017128326, "plan_curv": -0.011648519, "static_susceptibility": 0.25508056710932414, "susceptibility_tier": "low" }, "geometry": { "type": "Point", "coordinates": [ 94.743238892807483, 26.924053677561513 ] } },
{ "type": "Feature", "properties": { "settlement_id": "LGD_0151", "name": "Na-Mati Gaon", "district": "Sivasagar", "source": "LGD", "lon": 94.725528971224406, "lat": 26.925730077111844, "elevation_m": 95.039635, "slope_deg": 6.0852461, "profile_curv": -0.0059028934, "plan_curv": -0.024532946, "static_susceptibility": 0.25544864590229982, "susceptibility_tier": "low" }, "geometry": { "type": "Point", "coordinates": [ 94.725528971224406, 26.925730077111844 ] } },
{ "type": "Feature", "properties": { "settlement_id": "LGD_0152", "name": "Nazira (MB)", "district": "Sivasagar", "source": "LGD", "lon": 94.736978042789858, "lat": 26.91517498961128, "elevation_m": 100.55406, "slope_deg": 8.3278351, "profile_curv": 0.00029941098, "plan_curv": 0.13713826, "static_susceptibility": 0.24971219848184739, "susceptibility_tier": "low" }, "geometry": { "type": "Point", "coordinates": [ 94.736978042789858, 26.91517498961128 ] } },
{ "type": "Feature", "properties": { "settlement_id": "LGD_0153", "name": "Chanbosa Handique", "district": "Sivasagar", "source": "LGD", "lon": 94.746011004308855, "lat": 26.904016438781365, "elevation_m": 103.73827, "slope_deg": 9.7017918, "profile_curv": -0.00092167873, "plan_curv": 0.050844464, "static_susceptibility": 0.26647500649476319, "susceptibility_tier": "low" }, "geometry": { "type": "Point", "coordinates": [ 94.746011004308855, 26.904016438781365 ] } },
{ "type": "Feature", "properties": { "settlement_id": "LGD_0154", "name": "Likson", "district": "Sivasagar", "source": "LGD", "lon": 94.733853746579172, "lat": 26.89873254710233, "elevation_m": 94.998901, "slope_deg": 0.33240628, "profile_curv": -0.00051871856, "plan_curv": -0.35297135, "static_susceptibility": 0.2606393764723291, "susceptibility_tier": "low" }, "geometry": { "type": "Point", "coordinates": [ 94.733853746579172, 26.89873254710233 ] } },
{ "type": "Feature", "properties": { "settlement_id": "LGD_0155", "name": " ", "district": "Sivasagar", "source": "LGD", "lon": 94.716357486910383, "lat": 26.877728870429312, "elevation_m": 96.224022, "slope_deg": 2.541158, "profile_curv": -0.0038397955, "plan_curv": -0.071880683, "static_susceptibility": 0.24286320518894011, "susceptibility_tier": "low" }, "geometry": { "type": "Point", "coordinates": [ 94.716357486910383, 26.877728870429312 ] } },
{ "type": "Feature", "properties": { "settlement_id": "LGD_0156", "name": "Bhabachuk Gaon", "district": "Sivasagar", "source": "LGD", "lon": 94.730320001062964, "lat": 26.879835366109948, "elevation_m": 95.189758, "slope_deg": 5.0634317, "profile_curv": -0.00026325209, "plan_curv": -0.13130683, "static_susceptibility": 0.26089905176664213, "susceptibility_tier": "low" }, "geometry": { "type": "Point", "coordinates": [ 94.730320001062964, 26.879835366109948 ] } },
{ "type": "Feature", "properties": { "settlement_id": "LGD_0157", "name": "Gohain Handique", "district": "Sivasagar", "source": "LGD", "lon": 94.737840204105467, "lat": 26.886928258274462, "elevation_m": 94.983643, "slope_deg": 5.4515967, "profile_curv": -0.00049527147, "plan_curv": -0.17738703, "static_susceptibility": 0.26784781609778685, "susceptibility_tier": "low" }, "geometry": { "type": "Point", "coordinates": [ 94.737840204105467, 26.886928258274462 ] } },
{ "type": "Feature", "properties": { "settlement_id": "LGD_0158", "name": " ", "district": "Sivasagar", "source": "LGD", "lon": 94.745174802355265, "lat": 26.876850297719592, "elevation_m": 97.949684, "slope_deg": 1.3368417, "profile_curv": 0.0020009878, "plan_curv": 0.092649534, "static_susceptibility": 0.22053003111391178, "susceptibility_tier": "low" }, "geometry": { "type": "Point", "coordinates": [ 94.745174802355265, 26.876850297719592 ] } },
{ "type": "Feature", "properties": { "settlement_id": "LGD_0159", "name": "Mout Gaon", "district": "Sivasagar", "source": "LGD", "lon": 94.755461447739279, "lat": 26.886511633496827, "elevation_m": 100.74683, "slope_deg": 8.2315426, "profile_curv": -0.0055170679, "plan_curv": -0.014008665, "static_susceptibility": 0.26609048778581662, "susceptibility_tier": "low" }, "geometry": { "type": "Point", "coordinates": [ 94.755461447739279, 26.886511633496827 ] } },
{ "type": "Feature", "properties": { "settlement_id": "LGD_0160", "name": "Bailung Gaon", "district": "Sivasagar", "source": "LGD", "lon": 94.760986912946663, "lat": 26.89877371118758, "elevation_m": 103.09055, "slope_deg": 6.1242905, "profile_curv": -0.0018887124, "plan_curv": 0.035531227, "static_susceptibility": 0.25012845077747853, "susceptibility_tier": "low" }, "geometry": { "type": "Point", "coordinates": [ 94.760986912946663, 26.89877371118758 ] } },
{ "type": "Feature", "properties": { "settlement_id": "LGD_0161", "name": "Changdhora", "district": "Sivasagar", "source": "LGD", "lon": 94.773197582378032, "lat": 26.899058048028973, "elevation_m": 96.742119, "slope_deg": 3.1324024, "profile_curv": 0.00018949174, "plan_curv": 0.30905375, "static_susceptibility": 0.20830813042680676, "susceptibility_tier": "low" }, "geometry": { "type": "Point", "coordinates": [ 94.773197582378032, 26.899058048028973 ] } },
{ "type": "Feature", "properties": { "settlement_id": "LGD_0162", "name": "Bali Gaon", "district": "Sivasagar", "source": "LGD", "lon": 94.769808422914551, "lat": 26.883867008770665, "elevation_m": 98.721542, "slope_deg": 10.810444, "profile_curv": 0.00071419356, "plan_curv": 0.024195956, "static_susceptibility": 0.27404314998827933, "susceptibility_tier": "low" }, "geometry": { "type": "Point", "coordinates": [ 94.769808422914551, 26.883867008770665 ] } },
{ "type": "Feature", "properties": { "settlement_id": "LGD_0163", "name": "Changdhora", "district": "Sivasagar", "source": "LGD", "lon": 94.785017777858215, "lat": 26.88770462102184, "elevation_m": 97.720734, "slope_deg": 2.9372027, "profile_curv": 9.4095281e-05, "plan_curv": 0.077653192, "static_susceptibility": 0.22951249158055287, "susceptibility_tier": "low" }, "geometry": { "type": "Point", "coordinates": [ 94.785017777858215, 26.88770462102184 ] } },
{ "type": "Feature", "properties": { "settlement_id": "LGD_0164", "name": " ", "district": "Sivasagar", "source": "LGD", "lon": 94.788819583134398, "lat": 26.880057180497577, "elevation_m": 98.962975, "slope_deg": 3.6751962, "profile_curv": -9.6017313e-05, "plan_curv": 0.03626778, "static_susceptibility": 0.23730296173298851, "susceptibility_tier": "low" }, "geometry": { "type": "Point", "coordinates": [ 94.788819583134398, 26.880057180497577 ] } },
{ "type": "Feature", "properties": { "settlement_id": "LGD_0165", "name": "Adaboria Handique", "district": "Sivasagar", "source": "LGD", "lon": 94.801719773380782, "lat": 26.892016529262616, "elevation_m": 103.98143, "slope_deg": 6.001204, "profile_curv": 0.0027392562, "plan_curv": 0.040066544, "static_susceptibility": 0.24857792420445601, "susceptibility_tier": "low" }, "geometry": { "type": "Point", "coordinates": [ 94.801719773380782, 26.892016529262616 ] } },
{ "type": "Feature", "properties": { "settlement_id": "LGD_0166", "name": "Pator Gaon", "district": "Sivasagar", "source": "LGD", "lon": 94.800252311445135, "lat": 26.902286730841542, "elevation_m": 96.076019, "slope_deg": 4.6431513, "profile_curv": -0.0011881251, "plan_curv": 0.012521604, "static_susceptibility": 0.24404021737704631, "susceptibility_tier": "low" }, "geometry": { "type": "Point", "coordinates": [ 94.800252311445135, 26.902286730841542 ] } },
{ "type": "Feature", "properties": { "settlement_id": "LGD_0167", "name": "Chetia Handique", "district": "Sivasagar", "source": "LGD", "lon": 94.787175531613258, "lat": 26.904561634879681, "elevation_m": 102.05731, "slope_deg": 10.548565, "profile_curv": -0.00089103531, "plan_curv": 0.013400327, "static_susceptibility": 0.27466957350845739, "susceptibility_tier": "low" }, "geometry": { "type": "Point", "coordinates": [ 94.787175531613258, 26.904561634879681 ] } },
{ "type": "Feature", "properties": { "settlement_id": "LGD_0168", "name": "Tipomia", "district": "Sivasagar", "source": "LGD", "lon": 94.778273117347879, "lat": 26.914132437048192, "elevation_m": 95.252281, "slope_deg": 3.2433069, "profile_curv": -0.00013569553, "plan_curv": 0.077771656, "static_susceptibility": 0.23057500970350317, "susceptibility_tier": "low" }, "geometry": { "type": "Point", "coordinates": [ 94.778273117347879, 26.914132437048192 ] } },
{ "type": "Feature", "properties": { "settlement_id": "LGD_0169", "name": "Abhoypuria Gaon", "district": "Charaideo", "source": "LGD", "lon": 94.788099759544792, "lat": 26.93295617170179, "elevation_m": 95.482117, "slope_deg": 6.3376937, "profile_curv": -0.0017618261, "plan_curv": 0.0042052041, "static_susceptibility": 0.25319574425591129, "susceptibility_tier": "low" }, "geometry": { "type": "Point", "coordinates": [ 94.788099759544792, 26.93295617170179 ] } },
{ "type": "Feature", "properties": { "settlement_id": "LGD_0170", "name": "Chumoni", "district": "Charaideo", "source": "LGD", "lon": 94.800126225710414, "lat": 26.930501693374225, "elevation_m": 95.047615, "slope_deg": 8.2763891, "profile_curv": -0.0026545862, "plan_curv": -0.0001119943, "static_susceptibility": 0.26345971457954004, "susceptibility_tier": "low" }, "geometry": { "type": "Point", "coordinates": [ 94.800126225710414, 26.930501693374225 ] } },
{ "type": "Feature", "properties": { "settlement_id": "LGD_0171", "name": "Bangmuria Konwar", "district": "Sivasagar", "source": "LGD", "lon": 94.797297625619947, "lat": 26.914480890021132, "elevation_m": 94.823875, "slope_deg": 3.2654011, "profile_curv": -9.5234182e-06, "plan_curv": -0.057060611, "static_susceptibility": 0.24412572389910511, "susceptibility_tier": "low" }, "geometry": { "type": "Point", "coordinates": [ 94.797297625619947, 26.914480890021132 ] } },
{ "type": "Feature", "properties": { "settlement_id": "LGD_0172", "name": "Mohan", "district": "Sivasagar", "source": "LGD", "lon": 94.818297179883174, "lat": 26.911022951222968, "elevation_m": 97.117462, "slope_deg": 4.0215282, "profile_curv": -0.0011288818, "plan_curv": 0.020268805, "static_susceptibility": 0.24041283145900977, "susceptibility_tier": "low" }, "geometry": { "type": "Point", "coordinates": [ 94.818297179883174, 26.911022951222968 ] } },
{ "type": "Feature", "properties": { "settlement_id": "LGD_0173", "name": "Lahon Gaon", "district": "Sivasagar", "source": "LGD", "lon": 94.809915769830553, "lat": 26.919380231874733, "elevation_m": 100.10078, "slope_deg": 4.7966428, "profile_curv": -0.00090479356, "plan_curv": 0.0043663001, "static_susceptibility": 0.24623109710971811, "susceptibility_tier": "low" }, "geometry": { "type": "Point", "coordinates": [ 94.809915769830553, 26.919380231874733 ] } },
{ "type": "Feature", "properties": { "settlement_id": "LGD_0174", "name": "Chuladhowa Khonikar", "district": "Charaideo", "source": "LGD", "lon": 94.814846207281533, "lat": 26.932400630036351, "elevation_m": 94.87812, "slope_deg": 3.1870241, "profile_curv": -0.00014487609, "plan_curv": -0.032242879, "static_susceptibility": 0.24124487984132992, "susceptibility_tier": "low" }, "geometry": { "type": "Point", "coordinates": [ 94.814846207281533, 26.932400630036351 ] } },
{ "type": "Feature", "properties": { "settlement_id": "LGD_0175", "name": "Kukurachowa Gaon", "district": "Charaideo", "source": "LGD", "lon": 94.827559029727368, "lat": 26.930970470582199, "elevation_m": 95.441635, "slope_deg": 0.34502983, "profile_curv": 3.0274727e-05, "plan_curv": -0.17858395, "static_susceptibility": 0.24250162142439424, "susceptibility_tier": "low" }, "geometry": { "type": "Point", "coordinates": [ 94.827559029727368, 26.930970470582199 ] } },
{ "type": "Feature", "properties": { "settlement_id": "LGD_0176", "name": "Duwara Gaon", "district": "Sivasagar", "source": "LGD", "lon": 94.830522843553481, "lat": 26.921235001787061, "elevation_m": 105.78618, "slope_deg": 5.548934, "profile_curv": 0.0070336964, "plan_curv": 0.059397116, "static_susceptibility": 0.24410321792989892, "susceptibility_tier": "low" }, "geometry": { "type": "Point", "coordinates": [ 94.830522843553481, 26.921235001787061 ] } },
{ "type": "Feature", "properties": { "settlement_id": "LGD_0177", "name": "Belang Bari", "district": "Sivasagar", "source": "LGD", "lon": 94.83466783431318, "lat": 26.910925576234224, "elevation_m": 98.134544, "slope_deg": 1.1944381, "profile_curv": -0.00019036098, "plan_curv": -0.050833628, "static_susceptibility": 0.23414710567661368, "susceptibility_tier": "low" }, "geometry": { "type": "Point", "coordinates": [ 94.83466783431318, 26.910925576234224 ] } },
{ "type": "Feature", "properties": { "settlement_id": "LGD_0178", "name": "Nimaigorh Habi", "district": "Sivasagar", "source": "LGD", "lon": 94.824789206486813, "lat": 26.895165343994481, "elevation_m": 101.25336, "slope_deg": 2.7342603, "profile_curv": -0.00024852317, "plan_curv": -0.063655302, "static_susceptibility": 0.24328713638606225, "susceptibility_tier": "low" }, "geometry": { "type": "Point", "coordinates": [ 94.824789206486813, 26.895165343994481 ] } },
{ "type": "Feature", "properties": { "settlement_id": "LGD_0179", "name": "Na-Gaon", "district": "Sivasagar", "source": "LGD", "lon": 94.809719742130483, "lat": 26.877989955006036, "elevation_m": 115.62492, "slope_deg": 5.7697024, "profile_curv": 0.0082701864, "plan_curv": 0.12428162, "static_susceptibility": 0.2399699386975214, "susceptibility_tier": "low" }, "geometry": { "type": "Point", "coordinates": [ 94.809719742130483, 26.877989955006036 ] } },
{ "type": "Feature", "properties": { "settlement_id": "LGD_0180", "name": "Upper Namchai", "district": "Sivasagar", "source": "LGD", "lon": 94.832012191380841, "lat": 26.872582556707336, "elevation_m": 111.40858, "slope_deg": 3.9295795, "profile_curv": -0.00084767299, "plan_curv": -0.2917023, "static_susceptibility": 0.2753443212151433, "susceptibility_tier": "low" }, "geometry": { "type": "Point", "coordinates": [ 94.832012191380841, 26.872582556707336 ] } },
{ "type": "Feature", "properties": { "settlement_id": "LGD_0181", "name": " ", "district": "Sivasagar", "source": "LGD", "lon": 94.822632234064329, "lat": 26.865542023950187, "elevation_m": 108.53535, "slope_deg": 2.7131443, "profile_curv": 0.00017117805, "plan_curv": 0.062732682, "static_susceptibility": 0.23158940735305464, "susceptibility_tier": "low" }, "geometry": { "type": "Point", "coordinates": [ 94.822632234064329, 26.865542023950187 ] } },
{ "type": "Feature", "properties": { "settlement_id": "LGD_0182", "name": "Sontok  Grant", "district": "Sivasagar", "source": "LGD", "lon": 94.810646350672968, "lat": 26.859202802463049, "elevation_m": 110.84272, "slope_deg": 3.7496409, "profile_curv": 0.0032641497, "plan_curv": -0.0058240737, "static_susceptibility": 0.24336220475486831, "susceptibility_tier": "low" }, "geometry": { "type": "Point", "coordinates": [ 94.810646350672968, 26.859202802463049 ] } },
{ "type": "Feature", "properties": { "settlement_id": "LGD_0183", "name": " ", "district": "Sivasagar", "source": "LGD", "lon": 94.812936236432407, "lat": 26.844436260867859, "elevation_m": 110.70592, "slope_deg": 4.9730253, "profile_curv": 0.0052747428, "plan_curv": 0.043672618, "static_susceptibility": 0.24393979087322956, "susceptibility_tier": "low" }, "geometry": { "type": "Point", "coordinates": [ 94.812936236432407, 26.844436260867859 ] } },
{ "type": "Feature", "properties": { "settlement_id": "LGD_0184", "name": "Rojabheta No.1", "district": "Sivasagar", "source": "LGD", "lon": 94.794646676698036, "lat": 26.81257198426492, "elevation_m": 102.91142, "slope_deg": 53.102345, "profile_curv": 0.0042291856, "plan_curv": 0.028087571, "static_susceptibility": 0.53384593949365255, "susceptibility_tier": "moderate" }, "geometry": { "type": "Point", "coordinates": [ 94.794646676698036, 26.81257198426492 ] } },
{ "type": "Feature", "properties": { "settlement_id": "LGD_0185", "name": " ", "district": "Sivasagar", "source": "LGD", "lon": 94.801924926944778, "lat": 26.824928926510132, "elevation_m": 96.5, "slope_deg": 7.2897635, "profile_curv": 0.0, "plan_curv": 0.0, "static_susceptibility": 0.25832764680057502, "susceptibility_tier": "low" }, "geometry": { "type": "Point", "coordinates": [ 94.801924926944778, 26.824928926510132 ] } },
{ "type": "Feature", "properties": { "settlement_id": "LGD_0186", "name": "Bihubor Grant", "district": "Sivasagar", "source": "LGD", "lon": 94.782037293679878, "lat": 26.81955348565673, "elevation_m": 110.3595, "slope_deg": 3.7900851, "profile_curv": 0.0028109108, "plan_curv": 0.033728953, "static_susceptibility": 0.23952302995469033, "susceptibility_tier": "low" }, "geometry": { "type": "Point", "coordinates": [ 94.782037293679878, 26.81955348565673 ] } },
{ "type": "Feature", "properties": { "settlement_id": "LGD_0187", "name": "Bor Gohain", "district": "Sivasagar", "source": "LGD", "lon": 94.784476649318833, "lat": 26.835568049482642, "elevation_m": 105.42375, "slope_deg": 8.2673082, "profile_curv": -0.0028466012, "plan_curv": -0.015503825, "static_susceptibility": 0.26685549414181986, "susceptibility_tier": "low" }, "geometry": { "type": "Point", "coordinates": [ 94.784476649318833, 26.835568049482642 ] } },
{ "type": "Feature", "properties": { "settlement_id": "LGD_0188", "name": "Bamun Pukhuri Chah Bagicha", "district": "Sivasagar", "source": "LGD", "lon": 94.786296227469279, "lat": 26.852993376040306, "elevation_m": 104.74332, "slope_deg": 4.9607835, "profile_curv": -0.00018379174, "plan_curv": 0.071246125, "static_susceptibility": 0.24084072164951853, "susceptibility_tier": "low" }, "geometry": { "type": "Point", "coordinates": [ 94.786296227469279, 26.852993376040306 ] } },
{ "type": "Feature", "properties": { "settlement_id": "LGD_0189", "name": "Garmur Miri", "district": "Sivasagar", "source": "LGD", "lon": 94.798563146899454, "lat": 26.847628935478959, "elevation_m": 110.21357, "slope_deg": 6.9469795, "profile_curv": 0.0015648241, "plan_curv": 0.011982928, "static_susceptibility": 0.25739424404686073, "susceptibility_tier": "low" }, "geometry": { "type": "Point", "coordinates": [ 94.798563146899454, 26.847628935478959 ] } },
{ "type": "Feature", "properties": { "settlement_id": "LGD_0190", "name": "Bogdoi", "district": "Sivasagar", "source": "LGD", "lon": 94.795736715475897, "lat": 26.872273442016031, "elevation_m": 101.41499, "slope_deg": 6.1209731, "profile_curv": -0.0024400917, "plan_curv": 0.0052475012, "static_susceptibility": 0.25307436314460308, "susceptibility_tier": "low" }, "geometry": { "type": "Point", "coordinates": [ 94.795736715475897, 26.872273442016031 ] } },
{ "type": "Feature", "properties": { "settlement_id": "LGD_0191", "name": "Miri Gaon", "district": "Sivasagar", "source": "LGD", "lon": 94.784272752486771, "lat": 26.870710557234919, "elevation_m": 103.18919, "slope_deg": 3.8555083, "profile_curv": 0.0013454461, "plan_curv": 0.004491182, "static_susceptibility": 0.24185512611162058, "susceptibility_tier": "low" }, "geometry": { "type": "Point", "coordinates": [ 94.784272752486771, 26.870710557234919 ] } },
{ "type": "Feature", "properties": { "settlement_id": "LGD_0192", "name": "Hulal Kalita", "district": "Sivasagar", "source": "LGD", "lon": 94.772962625821236, "lat": 26.863762327212811, "elevation_m": 100.93923, "slope_deg": 1.9669412, "profile_curv": -9.8581753e-05, "plan_curv": -0.12219974, "static_susceptibility": 0.24548935758006488, "susceptibility_tier": "low" }, "geometry": { "type": "Point", "coordinates": [ 94.772962625821236, 26.863762327212811 ] } },
{ "type": "Feature", "properties": { "settlement_id": "LGD_0193", "name": "Methonchowa Grant", "district": "Sivasagar", "source": "LGD", "lon": 94.765887083914762, "lat": 26.844448410098614, "elevation_m": 102.84286, "slope_deg": 4.3021293, "profile_curv": -0.00039136832, "plan_curv": -0.019284638, "static_susceptibility": 0.24662745372086045, "susceptibility_tier": "low" }, "geometry": { "type": "Point", "coordinates": [ 94.765887083914762, 26.844448410098614 ] } },
{ "type": "Feature", "properties": { "settlement_id": "LGD_0194", "name": "Nirmolia Gaon", "district": "Sivasagar", "source": "LGD", "lon": 94.759206235829922, "lat": 26.86047611242688, "elevation_m": 100.12902, "slope_deg": 5.2018442, "profile_curv": -0.0030991251, "plan_curv": -0.0064167003, "static_susceptibility": 0.24962738752601621, "susceptibility_tier": "low" }, "geometry": { "type": "Point", "coordinates": [ 94.759206235829922, 26.86047611242688 ] } },
{ "type": "Feature", "properties": { "settlement_id": "LGD_0195", "name": " ", "district": "Sivasagar", "source": "LGD", "lon": 94.727301657889853, "lat": 26.860302888724831, "elevation_m": 99.641876, "slope_deg": 5.6358771, "profile_curv": -0.0022308701, "plan_curv": -0.045568477, "static_susceptibility": 0.25568161631933084, "susceptibility_tier": "low" }, "geometry": { "type": "Point", "coordinates": [ 94.727301657889853, 26.860302888724831 ] } },
{ "type": "Feature", "properties": { "settlement_id": "LGD_0196", "name": "Halua Gaon", "district": "Sivasagar", "source": "LGD", "lon": 94.745646988502031, "lat": 26.854563642100473, "elevation_m": 99.786743, "slope_deg": 7.3009958, "profile_curv": -0.00077162823, "plan_curv": 0.0068050446, "static_susceptibility": 0.25831289560416532, "susceptibility_tier": "low" }, "geometry": { "type": "Point", "coordinates": [ 94.745646988502031, 26.854563642100473 ] } },
{ "type": "Feature", "properties": { "settlement_id": "LGD_0197", "name": "Asalabari Gaon", "district": "Sivasagar", "source": "LGD", "lon": 94.737728588631853, "lat": 26.833307277995811, "elevation_m": 99.768105, "slope_deg": 11.535733, "profile_curv": -0.0001357182, "plan_curv": -0.49966893, "static_susceptibility": 0.34002416427273358, "susceptibility_tier": "low" }, "geometry": { "type": "Point", "coordinates": [ 94.737728588631853, 26.833307277995811 ] } },
{ "type": "Feature", "properties": { "settlement_id": "LGD_0198", "name": "Hatipoti Grant", "district": "Sivasagar", "source": "LGD", "lon": 94.721055814821767, "lat": 26.841031026268155, "elevation_m": 100.62603, "slope_deg": 2.8098004, "profile_curv": -0.00059487444, "plan_curv": 0.003850614, "static_susceptibility": 0.23676790972530481, "susceptibility_tier": "low" }, "geometry": { "type": "Point", "coordinates": [ 94.721055814821767, 26.841031026268155 ] } },
{ "type": "Feature", "properties": { "settlement_id": "LGD_0199", "name": "Harkina Grant", "district": "Sivasagar", "source": "LGD", "lon": 94.726693159716987, "lat": 26.829110102115958, "elevation_m": 99.41684, "slope_deg": 4.0868931, "profile_curv": -6.6617264e-05, "plan_curv": -0.15205875, "static_susceptibility": 0.25885640807706134, "susceptibility_tier": "low" }, "geometry": { "type": "Point", "coordinates": [ 94.726693159716987, 26.829110102115958 ] } },
{ "type": "Feature", "properties": { "settlement_id": "LGD_0200", "name": "Kachari", "district": "Sivasagar", "source": "LGD", "lon": 94.730012754497793, "lat": 26.819090023134272, "elevation_m": 104.69921, "slope_deg": 9.7257223, "profile_curv": -0.0009103932, "plan_curv": 0.020734809, "static_susceptibility": 0.27003725292584568, "susceptibility_tier": "low" }, "geometry": { "type": "Point", "coordinates": [ 94.730012754497793, 26.819090023134272 ] } },
{ "type": "Feature", "properties": { "settlement_id": "LGD_0201", "name": " ", "district": "Sivasagar", "source": "LGD", "lon": 94.747474431029161, "lat": 26.818806644032733, "elevation_m": 109.37682, "slope_deg": 9.7351217, "profile_curv": -0.0010802561, "plan_curv": -0.017334484, "static_susceptibility": 0.27509923347637322, "susceptibility_tier": "low" }, "geometry": { "type": "Point", "coordinates": [ 94.747474431029161, 26.818806644032733 ] } },
{ "type": "Feature", "properties": { "settlement_id": "LGD_0202", "name": "Methonchowa Gaon", "district": "Sivasagar", "source": "LGD", "lon": 94.759217466429035, "lat": 26.833133479545424, "elevation_m": 101.50119, "slope_deg": 4.4753151, "profile_curv": -0.00011945271, "plan_curv": -0.0013480387, "static_susceptibility": 0.24537479422600378, "susceptibility_tier": "low" }, "geometry": { "type": "Point", "coordinates": [ 94.759217466429035, 26.833133479545424 ] } },
{ "type": "Feature", "properties": { "settlement_id": "LGD_0203", "name": " ", "district": "Sivasagar", "source": "LGD", "lon": 94.767873054599804, "lat": 26.82352772373692, "elevation_m": 103.40376, "slope_deg": 3.0997348, "profile_curv": -0.0024475066, "plan_curv": -0.026954032, "static_susceptibility": 0.24194336037246258, "susceptibility_tier": "low" }, "geometry": { "type": "Point", "coordinates": [ 94.767873054599804, 26.82352772373692 ] } },
{ "type": "Feature", "properties": { "settlement_id": "LGD_0204", "name": "Adpuria", "district": "Sivasagar", "source": "LGD", "lon": 94.767807052611502, "lat": 26.807603349948444, "elevation_m": 107.96877, "slope_deg": 3.2281775, "profile_curv": 0.0015300034, "plan_curv": 0.10048162, "static_susceptibility": 0.23001568405459522, "susceptibility_tier": "low" }, "geometry": { "type": "Point", "coordinates": [ 94.767807052611502, 26.807603349948444 ] } },
{ "type": "Feature", "properties": { "settlement_id": "LGD_0205", "name": "Rojabheta Lakhimijan Grant No.1", "district": "Sivasagar", "source": "LGD", "lon": 94.77189853650313, "lat": 26.792488854950957, "elevation_m": 116.67252, "slope_deg": 23.175961, "profile_curv": -0.0013203848, "plan_curv": 0.019575182, "static_susceptibility": 0.3475479181667242, "susceptibility_tier": "low" }, "geometry": { "type": "Point", "coordinates": [ 94.77189853650313, 26.792488854950957 ] } },
{ "type": "Feature", "properties": { "settlement_id": "LGD_0206", "name": " ", "district": "Sivasagar", "source": "LGD", "lon": 94.752968148981623, "lat": 26.793227698510169, "elevation_m": 102.36533, "slope_deg": 0.61937392, "profile_curv": -9.99564e-05, "plan_curv": -0.0024164617, "static_susceptibility": 0.22734103080956389, "susceptibility_tier": "low" }, "geometry": { "type": "Point", "coordinates": [ 94.752968148981623, 26.793227698510169 ] } },
{ "type": "Feature", "properties": { "settlement_id": "LGD_0207", "name": "Lahon", "district": "Sivasagar", "source": "LGD", "lon": 94.734217142544239, "lat": 26.798336583822501, "elevation_m": 102.43407, "slope_deg": 4.2449465, "profile_curv": -0.0017229468, "plan_curv": 0.016539356, "static_susceptibility": 0.24278927625609711, "susceptibility_tier": "low" }, "geometry": { "type": "Point", "coordinates": [ 94.734217142544239, 26.798336583822501 ] } },
{ "type": "Feature", "properties": { "settlement_id": "LGD_0208", "name": " ", "district": "Sivasagar", "source": "LGD", "lon": 94.74973648992794, "lat": 26.778706838291399, "elevation_m": 108.31883, "slope_deg": 4.913115, "profile_curv": -0.0016881104, "plan_curv": -0.042130735, "static_susceptibility": 0.25307257620285784, "susceptibility_tier": "low" }, "geometry": { "type": "Point", "coordinates": [ 94.74973648992794, 26.778706838291399 ] } },
{ "type": "Feature", "properties": { "settlement_id": "LGD_0209", "name": "Rojabheta Lakhimijan Grant No.1", "district": "Sivasagar", "source": "LGD", "lon": 94.758836002587756, "lat": 26.776203344305863, "elevation_m": 212.7348, "slope_deg": 30.516037, "profile_curv": 0.0038722479, "plan_curv": 0.042750649, "static_susceptibility": 0.40846250997671707, "susceptibility_tier": "low" }, "geometry": { "type": "Point", "coordinates": [ 94.758836002587756, 26.776203344305863 ] } },
{ "type": "Feature", "properties": { "settlement_id": "LGD_0210", "name": "Geleki Reserve Forest", "district": "Sivasagar", "source": "LGD", "lon": 94.633872583573378, "lat": 26.738634821096817, "elevation_m": 152.90518, "slope_deg": 19.045912, "profile_curv": -0.0087265577, "plan_curv": 0.024798745, "static_susceptibility": 0.33081413418407624, "susceptibility_tier": "low" }, "geometry": { "type": "Point", "coordinates": [ 94.633872583573378, 26.738634821096817 ] } },
{ "type": "Feature", "properties": { "settlement_id": "LGD_0211", "name": "Haluadang Grant", "district": "Sivasagar", "source": "LGD", "lon": 94.538628524424638, "lat": 26.765370489989824, "elevation_m": 450.0, "slope_deg": 0.0, "profile_curv": 0.0, "plan_curv": 0.0, "static_susceptibility": 0.28096200578475433, "susceptibility_tier": "low" }, "geometry": { "type": "Point", "coordinates": [ 94.538628524424638, 26.765370489989824 ] } },
{ "type": "Feature", "properties": { "settlement_id": "LGD_0212", "name": "Barbam Grant", "district": "Sivasagar", "source": "LGD", "lon": 94.530102083976885, "lat": 26.793274323375595, "elevation_m": 450.0, "slope_deg": 71.058624, "profile_curv": 0.058016934, "plan_curv": 0.059531849, "static_susceptibility": 0.70103669612325026, "susceptibility_tier": "high" }, "geometry": { "type": "Point", "coordinates": [ 94.530102083976885, 26.793274323375595 ] } },
{ "type": "Feature", "properties": { "settlement_id": "LGD_0213", "name": "Amguri (MB)", "district": "Sivasagar", "source": "LGD", "lon": 94.522717145284048, "lat": 26.807254788646603, "elevation_m": 450.0, "slope_deg": 63.594799, "profile_curv": 0.0, "plan_curv": 0.0, "static_susceptibility": 0.6749543107841135, "susceptibility_tier": "high" }, "geometry": { "type": "Point", "coordinates": [ 94.522717145284048, 26.807254788646603 ] } },
{ "type": "Feature", "properties": { "settlement_id": "LGD_0214", "name": "Raidongia", "district": "Sivasagar", "source": "LGD", "lon": 94.5158012392138, "lat": 26.813144868883246, "elevation_m": 450.0, "slope_deg": 0.0, "profile_curv": 0.0, "plan_curv": 0.0, "static_susceptibility": 0.28096200578475433, "susceptibility_tier": "low" }, "geometry": { "type": "Point", "coordinates": [ 94.5158012392138, 26.813144868883246 ] } },
{ "type": "Feature", "properties": { "settlement_id": "LGD_0215", "name": "Bhuyan Hat Nowboisa", "district": "Sivasagar", "source": "LGD", "lon": 94.506020486642299, "lat": 26.82447372509915, "elevation_m": 450.0, "slope_deg": 0.0, "profile_curv": 0.0, "plan_curv": 0.0, "static_susceptibility": 0.28096200578475433, "susceptibility_tier": "low" }, "geometry": { "type": "Point", "coordinates": [ 94.506020486642299, 26.82447372509915 ] } },
{ "type": "Feature", "properties": { "settlement_id": "LGD_0216", "name": "Sunuwal", "district": "Sivasagar", "source": "LGD", "lon": 94.511868563294669, "lat": 26.836545568517746, "elevation_m": 94.274796, "slope_deg": 53.585808, "profile_curv": -0.0002339518, "plan_curv": -0.063569844, "static_susceptibility": 0.54854955121536242, "susceptibility_tier": "moderate" }, "geometry": { "type": "Point", "coordinates": [ 94.511868563294669, 26.836545568517746 ] } },
{ "type": "Feature", "properties": { "settlement_id": "LGD_0217", "name": "Gadhuli Bazar Chawdang", "district": "Sivasagar", "source": "LGD", "lon": 94.494736442776926, "lat": 26.833790236286699, "elevation_m": 450.0, "slope_deg": 0.0, "profile_curv": 0.0, "plan_curv": 0.0, "static_susceptibility": 0.28096200578475433, "susceptibility_tier": "low" }, "geometry": { "type": "Point", "coordinates": [ 94.494736442776926, 26.833790236286699 ] } },
{ "type": "Feature", "properties": { "settlement_id": "LGD_0218", "name": "Lephera Chawdang", "district": "Sivasagar", "source": "LGD", "lon": 94.496326670744708, "lat": 26.848446751716018, "elevation_m": 450.0, "slope_deg": 0.0, "profile_curv": 0.0, "plan_curv": 0.0, "static_susceptibility": 0.28096200578475433, "susceptibility_tier": "low" }, "geometry": { "type": "Point", "coordinates": [ 94.496326670744708, 26.848446751716018 ] } },
{ "type": "Feature", "properties": { "settlement_id": "LGD_0219", "name": "Dibrual Chowdang", "district": "Sivasagar", "source": "LGD", "lon": 94.495836465528939, "lat": 26.861448996188496, "elevation_m": 450.0, "slope_deg": 0.0, "profile_curv": 0.0, "plan_curv": 0.0, "static_susceptibility": 0.28096200578475433, "susceptibility_tier": "low" }, "geometry": { "type": "Point", "coordinates": [ 94.495836465528939, 26.861448996188496 ] } },
{ "type": "Feature", "properties": { "settlement_id": "LGD_0220", "name": "Balamia Chawdang", "district": "Sivasagar", "source": "LGD", "lon": 94.508846927196956, "lat": 26.861842963412951, "elevation_m": 92.808975, "slope_deg": 8.1080894, "profile_curv": -0.0025014314, "plan_curv": -0.024270652, "static_susceptibility": 0.26480547605941351, "susceptibility_tier": "low" }, "geometry": { "type": "Point", "coordinates": [ 94.508846927196956, 26.861842963412951 ] } },
{ "type": "Feature", "properties": { "settlement_id": "LGD_0221", "name": "Dhekial", "district": "Sivasagar", "source": "LGD", "lon": 94.510562965525523, "lat": 26.850137386770335, "elevation_m": 96.351685, "slope_deg": 4.5968766, "profile_curv": 0.00037421158, "plan_curv": -0.019477505, "static_susceptibility": 0.24693863511369546, "susceptibility_tier": "low" }, "geometry": { "type": "Point", "coordinates": [ 94.510562965525523, 26.850137386770335 ] } },
{ "type": "Feature", "properties": { "settlement_id": "LGD_0222", "name": "Abhoipuria", "district": "Sivasagar", "source": "LGD", "lon": 94.52716253282118, "lat": 26.868770795485752, "elevation_m": 91.240463, "slope_deg": 4.0043249, "profile_curv": -0.00015355682, "plan_curv": -0.057736639, "static_susceptibility": 0.24723534163038696, "susceptibility_tier": "low" }, "geometry": { "type": "Point", "coordinates": [ 94.52716253282118, 26.868770795485752 ] } },
{ "type": "Feature", "properties": { "settlement_id": "LGD_0223", "name": "Ratanpuria", "district": "Sivasagar", "source": "LGD", "lon": 94.529689922371347, "lat": 26.855298862595657, "elevation_m": 96.970253, "slope_deg": 8.6058722, "profile_curv": -0.0032863461, "plan_curv": -0.10199973, "static_susceptibility": 0.2767180632846879, "susceptibility_tier": "low" }, "geometry": { "type": "Point", "coordinates": [ 94.529689922371347, 26.855298862595657 ] } },
{ "type": "Feature", "properties": { "settlement_id": "LGD_0224", "name": "Deodhai", "district": "Sivasagar", "source": "LGD", "lon": 94.530375838720275, "lat": 26.840509649106728, "elevation_m": 94.829834, "slope_deg": 3.2782643, "profile_curv": 0.00031494017, "plan_curv": 0.60262424, "static_susceptibility": 0.18304705207562655, "susceptibility_tier": "low" }, "geometry": { "type": "Point", "coordinates": [ 94.530375838720275, 26.840509649106728 ] } },
{ "type": "Feature", "properties": { "settlement_id": "LGD_0225", "name": "Bhuyan Gaon", "district": "Sivasagar", "source": "LGD", "lon": 94.520897386248649, "lat": 26.822167968711369, "elevation_m": 96.49987, "slope_deg": 7.3752832, "profile_curv": 0.00037319376, "plan_curv": 0.080326028, "static_susceptibility": 0.25025819817504186, "susceptibility_tier": "low" }, "geometry": { "type": "Point", "coordinates": [ 94.520897386248649, 26.822167968711369 ] } },
{ "type": "Feature", "properties": { "settlement_id": "LGD_0226", "name": "Changmai Konwar", "district": "Sivasagar", "source": "LGD", "lon": 94.536439544459299, "lat": 26.81615790201878, "elevation_m": 102.35266, "slope_deg": 6.1507339, "profile_curv": -0.0035436538, "plan_curv": 0.040215809, "static_susceptibility": 0.24987357647237529, "susceptibility_tier": "low" }, "geometry": { "type": "Point", "coordinates": [ 94.536439544459299, 26.81615790201878 ] } },
{ "type": "Feature", "properties": { "settlement_id": "LGD_0227", "name": "Khanikor", "district": "Sivasagar", "source": "LGD", "lon": 94.533304314815396, "lat": 26.828732474386676, "elevation_m": 99.196297, "slope_deg": 8.2903185, "profile_curv": -0.0001910016, "plan_curv": -0.27601635, "static_susceptibility": 0.29465351142244223, "susceptibility_tier": "low" }, "geometry": { "type": "Point", "coordinates": [ 94.533304314815396, 26.828732474386676 ] } },
{ "type": "Feature", "properties": { "settlement_id": "LGD_0228", "name": "Aboipuria Nara", "district": "Sivasagar", "source": "LGD", "lon": 94.565405788542634, "lat": 26.81038399537232, "elevation_m": 106.26849, "slope_deg": 7.2794666, "profile_curv": 0.0079424251, "plan_curv": 0.07453642, "static_susceptibility": 0.25096257728594373, "susceptibility_tier": "low" }, "geometry": { "type": "Point", "coordinates": [ 94.565405788542634, 26.81038399537232 ] } },
{ "type": "Feature", "properties": { "settlement_id": "LGD_0229", "name": " ", "district": "Sivasagar", "source": "LGD", "lon": 94.561139707677086, "lat": 26.822823204274371, "elevation_m": 103.163, "slope_deg": 5.5435567, "profile_curv": 9.4495197e-05, "plan_curv": 0.022921804, "static_susceptibility": 0.24832893084046989, "susceptibility_tier": "low" }, "geometry": { "type": "Point", "coordinates": [ 94.561139707677086, 26.822823204274371 ] } },
{ "type": "Feature", "properties": { "settlement_id": "LGD_0230", "name": "Uttar Gharphalia", "district": "Sivasagar", "source": "LGD", "lon": 94.566942832688099, "lat": 26.841303727188023, "elevation_m": 93.213951, "slope_deg": 8.2051382, "profile_curv": -0.00078663102, "plan_curv": -0.0032282223, "static_susceptibility": 0.26286465879182952, "susceptibility_tier": "low" }, "geometry": { "type": "Point", "coordinates": [ 94.566942832688099, 26.841303727188023 ] } },
{ "type": "Feature", "properties": { "settlement_id": "LGD_0231", "name": "Hatimuria Gharphalia", "district": "Sivasagar", "source": "LGD", "lon": 94.55052136971355, "lat": 26.840666666390174, "elevation_m": 93.338898, "slope_deg": 0.42211232, "profile_curv": 2.1805874e-05, "plan_curv": -0.10296437, "static_susceptibility": 0.23492061439989226, "susceptibility_tier": "low" }, "geometry": { "type": "Point", "coordinates": [ 94.55052136971355, 26.840666666390174 ] } },
{ "type": "Feature", "properties": { "settlement_id": "LGD_0232", "name": "Gharphalia Japihajia", "district": "Sivasagar", "source": "LGD", "lon": 94.554345129202943, "lat": 26.828478153193021, "elevation_m": 98.462799, "slope_deg": 5.8225408, "profile_curv": 0.0022956503, "plan_curv": 0.39979389, "static_susceptibility": 0.21168152488792744, "susceptibility_tier": "low" }, "geometry": { "type": "Point", "coordinates": [ 94.554345129202943, 26.828478153193021 ] } },
{ "type": "Feature", "properties": { "settlement_id": "LGD_0233", "name": "Mora Pukhuri", "district": "Sivasagar", "source": "LGD", "lon": 94.54888691523918, "lat": 26.857245012032902, "elevation_m": 91.950195, "slope_deg": 5.2794414, "profile_curv": -8.1362501e-05, "plan_curv": -0.0089451848, "static_susceptibility": 0.24854109882977851, "susceptibility_tier": "low" }, "geometry": { "type": "Point", "coordinates": [ 94.54888691523918, 26.857245012032902 ] } },
{ "type": "Feature", "properties": { "settlement_id": "LGD_0234", "name": "Jehenia", "district": "Sivasagar", "source": "LGD", "lon": 94.565348096481671, "lat": 26.858411012798417, "elevation_m": 93.333076, "slope_deg": 2.4309087, "profile_curv": 0.0014999574, "plan_curv": 0.082914203, "static_susceptibility": 0.22581583793998639, "susceptibility_tier": "low" }, "geometry": { "type": "Point", "coordinates": [ 94.565348096481671, 26.858411012798417 ] } },
{ "type": "Feature", "properties": { "settlement_id": "LGD_0235", "name": "Barsayak Dibrual", "district": "Sivasagar", "source": "LGD", "lon": 94.587859518542516, "lat": 26.852951332698538, "elevation_m": 92.583321, "slope_deg": 2.6127195, "profile_curv": 0.0001426099, "plan_curv": -0.040857282, "static_susceptibility": 0.23896360273738407, "susceptibility_tier": "low" }, "geometry": { "type": "Point", "coordinates": [ 94.587859518542516, 26.852951332698538 ] } },
{ "type": "Feature", "properties": { "settlement_id": "LGD_0236", "name": "Salaguri", "district": "Sivasagar", "source": "LGD", "lon": 94.584595958221655, "lat": 26.862538645299008, "elevation_m": 91.545319, "slope_deg": 2.5215144, "profile_curv": 0.00022138203, "plan_curv": 0.046127163, "static_susceptibility": 0.22970996676198852, "susceptibility_tier": "low" }, "geometry": { "type": "Point", "coordinates": [ 94.584595958221655, 26.862538645299008 ] } },
{ "type": "Feature", "properties": { "settlement_id": "LGD_0237", "name": "Kachari", "district": "Sivasagar", "source": "LGD", "lon": 94.590690407283162, "lat": 26.841470675919698, "elevation_m": 94.39521, "slope_deg": 6.2090964, "profile_curv": -0.0051348787, "plan_curv": 0.018371454, "static_susceptibility": 0.25135414610477858, "susceptibility_tier": "low" }, "geometry": { "type": "Point", "coordinates": [ 94.590690407283162, 26.841470675919698 ] } },
{ "type": "Feature", "properties": { "settlement_id": "LGD_0238", "name": "Mout", "district": "Sivasagar", "source": "LGD", "lon": 94.578075010953157, "lat": 26.841824850372966, "elevation_m": 96.825279, "slope_deg": 6.2195659, "profile_curv": 0.0011340709, "plan_curv": 0.025632652, "static_susceptibility": 0.25020314399988969, "susceptibility_tier": "low" }, "geometry": { "type": "Point", "coordinates": [ 94.578075010953157, 26.841824850372966 ] } },
{ "type": "Feature", "properties": { "settlement_id": "LGD_0239", "name": "Natun Changmai", "district": "Sivasagar", "source": "LGD", "lon": 94.572283128263635, "lat": 26.830280289147378, "elevation_m": 98.821465, "slope_deg": 5.2197967, "profile_curv": 0.00041298839, "plan_curv": -0.017670427, "static_susceptibility": 0.25020226239705073, "susceptibility_tier": "low" }, "geometry": { "type": "Point", "coordinates": [ 94.572283128263635, 26.830280289147378 ] } },
{ "type": "Feature", "properties": { "settlement_id": "LGD_0240", "name": "Purani Changmai", "district": "Sivasagar", "source": "LGD", "lon": 94.586824502179596, "lat": 26.829178507079448, "elevation_m": 94.502556, "slope_deg": 7.9928784, "profile_curv": -0.00086338673, "plan_curv": -0.10487383, "static_susceptibility": 0.27305477231312508, "susceptibility_tier": "low" }, "geometry": { "type": "Point", "coordinates": [ 94.586824502179596, 26.829178507079448 ] } },
{ "type": "Feature", "properties": { "settlement_id": "LGD_0241", "name": "Kukura Chowanara", "district": "Sivasagar", "source": "LGD", "lon": 94.578736933511479, "lat": 26.814630314529467, "elevation_m": 96.553909, "slope_deg": 0.25955039, "profile_curv": 0.00021014272, "plan_curv": 0.30184782, "static_susceptibility": 0.19674013307382465, "susceptibility_tier": "low" }, "geometry": { "type": "Point", "coordinates": [ 94.578736933511479, 26.814630314529467 ] } },
{ "type": "Feature", "properties": { "settlement_id": "LGD_0242", "name": "Senchoa", "district": "Sivasagar", "source": "LGD", "lon": 94.600222946828694, "lat": 26.825497183612914, "elevation_m": 94.835518, "slope_deg": 5.4315076, "profile_curv": -0.00082600798, "plan_curv": -0.037940077, "static_susceptibility": 0.25288119309019447, "susceptibility_tier": "low" }, "geometry": { "type": "Point", "coordinates": [ 94.600222946828694, 26.825497183612914 ] } },
{ "type": "Feature", "properties": { "settlement_id": "LGD_0243", "name": "Gharphalia", "district": "Sivasagar", "source": "LGD", "lon": 94.594403859276554, "lat": 26.816460047426865, "elevation_m": 96.454903, "slope_deg": 3.090276, "profile_curv": -0.0010630907, "plan_curv": -0.0082739647, "static_susceptibility": 0.23872656950644003, "susceptibility_tier": "low" }, "geometry": { "type": "Point", "coordinates": [ 94.594403859276554, 26.816460047426865 ] } },
{ "type": "Feature", "properties": { "settlement_id": "LGD_0244", "name": "Dum Gaon", "district": "Sivasagar", "source": "LGD", "lon": 94.600160984804333, "lat": 26.806092974931673, "elevation_m": 99.764763, "slope_deg": 2.5693996, "profile_curv": 0.00026410929, "plan_curv": -0.064925887, "static_susceptibility": 0.24231591284945075, "susceptibility_tier": "low" }, "geometry": { "type": "Point", "coordinates": [ 94.600160984804333, 26.806092974931673 ] } },
{ "type": "Feature", "properties": { "settlement_id": "LGD_0245", "name": "Tiphuk Chah Bagisha", "district": "Sivasagar", "source": "LGD", "lon": 94.599083677718724, "lat": 26.792684358933322, "elevation_m": 103.00636, "slope_deg": 2.2143838, "profile_curv": -0.0008181372, "plan_curv": -0.030587075, "static_susceptibility": 0.23779546310304472, "susceptibility_tier": "low" }, "geometry": { "type": "Point", "coordinates": [ 94.599083677718724, 26.792684358933322 ] } },
{ "type": "Feature", "properties": { "settlement_id": "LGD_0246", "name": "Bangali Gaon", "district": "Sivasagar", "source": "LGD", "lon": 94.584009952407143, "lat": 26.79033323820962, "elevation_m": 102.42814, "slope_deg": 2.4605756, "profile_curv": 0.00027378602, "plan_curv": 0.065966964, "static_susceptibility": 0.22914360554872212, "susceptibility_tier": "low" }, "geometry": { "type": "Point", "coordinates": [ 94.584009952407143, 26.79033323820962 ] } },
{ "type": "Feature", "properties": { "settlement_id": "LGD_0247", "name": "Burha Gaon", "district": "Sivasagar", "source": "LGD", "lon": 94.584000052699949, "lat": 26.800699539595758, "elevation_m": 99.916527, "slope_deg": 0.69233871, "profile_curv": 0.00025373517, "plan_curv": 0.00035789184, "static_susceptibility": 0.22699034582455643, "susceptibility_tier": "low" }, "geometry": { "type": "Point", "coordinates": [ 94.584000052699949, 26.800699539595758 ] } },
{ "type": "Feature", "properties": { "settlement_id": "LGD_0248", "name": "Baruah Pukhuri Baghjan Grant", "district": "Sivasagar", "source": "LGD", "lon": 94.553825768003605, "lat": 26.808388586468325, "elevation_m": 97.506683, "slope_deg": 4.5034919, "profile_curv": 0.00046847781, "plan_curv": -0.093927659, "static_susceptibility": 0.25440645095148484, "susceptibility_tier": "low" }, "geometry": { "type": "Point", "coordinates": [ 94.553825768003605, 26.808388586468325 ] } },
{ "type": "Feature", "properties": { "settlement_id": "LGD_0249", "name": "Dulia Charal", "district": "Sivasagar", "source": "LGD", "lon": 94.544345452042251, "lat": 26.798464758107563, "elevation_m": 98.204361, "slope_deg": 0.43895346, "profile_curv": 0.00013137901, "plan_curv": 0.1104608, "static_susceptibility": 0.21509514226338991, "susceptibility_tier": "low" }, "geometry": { "type": "Point", "coordinates": [ 94.544345452042251, 26.798464758107563 ] } },
{ "type": "Feature", "properties": { "settlement_id": "LGD_0250", "name": "Baruah Pukhuri Chah", "district": "Sivasagar", "source": "LGD", "lon": 94.562035471819925, "lat": 26.78879495929926, "elevation_m": 103.43319, "slope_deg": 2.6677105, "profile_curv": 0.0014339165, "plan_curv": 0.0036131153, "static_susceptibility": 0.23629527431729033, "susceptibility_tier": "low" }, "geometry": { "type": "Point", "coordinates": [ 94.562035471819925, 26.78879495929926 ] } },
{ "type": "Feature", "properties": { "settlement_id": "LGD_0251", "name": " ", "district": "Sivasagar", "source": "LGD", "lon": 94.569158323093234, "lat": 26.792827914470145, "elevation_m": 100.45113, "slope_deg": 5.3651781, "profile_curv": -0.0030834416, "plan_curv": -0.0022337397, "static_susceptibility": 0.25004700344655667, "susceptibility_tier": "low" }, "geometry": { "type": "Point", "coordinates": [ 94.569158323093234, 26.792827914470145 ] } },
{ "type": "Feature", "properties": { "settlement_id": "LGD_0252", "name": "Ladoigar Grant", "district": "Sivasagar", "source": "LGD", "lon": 94.562559545491226, "lat": 26.775582123060385, "elevation_m": 109.03622, "slope_deg": 4.5483131, "profile_curv": 0.00085049373, "plan_curv": 0.0474624, "static_susceptibility": 0.2418175034375141, "susceptibility_tier": "low" }, "geometry": { "type": "Point", "coordinates": [ 94.562559545491226, 26.775582123060385 ] } },
{ "type": "Feature", "properties": { "settlement_id": "LGD_0253", "name": "Baghjan Grant", "district": "Sivasagar", "source": "LGD", "lon": 94.546792698133061, "lat": 26.7805528686625, "elevation_m": 102.19569, "slope_deg": 3.3559899, "profile_curv": -0.0032006684, "plan_curv": -0.0041694217, "static_susceptibility": 0.24076951226359522, "susceptibility_tier": "low" }, "geometry": { "type": "Point", "coordinates": [ 94.546792698133061, 26.7805528686625 ] } },
{ "type": "Feature", "properties": { "settlement_id": "LGD_0254", "name": "Haluating Grant", "district": "Sivasagar", "source": "LGD", "lon": 94.561764020231919, "lat": 26.768214468882682, "elevation_m": 111.42979, "slope_deg": 2.9582276, "profile_curv": 0.00087752653, "plan_curv": 0.014375369, "static_susceptibility": 0.23792214358260419, "susceptibility_tier": "low" }, "geometry": { "type": "Point", "coordinates": [ 94.561764020231919, 26.768214468882682 ] } },
{ "type": "Feature", "properties": { "settlement_id": "LGD_0255", "name": "Amguri Grant", "district": "Sivasagar", "source": "LGD", "lon": 94.577438561333224, "lat": 26.756097488053779, "elevation_m": 118.20222, "slope_deg": 3.6851695, "profile_curv": -1.3422123e-05, "plan_curv": 0.027063673, "static_susceptibility": 0.24130497481407948, "susceptibility_tier": "low" }, "geometry": { "type": "Point", "coordinates": [ 94.577438561333224, 26.756097488053779 ] } },
{ "type": "Feature", "properties": { "settlement_id": "LGD_0256", "name": "Ahu Grant", "district": "Sivasagar", "source": "LGD", "lon": 94.578137190848892, "lat": 26.781554331402724, "elevation_m": 105.06986, "slope_deg": 7.3690019, "profile_curv": -0.0051531661, "plan_curv": -0.016493194, "static_susceptibility": 0.26263077331387907, "susceptibility_tier": "low" }, "geometry": { "type": "Point", "coordinates": [ 94.578137190848892, 26.781554331402724 ] } },
{ "type": "Feature", "properties": { "settlement_id": "LGD_0257", "name": "Bandarjan Grant", "district": "Sivasagar", "source": "LGD", "lon": 94.583718910321423, "lat": 26.769030699758712, "elevation_m": 116.52834, "slope_deg": 3.5155957, "profile_curv": 0.0022810742, "plan_curv": -0.00073486479, "static_susceptibility": 0.24274821191677295, "susceptibility_tier": "low" }, "geometry": { "type": "Point", "coordinates": [ 94.583718910321423, 26.769030699758712 ] } },
{ "type": "Feature", "properties": { "settlement_id": "LGD_0258", "name": "Tiphuk Grant", "district": "Sivasagar", "source": "LGD", "lon": 94.597181582727785, "lat": 26.76542833494673, "elevation_m": 130.86192, "slope_deg": 6.5433636, "profile_curv": 0.0080719888, "plan_curv": 0.078519933, "static_susceptibility": 0.25090334627608918, "susceptibility_tier": "low" }, "geometry": { "type": "Point", "coordinates": [ 94.597181582727785, 26.76542833494673 ] } },
{ "type": "Feature", "properties": { "settlement_id": "LGD_0259", "name": " ", "district": "Sivasagar", "source": "LGD", "lon": 94.621767976778344, "lat": 26.757245465725902, "elevation_m": 171.32146, "slope_deg": 16.764807, "profile_curv": 0.01566333, "plan_curv": 0.13321766, "static_susceptibility": 0.3044907421166943, "susceptibility_tier": "low" }, "geometry": { "type": "Point", "coordinates": [ 94.621767976778344, 26.757245465725902 ] } },
{ "type": "Feature", "properties": { "settlement_id": "LGD_0260", "name": "Borsila Grant", "district": "Sivasagar", "source": "LGD", "lon": 94.606878257116222, "lat": 26.776070587343561, "elevation_m": 111.92634, "slope_deg": 3.656163, "profile_curv": -0.0033834006, "plan_curv": -0.025923247, "static_susceptibility": 0.24601992600620368, "susceptibility_tier": "low" }, "geometry": { "type": "Point", "coordinates": [ 94.606878257116222, 26.776070587343561 ] } },
{ "type": "Feature", "properties": { "settlement_id": "LGD_0261", "name": "Namti Grant", "district": "Sivasagar", "source": "LGD", "lon": 94.618764459001554, "lat": 26.776657282233518, "elevation_m": 111.67075, "slope_deg": 3.3254485, "profile_curv": -0.0072692335, "plan_curv": -0.014568341, "static_susceptibility": 0.24372230905533132, "susceptibility_tier": "low" }, "geometry": { "type": "Point", "coordinates": [ 94.618764459001554, 26.776657282233518 ] } },
{ "type": "Feature", "properties": { "settlement_id": "LGD_0262", "name": "Namti Bangali (Borgohain)", "district": "Sivasagar", "source": "LGD", "lon": 94.618949270102931, "lat": 26.799326049739182, "elevation_m": 102.30135, "slope_deg": 0.55822611, "profile_curv": -6.2920233e-05, "plan_curv": 0.023318393, "static_susceptibility": 0.22455035077517427, "susceptibility_tier": "low" }, "geometry": { "type": "Point", "coordinates": [ 94.618949270102931, 26.799326049739182 ] } },
{ "type": "Feature", "properties": { "settlement_id": "LGD_0263", "name": "Deopani Grant", "district": "Sivasagar", "source": "LGD", "lon": 94.63486074355616, "lat": 26.783712594870266, "elevation_m": 127.34125, "slope_deg": 13.625217, "profile_curv": 0.0053005018, "plan_curv": 0.012889774, "static_susceptibility": 0.2947402664232287, "susceptibility_tier": "low" }, "geometry": { "type": "Point", "coordinates": [ 94.63486074355616, 26.783712594870266 ] } },
{ "type": "Feature", "properties": { "settlement_id": "LGD_0264", "name": " ", "district": "Sivasagar", "source": "LGD", "lon": 94.638418056967211, "lat": 26.792212023279664, "elevation_m": 103.26057, "slope_deg": 5.0081124, "profile_curv": -0.00015319999, "plan_curv": 0.0025354612, "static_susceptibility": 0.24786272162839432, "susceptibility_tier": "low" }, "geometry": { "type": "Point", "coordinates": [ 94.638418056967211, 26.792212023279664 ] } },
{ "type": "Feature", "properties": { "settlement_id": "LGD_0265", "name": " ", "district": "Sivasagar", "source": "LGD", "lon": 94.640445705613956, "lat": 26.810574089820225, "elevation_m": 99.423912, "slope_deg": 0.4589735, "profile_curv": -0.0004915318, "plan_curv": -0.068427451, "static_susceptibility": 0.23267455461735417, "susceptibility_tier": "low" }, "geometry": { "type": "Point", "coordinates": [ 94.640445705613956, 26.810574089820225 ] } },
{ "type": "Feature", "properties": { "settlement_id": "LGD_0266", "name": "Deopani Grant", "district": "Sivasagar", "source": "LGD", "lon": 94.682806373478542, "lat": 26.76087958130206, "elevation_m": 131.85219, "slope_deg": 6.3088379, "profile_curv": -0.0025212651, "plan_curv": -0.039781678, "static_susceptibility": 0.26387254745176369, "susceptibility_tier": "low" }, "geometry": { "type": "Point", "coordinates": [ 94.682806373478542, 26.76087958130206 ] } },
{ "type": "Feature", "properties": { "settlement_id": "LGD_0267", "name": "Geleki Grant No.2", "district": "Sivasagar", "source": "LGD", "lon": 94.712397102134787, "lat": 26.777774076738762, "elevation_m": 109.75376, "slope_deg": 6.70577, "profile_curv": 0.00074977078, "plan_curv": 0.0044615432, "static_susceptibility": 0.25701570962363057, "susceptibility_tier": "low" }, "geometry": { "type": "Point", "coordinates": [ 94.712397102134787, 26.777774076738762 ] } },
{ "type": "Feature", "properties": { "settlement_id": "LGD_0268", "name": "Moran Gaon", "district": "Sivasagar", "source": "LGD", "lon": 94.716842405662462, "lat": 26.793714803543139, "elevation_m": 105.85781, "slope_deg": 6.8317909, "profile_curv": -0.0015920327, "plan_curv": 0.025164204, "static_susceptibility": 0.25513515063566916, "susceptibility_tier": "low" }, "geometry": { "type": "Point", "coordinates": [ 94.716842405662462, 26.793714803543139 ] } },
{ "type": "Feature", "properties": { "settlement_id": "LGD_0269", "name": "Geleki Grant No.1", "district": "Sivasagar", "source": "LGD", "lon": 94.702603802702697, "lat": 26.796998367533497, "elevation_m": 105.48586, "slope_deg": 4.7060432, "profile_curv": 0.0022363828, "plan_curv": -0.024157111, "static_susceptibility": 0.24918613782899554, "susceptibility_tier": "low" }, "geometry": { "type": "Point", "coordinates": [ 94.702603802702697, 26.796998367533497 ] } },
{ "type": "Feature", "properties": { "settlement_id": "LGD_0270", "name": "Chutia", "district": "Sivasagar", "source": "LGD", "lon": 94.686170921567538, "lat": 26.806869477826844, "elevation_m": 108.38491, "slope_deg": 4.8577471, "profile_curv": 0.0015269031, "plan_curv": 0.035360795, "static_susceptibility": 0.24435459546050761, "susceptibility_tier": "low" }, "geometry": { "type": "Point", "coordinates": [ 94.686170921567538, 26.806869477826844 ] } },
{ "type": "Feature", "properties": { "settlement_id": "LGD_0271", "name": "Atkhal Grant No.II", "district": "Sivasagar", "source": "LGD", "lon": 94.685011435938492, "lat": 26.791025697987259, "elevation_m": 114.48746, "slope_deg": 4.1307836, "profile_curv": 0.0055055232, "plan_curv": 0.072854169, "static_susceptibility": 0.23750848915620393, "susceptibility_tier": "low" }, "geometry": { "type": "Point", "coordinates": [ 94.685011435938492, 26.791025697987259 ] } },
{ "type": "Feature", "properties": { "settlement_id": "LGD_0272", "name": "Smithpur Grant", "district": "Sivasagar", "source": "LGD", "lon": 94.68339327959049, "lat": 26.782954171902887, "elevation_m": 118.55933, "slope_deg": 7.0699053, "profile_curv": 0.003596876, "plan_curv": 0.061469033, "static_susceptibility": 0.25388800757051638, "susceptibility_tier": "low" }, "geometry": { "type": "Point", "coordinates": [ 94.68339327959049, 26.782954171902887 ] } },
{ "type": "Feature", "properties": { "settlement_id": "LGD_0273", "name": "Atkhal Grant No.I", "district": "Sivasagar", "source": "LGD", "lon": 94.666336411323286, "lat": 26.783906799317943, "elevation_m": 124.74717, "slope_deg": 12.810489, "profile_curv": 0.0034936978, "plan_curv": -0.035541777, "static_susceptibility": 0.29567566296933984, "susceptibility_tier": "low" }, "geometry": { "type": "Point", "coordinates": [ 94.666336411323286, 26.783906799317943 ] } },
{ "type": "Feature", "properties": { "settlement_id": "LGD_0274", "name": "Na-Pam Baruoti", "district": "Sivasagar", "source": "LGD", "lon": 94.663155540520677, "lat": 26.805072787276945, "elevation_m": 105.91594, "slope_deg": 5.5057321, "profile_curv": 0.00044906643, "plan_curv": -0.13529207, "static_susceptibility": 0.26528373157426127, "susceptibility_tier": "low" }, "geometry": { "type": "Point", "coordinates": [ 94.663155540520677, 26.805072787276945 ] } },
{ "type": "Feature", "properties": { "settlement_id": "LGD_0275", "name": "Deopani Gohain", "district": "Sivasagar", "source": "LGD", "lon": 94.660761827137406, "lat": 26.824767456742549, "elevation_m": 96.388634, "slope_deg": 1.9932313, "profile_curv": 1.3985956e-05, "plan_curv": 0.038792081, "static_susceptibility": 0.22874494621428107, "susceptibility_tier": "low" }, "geometry": { "type": "Point", "coordinates": [ 94.660761827137406, 26.824767456742549 ] } },
{ "type": "Feature", "properties": { "settlement_id": "LGD_0276", "name": "Namdongia", "district": "Sivasagar", "source": "LGD", "lon": 94.661915574782853, "lat": 26.835750210189648, "elevation_m": 98.7556, "slope_deg": 4.9618254, "profile_curv": -0.0013017753, "plan_curv": -0.011349564, "static_susceptibility": 0.24849680948215461, "susceptibility_tier": "low" }, "geometry": { "type": "Point", "coordinates": [ 94.661915574782853, 26.835750210189648 ] } },
{ "type": "Feature", "properties": { "settlement_id": "LGD_0277", "name": "Deogharia Duwarah", "district": "Sivasagar", "source": "LGD", "lon": 94.670324796788492, "lat": 26.844489878329835, "elevation_m": 106.20688, "slope_deg": 8.0596142, "profile_curv": 0.00029438295, "plan_curv": 0.0391813, "static_susceptibility": 0.25961372377484493, "susceptibility_tier": "low" }, "geometry": { "type": "Point", "coordinates": [ 94.670324796788492, 26.844489878329835 ] } },
{ "type": "Feature", "properties": { "settlement_id": "LGD_0278", "name": "Dolakakhoria Bam", "district": "Sivasagar", "source": "LGD", "lon": 94.68935842971527, "lat": 26.827814569033858, "elevation_m": 98.148148, "slope_deg": 3.0516562, "profile_curv": -5.3361073e-05, "plan_curv": 0.11501526, "static_susceptibility": 0.22647928878564325, "susceptibility_tier": "low" }, "geometry": { "type": "Point", "coordinates": [ 94.68935842971527, 26.827814569033858 ] } },
{ "type": "Feature", "properties": { "settlement_id": "LGD_0279", "name": "Gohain Gaon", "district": "Sivasagar", "source": "LGD", "lon": 94.708588191221665, "lat": 26.817831649157622, "elevation_m": 106.12601, "slope_deg": 6.4406071, "profile_curv": -0.0014932355, "plan_curv": 0.029846679, "static_susceptibility": 0.25272742744807425, "susceptibility_tier": "low" }, "geometry": { "type": "Point", "coordinates": [ 94.708588191221665, 26.817831649157622 ] } },
{ "type": "Feature", "properties": { "settlement_id": "LGD_0280", "name": "Hudupora", "district": "Sivasagar", "source": "LGD", "lon": 94.698456533305915, "lat": 26.855707159612599, "elevation_m": 102.18562, "slope_deg": 6.9025373, "profile_curv": -0.0010310218, "plan_curv": -0.0097482074, "static_susceptibility": 0.25850012847492981, "susceptibility_tier": "low" }, "geometry": { "type": "Point", "coordinates": [ 94.698456533305915, 26.855707159612599 ] } },
{ "type": "Feature", "properties": { "settlement_id": "LGD_0281", "name": "Hudupora", "district": "Sivasagar", "source": "LGD", "lon": 94.671419626233714, "lat": 26.862389274383364, "elevation_m": 94.903938, "slope_deg": 0.35586935, "profile_curv": 4.4053057e-05, "plan_curv": -0.034548957, "static_susceptibility": 0.22810130441315549, "susceptibility_tier": "low" }, "geometry": { "type": "Point", "coordinates": [ 94.671419626233714, 26.862389274383364 ] } },
{ "type": "Feature", "properties": { "settlement_id": "LGD_0282", "name": " ", "district": "Sivasagar", "source": "LGD", "lon": 94.640091586281443, "lat": 26.862618723988358, "elevation_m": 94.208649, "slope_deg": 0.34412333, "profile_curv": -0.00015632766, "plan_curv": 0.22066891, "static_susceptibility": 0.20402337495883655, "susceptibility_tier": "low" }, "geometry": { "type": "Point", "coordinates": [ 94.640091586281443, 26.862618723988358 ] } },
{ "type": "Feature", "properties": { "settlement_id": "LGD_0283", "name": " ", "district": "Sivasagar", "source": "LGD", "lon": 94.63574324093274, "lat": 26.844708024475572, "elevation_m": 94.889748, "slope_deg": 5.2087765, "profile_curv": -0.001033864, "plan_curv": 0.013827132, "static_susceptibility": 0.24644539852925837, "susceptibility_tier": "low" }, "geometry": { "type": "Point", "coordinates": [ 94.63574324093274, 26.844708024475572 ] } },
{ "type": "Feature", "properties": { "settlement_id": "LGD_0284", "name": "Namdongia", "district": "Sivasagar", "source": "LGD", "lon": 94.649337709934443, "lat": 26.849176157143049, "elevation_m": 96.097649, "slope_deg": 4.069253, "profile_curv": -0.00059528474, "plan_curv": 0.027893379, "static_susceptibility": 0.23963950238204745, "susceptibility_tier": "low" }, "geometry": { "type": "Point", "coordinates": [ 94.649337709934443, 26.849176157143049 ] } },
{ "type": "Feature", "properties": { "settlement_id": "LGD_0285", "name": "Chetia Katoni", "district": "Sivasagar", "source": "LGD", "lon": 94.651684645194095, "lat": 26.860228839349038, "elevation_m": 100.60017, "slope_deg": 9.0177822, "profile_curv": 0.002355448, "plan_curv": -0.10488442, "static_susceptibility": 0.27903208181231803, "susceptibility_tier": "low" }, "geometry": { "type": "Point", "coordinates": [ 94.651684645194095, 26.860228839349038 ] } },
{ "type": "Feature", "properties": { "settlement_id": "LGD_0286", "name": " ", "district": "Sivasagar", "source": "LGD", "lon": 94.637989652288667, "lat": 26.829062735434363, "elevation_m": 96.134552, "slope_deg": 1.6062903, "profile_curv": 0.00048538743, "plan_curv": 0.027374858, "static_susceptibility": 0.22797130656283618, "susceptibility_tier": "low" }, "geometry": { "type": "Point", "coordinates": [ 94.637989652288667, 26.829062735434363 ] } },
{ "type": "Feature", "properties": { "settlement_id": "LGD_0287", "name": "Bailung", "district": "Sivasagar", "source": "LGD", "lon": 94.617830851114689, "lat": 26.842583556080722, "elevation_m": 95.529884, "slope_deg": 9.2534332, "profile_curv": -0.0012923206, "plan_curv": 0.014347961, "static_susceptibility": 0.2667893671981601, "susceptibility_tier": "low" }, "geometry": { "type": "Point", "coordinates": [ 94.617830851114689, 26.842583556080722 ] } },
{ "type": "Feature", "properties": { "settlement_id": "LGD_0288", "name": "Dulia", "district": "Sivasagar", "source": "LGD", "lon": 94.622751186581056, "lat": 26.818499421726845, "elevation_m": 100.32574, "slope_deg": 5.4443817, "profile_curv": -0.0018919723, "plan_curv": -0.12333804, "static_susceptibility": 0.26306542881477291, "susceptibility_tier": "low" }, "geometry": { "type": "Point", "coordinates": [ 94.622751186581056, 26.818499421726845 ] } },
{ "type": "Feature", "properties": { "settlement_id": "LGD_0289", "name": "Bolimara Karchua", "district": "Sivasagar", "source": "LGD", "lon": 94.611372542252823, "lat": 26.813848362119135, "elevation_m": 98.342926, "slope_deg": 6.1534595, "profile_curv": -0.0010022196, "plan_curv": 0.040703673, "static_susceptibility": 0.24884560397419686, "susceptibility_tier": "low" }, "geometry": { "type": "Point", "coordinates": [ 94.611372542252823, 26.813848362119135 ] } },
{ "type": "Feature", "properties": { "settlement_id": "LGD_0290", "name": "Dhepor Mridongia", "district": "Sivasagar", "source": "LGD", "lon": 94.61338694139117, "lat": 26.831923036133613, "elevation_m": 108.73097, "slope_deg": 8.3227053, "profile_curv": 0.0027862338, "plan_curv": 0.017654894, "static_susceptibility": 0.26333136984993988, "susceptibility_tier": "low" }, "geometry": { "type": "Point", "coordinates": [ 94.61338694139117, 26.831923036133613 ] } },
{ "type": "Feature", "properties": { "settlement_id": "LGD_0291", "name": "Kachari", "district": "Sivasagar", "source": "LGD", "lon": 94.602102082860327, "lat": 26.847259561117266, "elevation_m": 99.172623, "slope_deg": 6.4247518, "profile_curv": 0.0022998389, "plan_curv": -0.020223523, "static_susceptibility": 0.25625721242479954, "susceptibility_tier": "low" }, "geometry": { "type": "Point", "coordinates": [ 94.602102082860327, 26.847259561117266 ] } },
{ "type": "Feature", "properties": { "settlement_id": "LGD_0292", "name": "Moiramora Handique", "district": "Sivasagar", "source": "LGD", "lon": 94.6212242929832, "lat": 26.85343658350909, "elevation_m": 93.821602, "slope_deg": 2.4721892, "profile_curv": -0.00040098649, "plan_curv": -0.051766682, "static_susceptibility": 0.23965892741710929, "susceptibility_tier": "low" }, "geometry": { "type": "Point", "coordinates": [ 94.6212242929832, 26.85343658350909 ] } },
{ "type": "Feature", "properties": { "settlement_id": "LGD_0293", "name": "Phuloni Bari", "district": "Sivasagar", "source": "LGD", "lon": 94.62930385916664, "lat": 26.862988016011528, "elevation_m": 93.328056, "slope_deg": 1.6028943, "profile_curv": 9.2540358e-05, "plan_curv": -0.062745333, "static_susceptibility": 0.23647979894921872, "susceptibility_tier": "low" }, "geometry": { "type": "Point", "coordinates": [ 94.62930385916664, 26.862988016011528 ] } },
{ "type": "Feature", "properties": { "settlement_id": "LGD_0294", "name": "Khanikor", "district": "Sivasagar", "source": "LGD", "lon": 94.627727853718184, "lat": 26.8718111561959, "elevation_m": 93.628479, "slope_deg": 2.7253971, "profile_curv": 4.8476206e-05, "plan_curv": -0.046151798, "static_susceptibility": 0.24021493768403768, "susceptibility_tier": "low" }, "geometry": { "type": "Point", "coordinates": [ 94.627727853718184, 26.8718111561959 ] } },
{ "type": "Feature", "properties": { "settlement_id": "LGD_0295", "name": " ", "district": "Sivasagar", "source": "LGD", "lon": 94.609610383285272, "lat": 26.85992379514288, "elevation_m": 94.039635, "slope_deg": 6.7959938, "profile_curv": -0.00083157059, "plan_curv": -0.14169206, "static_susceptibility": 0.27078836542219797, "susceptibility_tier": "low" }, "geometry": { "type": "Point", "coordinates": [ 94.609610383285272, 26.85992379514288 ] } },
{ "type": "Feature", "properties": { "settlement_id": "LGD_0296", "name": "Mout", "district": "Sivasagar", "source": "LGD", "lon": 94.604642483600742, "lat": 26.876878747877612, "elevation_m": 94.58548, "slope_deg": 7.5999589, "profile_curv": -0.00062328199, "plan_curv": -0.066114984, "static_susceptibility": 0.26676689472951104, "susceptibility_tier": "low" }, "geometry": { "type": "Point", "coordinates": [ 94.604642483600742, 26.876878747877612 ] } },
{ "type": "Feature", "properties": { "settlement_id": "LGD_0297", "name": "Khanikor", "district": "Sivasagar", "source": "LGD", "lon": 94.621466912089218, "lat": 26.881810089480098, "elevation_m": 102.02752, "slope_deg": 7.1417904, "profile_curv": 0.0051156664, "plan_curv": 0.05877481, "static_susceptibility": 0.25161487191016146, "susceptibility_tier": "low" }, "geometry": { "type": "Point", "coordinates": [ 94.621466912089218, 26.881810089480098 ] } },
{ "type": "Feature", "properties": { "settlement_id": "LGD_0298", "name": "Parbatia", "district": "Sivasagar", "source": "LGD", "lon": 94.631994794773689, "lat": 26.888090341719749, "elevation_m": 94.386795, "slope_deg": 7.2618065, "profile_curv": -0.0026643104, "plan_curv": 0.0061276392, "static_susceptibility": 0.25755073177827215, "susceptibility_tier": "low" }, "geometry": { "type": "Point", "coordinates": [ 94.631994794773689, 26.888090341719749 ] } },
{ "type": "Feature", "properties": { "settlement_id": "LGD_0299", "name": "Senchoa", "district": "Sivasagar", "source": "LGD", "lon": 94.62445727174557, "lat": 26.90006457202087, "elevation_m": 93.854538, "slope_deg": 3.0189538, "profile_curv": -0.00034049634, "plan_curv": 0.0044859387, "static_susceptibility": 0.23660335053905615, "susceptibility_tier": "low" }, "geometry": { "type": "Point", "coordinates": [ 94.62445727174557, 26.90006457202087 ] } },
{ "type": "Feature", "properties": { "settlement_id": "LGD_0300", "name": "Khemdoi Pukhuri", "district": "Sivasagar", "source": "LGD", "lon": 94.60369574573285, "lat": 26.891927484038803, "elevation_m": 91.219833, "slope_deg": 2.1497276, "profile_curv": -4.2384992e-05, "plan_curv": -0.0020777718, "static_susceptibility": 0.2327082406543354, "susceptibility_tier": "low" }, "geometry": { "type": "Point", "coordinates": [ 94.60369574573285, 26.891927484038803 ] } },
{ "type": "Feature", "properties": { "settlement_id": "LGD_0301", "name": "Ghurachuwa Kumar", "district": "Sivasagar", "source": "LGD", "lon": 94.604133529810596, "lat": 26.902200593403322, "elevation_m": 90.887245, "slope_deg": 2.1982651, "profile_curv": -0.00018409207, "plan_curv": -0.13812684, "static_susceptibility": 0.24664949286323073, "susceptibility_tier": "low" }, "geometry": { "type": "Point", "coordinates": [ 94.604133529810596, 26.902200593403322 ] } },
{ "type": "Feature", "properties": { "settlement_id": "LGD_0302", "name": "Bharaluwa", "district": "Sivasagar", "source": "LGD", "lon": 94.608700171033533, "lat": 26.912815107233161, "elevation_m": 91.549828, "slope_deg": 3.1188529, "profile_curv": -3.0600215e-05, "plan_curv": 0.11850044, "static_susceptibility": 0.22544668619967828, "susceptibility_tier": "low" }, "geometry": { "type": "Point", "coordinates": [ 94.608700171033533, 26.912815107233161 ] } },
{ "type": "Feature", "properties": { "settlement_id": "LGD_0303", "name": "Deolia Gayan", "district": "Sivasagar", "source": "LGD", "lon": 94.606942375929989, "lat": 26.928220597738022, "elevation_m": 95.03051, "slope_deg": 8.3896093, "profile_curv": -0.00066197821, "plan_curv": 0.048762266, "static_susceptibility": 0.25852922854486615, "susceptibility_tier": "low" }, "geometry": { "type": "Point", "coordinates": [ 94.606942375929989, 26.928220597738022 ] } },
{ "type": "Feature", "properties": { "settlement_id": "LGD_0304", "name": "Barpatra Dol Kalugaon", "district": "Sivasagar", "source": "LGD", "lon": 94.621268081452598, "lat": 26.927863161507869, "elevation_m": 90.804169, "slope_deg": 4.4820337, "profile_curv": -0.002815, "plan_curv": -0.0020348714, "static_susceptibility": 0.24411985615109694, "susceptibility_tier": "low" }, "geometry": { "type": "Point", "coordinates": [ 94.621268081452598, 26.927863161507869 ] } },
{ "type": "Feature", "properties": { "settlement_id": "LGD_0305", "name": "Namtial", "district": "Sivasagar", "source": "LGD", "lon": 94.623390260755258, "lat": 26.911732213868046, "elevation_m": 91.171677, "slope_deg": 5.8663316, "profile_curv": 0.00036817929, "plan_curv": -0.038624533, "static_susceptibility": 0.25435211571172339, "susceptibility_tier": "low" }, "geometry": { "type": "Point", "coordinates": [ 94.623390260755258, 26.911732213868046 ] } },
{ "type": "Feature", "properties": { "settlement_id": "LGD_0306", "name": "Lunpuria", "district": "Sivasagar", "source": "LGD", "lon": 94.637225552509122, "lat": 26.918868054452517, "elevation_m": 98.05394, "slope_deg": 9.3502789, "profile_curv": 0.0060340338, "plan_curv": -0.056277838, "static_susceptibility": 0.27441804617302445, "susceptibility_tier": "low" }, "geometry": { "type": "Point", "coordinates": [ 94.637225552509122, 26.918868054452517 ] } },
{ "type": "Feature", "properties": { "settlement_id": "LGD_0307", "name": "Sala Guria", "district": "Sivasagar", "source": "LGD", "lon": 94.639746031062401, "lat": 26.933220448004509, "elevation_m": 97.306084, "slope_deg": 7.2962046, "profile_curv": 2.82154e-05, "plan_curv": 0.15302369, "static_susceptibility": 0.24256391150083256, "susceptibility_tier": "low" }, "geometry": { "type": "Point", "coordinates": [ 94.639746031062401, 26.933220448004509 ] } },
{ "type": "Feature", "properties": { "settlement_id": "LGD_0308", "name": "Jogi Sotokia", "district": "Sivasagar", "source": "LGD", "lon": 94.652842081701991, "lat": 26.920580597064074, "elevation_m": 94.668434, "slope_deg": 4.3384848, "profile_curv": 0.00073120458, "plan_curv": 0.0051339734, "static_susceptibility": 0.24284329743327732, "susceptibility_tier": "low" }, "geometry": { "type": "Point", "coordinates": [ 94.652842081701991, 26.920580597064074 ] } },
{ "type": "Feature", "properties": { "settlement_id": "LGD_0309", "name": "Kukura Chuwa", "district": "Sivasagar", "source": "LGD", "lon": 94.649575492053884, "lat": 26.903133422426599, "elevation_m": 101.0249, "slope_deg": 8.7996702, "profile_curv": -0.0035035566, "plan_curv": 0.015891235, "static_susceptibility": 0.2655335478686755, "susceptibility_tier": "low" }, "geometry": { "type": "Point", "coordinates": [ 94.649575492053884, 26.903133422426599 ] } },
{ "type": "Feature", "properties": { "settlement_id": "LGD_0310", "name": "Ganak", "district": "Sivasagar", "source": "LGD", "lon": 94.645964278222067, "lat": 26.888380483073526, "elevation_m": 101.30206, "slope_deg": 7.7235289, "profile_curv": 0.0035454738, "plan_curv": 0.032784622, "static_susceptibility": 0.25734108167044478, "susceptibility_tier": "low" }, "geometry": { "type": "Point", "coordinates": [ 94.645964278222067, 26.888380483073526 ] } },
{ "type": "Feature", "properties": { "settlement_id": "LGD_0311", "name": "Abhoipuria", "district": "Sivasagar", "source": "LGD", "lon": 94.658304769212492, "lat": 26.87563173711597, "elevation_m": 95.99572, "slope_deg": 7.9725075, "profile_curv": -0.004241494, "plan_curv": -0.013870752, "static_susceptibility": 0.26377092189273837, "susceptibility_tier": "low" }, "geometry": { "type": "Point", "coordinates": [ 94.658304769212492, 26.87563173711597 ] } },
{ "type": "Feature", "properties": { "settlement_id": "LGD_0312", "name": "Abhoipuria", "district": "Sivasagar", "source": "LGD", "lon": 94.666392792433953, "lat": 26.889735571438628, "elevation_m": 92.986984, "slope_deg": 3.8746841, "profile_curv": 0.00065771089, "plan_curv": -0.00013475164, "static_susceptibility": 0.24088750536073084, "susceptibility_tier": "low" }, "geometry": { "type": "Point", "coordinates": [ 94.666392792433953, 26.889735571438628 ] } },
{ "type": "Feature", "properties": { "settlement_id": "LGD_0313", "name": "Bhakat Gaon", "district": "Sivasagar", "source": "LGD", "lon": 94.687501291710191, "lat": 26.899558541631318, "elevation_m": 93.170883, "slope_deg": 1.4752288, "profile_curv": -0.001406929, "plan_curv": -0.027792079, "static_susceptibility": 0.23256680767343277, "susceptibility_tier": "low" }, "geometry": { "type": "Point", "coordinates": [ 94.687501291710191, 26.899558541631318 ] } },
{ "type": "Feature", "properties": { "settlement_id": "LGD_0314", "name": "Kataki Bari", "district": "Sivasagar", "source": "LGD", "lon": 94.680643141982586, "lat": 26.892933827929177, "elevation_m": 98.945084, "slope_deg": 4.2730799, "profile_curv": 0.0030510756, "plan_curv": 0.024291042, "static_susceptibility": 0.24095620673242996, "susceptibility_tier": "low" }, "geometry": { "type": "Point", "coordinates": [ 94.680643141982586, 26.892933827929177 ] } },
{ "type": "Feature", "properties": { "settlement_id": "LGD_0315", "name": " ", "district": "Sivasagar", "source": "LGD", "lon": 94.69123172276835, "lat": 26.879290605106103, "elevation_m": 97.150871, "slope_deg": 2.1083148, "profile_curv": 0.0003535776, "plan_curv": -0.048528578, "static_susceptibility": 0.23802166941730055, "susceptibility_tier": "low" }, "geometry": { "type": "Point", "coordinates": [ 94.69123172276835, 26.879290605106103 ] } },
{ "type": "Feature", "properties": { "settlement_id": "LGD_0316", "name": "Hulang Katoni", "district": "Sivasagar", "source": "LGD", "lon": 94.720220601636811, "lat": 26.896667024354617, "elevation_m": 98.048477, "slope_deg": 6.2251935, "profile_curv": -0.0072336844, "plan_curv": 0.0059261611, "static_susceptibility": 0.25361719152892787, "susceptibility_tier": "low" }, "geometry": { "type": "Point", "coordinates": [ 94.720220601636811, 26.896667024354617 ] } },
{ "type": "Feature", "properties": { "settlement_id": "LGD_0317", "name": "Reboti Gaon", "district": "Sivasagar", "source": "LGD", "lon": 94.701380576987546, "lat": 26.900774482471288, "elevation_m": 93.762352, "slope_deg": 7.6829157, "profile_curv": -0.0012476495, "plan_curv": -0.014367416, "static_susceptibility": 0.26156161191804056, "susceptibility_tier": "low" }, "geometry": { "type": "Point", "coordinates": [ 94.701380576987546, 26.900774482471288 ] } },
{ "type": "Feature", "properties": { "settlement_id": "LGD_0318", "name": "Kopohua", "district": "Sivasagar", "source": "LGD", "lon": 94.703151713038523, "lat": 26.911431978901923, "elevation_m": 93.368736, "slope_deg": 5.2453852, "profile_curv": -0.0030219818, "plan_curv": 0.0057717199, "static_susceptibility": 0.24747391800084254, "susceptibility_tier": "low" }, "geometry": { "type": "Point", "coordinates": [ 94.703151713038523, 26.911431978901923 ] } },
{ "type": "Feature", "properties": { "settlement_id": "LGD_0319", "name": "Joykhamdang Khat Gaon", "district": "Sivasagar", "source": "LGD", "lon": 94.717469619635679, "lat": 26.916824940263343, "elevation_m": 93.423462, "slope_deg": 3.5338123, "profile_curv": 3.2088185e-05, "plan_curv": -0.0037103326, "static_susceptibility": 0.23976558129179845, "susceptibility_tier": "low" }, "geometry": { "type": "Point", "coordinates": [ 94.717469619635679, 26.916824940263343 ] } },
{ "type": "Feature", "properties": { "settlement_id": "LGD_0320", "name": "Naw Holia Gaon", "district": "Sivasagar", "source": "LGD", "lon": 94.717045420387777, "lat": 26.937145148862495, "elevation_m": 105.74818, "slope_deg": 8.3241987, "profile_curv": 0.002267692, "plan_curv": 0.046595048, "static_susceptibility": 0.25981188043465281, "susceptibility_tier": "low" }, "geometry": { "type": "Point", "coordinates": [ 94.717045420387777, 26.937145148862495 ] } },
{ "type": "Feature", "properties": { "settlement_id": "LGD_0321", "name": "Dihingia", "district": "Sivasagar", "source": "LGD", "lon": 94.707809440146363, "lat": 26.930347882423217, "elevation_m": 92.990318, "slope_deg": 0.25960568, "profile_curv": -0.00015986185, "plan_curv": -0.064630896, "static_susceptibility": 0.23033397314278944, "susceptibility_tier": "low" }, "geometry": { "type": "Point", "coordinates": [ 94.707809440146363, 26.930347882423217 ] } },
{ "type": "Feature", "properties": { "settlement_id": "LGD_0322", "name": "Maduri Gohain", "district": "Sivasagar", "source": "LGD", "lon": 94.690147724407055, "lat": 26.923132206508292, "elevation_m": 104.58987, "slope_deg": 7.8596253, "profile_curv": 0.00457, "plan_curv": 0.077733651, "static_susceptibility": 0.25368325248224027, "susceptibility_tier": "low" }, "geometry": { "type": "Point", "coordinates": [ 94.690147724407055, 26.923132206508292 ] } },
{ "type": "Feature", "properties": { "settlement_id": "LGD_0323", "name": "Mola Gaon", "district": "Sivasagar", "source": "LGD", "lon": 94.692482751784368, "lat": 26.93565524411283, "elevation_m": 97.177162, "slope_deg": 4.0773363, "profile_curv": 0.0020259183, "plan_curv": 0.0022413637, "static_susceptibility": 0.24210742638826777, "susceptibility_tier": "low" }, "geometry": { "type": "Point", "coordinates": [ 94.692482751784368, 26.93565524411283 ] } },
{ "type": "Feature", "properties": { "settlement_id": "LGD_0324", "name": "Maduri Chah Bagicha", "district": "Sivasagar", "source": "LGD", "lon": 94.685743399245894, "lat": 26.909306467812787, "elevation_m": 96.161896, "slope_deg": 3.5573854, "profile_curv": 0.00064894976, "plan_curv": 0.041206103, "static_susceptibility": 0.23571513498979862, "susceptibility_tier": "low" }, "geometry": { "type": "Point", "coordinates": [ 94.685743399245894, 26.909306467812787 ] } },
{ "type": "Feature", "properties": { "settlement_id": "LGD_0325", "name": "Borgohain", "district": "Sivasagar", "source": "LGD", "lon": 94.675115570355572, "lat": 26.916558722389802, "elevation_m": 91.996307, "slope_deg": 6.8764253, "profile_curv": -0.0020946851, "plan_curv": -0.026995338, "static_susceptibility": 0.25865422925918907, "susceptibility_tier": "low" }, "geometry": { "type": "Point", "coordinates": [ 94.675115570355572, 26.916558722389802 ] } },
{ "type": "Feature", "properties": { "settlement_id": "LGD_0326", "name": "Borakhowa", "district": "Sivasagar", "source": "LGD", "lon": 94.667203260825119, "lat": 26.907112707059543, "elevation_m": 92.398048, "slope_deg": 2.9743679, "profile_curv": -0.00055526756, "plan_curv": 0.034896396, "static_susceptibility": 0.23316349566608985, "susceptibility_tier": "low" }, "geometry": { "type": "Point", "coordinates": [ 94.667203260825119, 26.907112707059543 ] } },
{ "type": "Feature", "properties": { "settlement_id": "LGD_0327", "name": "Amkotia Gohain", "district": "Sivasagar", "source": "LGD", "lon": 94.66620059649442, "lat": 26.930478292723304, "elevation_m": 91.653328, "slope_deg": 2.7308369, "profile_curv": 0.00016861828, "plan_curv": -0.11154713, "static_susceptibility": 0.2465869757783305, "susceptibility_tier": "low" }, "geometry": { "type": "Point", "coordinates": [ 94.66620059649442, 26.930478292723304 ] } },
{ "type": "Feature", "properties": { "settlement_id": "LGD_0328", "name": "Bez Gaon", "district": "Sivasagar", "source": "LGD", "lon": 94.660015462715663, "lat": 26.947837170584531, "elevation_m": 90.977921, "slope_deg": 0.36460078, "profile_curv": -0.00018387404, "plan_curv": -0.039319661, "static_susceptibility": 0.22803683810523215, "susceptibility_tier": "low" }, "geometry": { "type": "Point", "coordinates": [ 94.660015462715663, 26.947837170584531 ] } },
{ "type": "Feature", "properties": { "settlement_id": "LGD_0329", "name": "Mechagorh Gohain", "district": "Sivasagar", "source": "LGD", "lon": 94.675158282503105, "lat": 26.941491100823921, "elevation_m": 100.846, "slope_deg": 6.8897452, "profile_curv": 0.002287972, "plan_curv": 0.089033693, "static_susceptibility": 0.24742040285066735, "susceptibility_tier": "low" }, "geometry": { "type": "Point", "coordinates": [ 94.675158282503105, 26.941491100823921 ] } },
{ "type": "Feature", "properties": { "settlement_id": "LGD_0330", "name": "Haluwa Bhakot", "district": "Sivasagar", "source": "LGD", "lon": 94.672100166979348, "lat": 26.958872530857818, "elevation_m": 101.90207, "slope_deg": 8.1419239, "profile_curv": 0.0053436551, "plan_curv": 0.097549222, "static_susceptibility": 0.25246308663441369, "susceptibility_tier": "low" }, "geometry": { "type": "Point", "coordinates": [ 94.672100166979348, 26.958872530857818 ] } },
{ "type": "Feature", "properties": { "settlement_id": "LGD_0331", "name": "Bura Gohain", "district": "Sivasagar", "source": "LGD", "lon": 94.679488931172102, "lat": 26.953113274576499, "elevation_m": 93.709427, "slope_deg": 7.4542537, "profile_curv": -0.00062127999, "plan_curv": -0.079676278, "static_susceptibility": 0.26734059445010289, "susceptibility_tier": "low" }, "geometry": { "type": "Point", "coordinates": [ 94.679488931172102, 26.953113274576499 ] } },
{ "type": "Feature", "properties": { "settlement_id": "LGD_0332", "name": " ", "district": "Sivasagar", "source": "LGD", "lon": 94.680540315048717, "lat": 26.96801679144362, "elevation_m": 103.78712, "slope_deg": 8.2572212, "profile_curv": 0.0055785812, "plan_curv": 0.037868813, "static_susceptibility": 0.25962190607350982, "susceptibility_tier": "low" }, "geometry": { "type": "Point", "coordinates": [ 94.680540315048717, 26.96801679144362 ] } },
{ "type": "Feature", "properties": { "settlement_id": "LGD_0333", "name": "Mothia Chiga Gohain", "district": "Sivasagar", "source": "LGD", "lon": 94.696074753468636, "lat": 26.950722625490243, "elevation_m": 105.57458, "slope_deg": 6.5489535, "profile_curv": 0.0064944746, "plan_curv": 0.026633883, "static_susceptibility": 0.25243265892361955, "susceptibility_tier": "low" }, "geometry": { "type": "Point", "coordinates": [ 94.696074753468636, 26.950722625490243 ] } },
{ "type": "Feature", "properties": { "settlement_id": "LGD_0334", "name": " ", "district": "Sivasagar", "source": "LGD", "lon": 94.710761667079339, "lat": 26.949948490388614, "elevation_m": 107.90656, "slope_deg": 6.7740951, "profile_curv": 0.00038882199, "plan_curv": 0.052316681, "static_susceptibility": 0.25206683625366888, "susceptibility_tier": "low" }, "geometry": { "type": "Point", "coordinates": [ 94.710761667079339, 26.949948490388614 ] } },
{ "type": "Feature", "properties": { "settlement_id": "LGD_0335", "name": "Bailung Pathar", "district": "Sivasagar", "source": "LGD", "lon": 94.706188871764041, "lat": 26.965766510298074, "elevation_m": 99.010239, "slope_deg": 6.8980284, "profile_curv": -0.0018494882, "plan_curv": -0.11521223, "static_susceptibility": 0.26941530121329688, "susceptibility_tier": "low" }, "geometry": { "type": "Point", "coordinates": [ 94.706188871764041, 26.965766510298074 ] } },
{ "type": "Feature", "properties": { "settlement_id": "LGD_0336", "name": "Gohain Gaon", "district": "Sivasagar", "source": "LGD", "lon": 94.688474117031546, "lat": 26.961885100808114, "elevation_m": 94.488579, "slope_deg": 6.1143475, "profile_curv": 0.00012600048, "plan_curv": 0.023257814, "static_susceptibility": 0.24968722017564898, "susceptibility_tier": "low" }, "geometry": { "type": "Point", "coordinates": [ 94.688474117031546, 26.961885100808114 ] } },
{ "type": "Feature", "properties": { "settlement_id": "LGD_0337", "name": "Changmai Gaon", "district": "Sivasagar", "source": "LGD", "lon": 94.697239752152996, "lat": 26.976520671196884, "elevation_m": 96.013817, "slope_deg": 4.0846744, "profile_curv": 0.0026910701, "plan_curv": 0.081991941, "static_susceptibility": 0.23385528863295246, "susceptibility_tier": "low" }, "geometry": { "type": "Point", "coordinates": [ 94.697239752152996, 26.976520671196884 ] } },
{ "type": "Feature", "properties": { "settlement_id": "LGD_0338", "name": "Chetia", "district": "Sivasagar", "source": "LGD", "lon": 94.712713888821469, "lat": 26.983460558744142, "elevation_m": 91.364647, "slope_deg": 4.5245895, "profile_curv": 0.00038485392, "plan_curv": -0.10403267, "static_susceptibility": 0.25457567306330009, "susceptibility_tier": "low" }, "geometry": { "type": "Point", "coordinates": [ 94.712713888821469, 26.983460558744142 ] } },
{ "type": "Feature", "properties": { "settlement_id": "LGD_0339", "name": "Bhadhara", "district": "Sivasagar", "source": "LGD", "lon": 94.702969259200643, "lat": 26.997787180830247, "elevation_m": 90.668777, "slope_deg": 0.31503734, "profile_curv": 0.00015649902, "plan_curv": 0.024034247, "static_susceptibility": 0.22159959237896112, "susceptibility_tier": "low" }, "geometry": { "type": "Point", "coordinates": [ 94.702969259200643, 26.997787180830247 ] } },
{ "type": "Feature", "properties": { "settlement_id": "LGD_0340", "name": "Kheluwa", "district": "Sivasagar", "source": "LGD", "lon": 94.685467468239821, "lat": 26.982137747454605, "elevation_m": 91.884468, "slope_deg": 3.3779404, "profile_curv": -0.00013297804, "plan_curv": -0.32791305, "static_susceptibility": 0.27298634086638252, "susceptibility_tier": "low" }, "geometry": { "type": "Point", "coordinates": [ 94.685467468239821, 26.982137747454605 ] } },
{ "type": "Feature", "properties": { "settlement_id": "LGD_0341", "name": " ", "district": "Sivasagar", "source": "LGD", "lon": 94.669546582186825, "lat": 26.983898167961321, "elevation_m": 92.337715, "slope_deg": 0.4458856, "profile_curv": 0.00035976458, "plan_curv": 0.053838138, "static_susceptibility": 0.21957322666121284, "susceptibility_tier": "low" }, "geometry": { "type": "Point", "coordinates": [ 94.669546582186825, 26.983898167961321 ] } },
{ "type": "Feature", "properties": { "settlement_id": "LGD_0342", "name": "Kurula Kotia", "district": "Sivasagar", "source": "LGD", "lon": 94.665542108502137, "lat": 26.969909979746649, "elevation_m": 92.970818, "slope_deg": 7.2819076, "profile_curv": -0.0028276369, "plan_curv": -0.034259636, "static_susceptibility": 0.2617431369025866, "susceptibility_tier": "low" }, "geometry": { "type": "Point", "coordinates": [ 94.665542108502137, 26.969909979746649 ] } },
{ "type": "Feature", "properties": { "settlement_id": "LGD_0343", "name": "Khata Pathar", "district": "Sivasagar", "source": "LGD", "lon": 94.652379557643641, "lat": 26.99271722664097, "elevation_m": 90.541611, "slope_deg": 0.31792945, "profile_curv": -0.00027641054, "plan_curv": -0.047471523, "static_susceptibility": 0.22856216595257972, "susceptibility_tier": "low" }, "geometry": { "type": "Point", "coordinates": [ 94.652379557643641, 26.99271722664097 ] } },
{ "type": "Feature", "properties": { "settlement_id": "LGD_0344", "name": "Namtiyal Pathar", "district": "Sivasagar", "source": "LGD", "lon": 94.644709299256434, "lat": 26.998872599494934, "elevation_m": 92.419441, "slope_deg": 4.0662718, "profile_curv": 0.00060827972, "plan_curv": -0.16556945, "static_susceptibility": 0.25893327116055337, "susceptibility_tier": "low" }, "geometry": { "type": "Point", "coordinates": [ 94.644709299256434, 26.998872599494934 ] } },
{ "type": "Feature", "properties": { "settlement_id": "LGD_0345", "name": "Sibsagar (MB)", "district": "Sivasagar", "source": "LGD", "lon": 94.633730002186567, "lat": 26.984678690901173, "elevation_m": 96.243759, "slope_deg": 3.3463264, "profile_curv": -0.0046241079, "plan_curv": 0.04465913, "static_susceptibility": 0.23506406458051463, "susceptibility_tier": "low" }, "geometry": { "type": "Point", "coordinates": [ 94.633730002186567, 26.984678690901173 ] } },
{ "type": "Feature", "properties": { "settlement_id": "LGD_0346", "name": "Sala Guria", "district": "Sivasagar", "source": "LGD", "lon": 94.643951852982397, "lat": 26.969843913566603, "elevation_m": 94.755157, "slope_deg": 8.6910219, "profile_curv": -0.0029786855, "plan_curv": -0.010284253, "static_susceptibility": 0.26667571131359574, "susceptibility_tier": "low" }, "geometry": { "type": "Point", "coordinates": [ 94.643951852982397, 26.969843913566603 ] } },
{ "type": "Feature", "properties": { "settlement_id": "LGD_0347", "name": " ", "district": "Sivasagar", "source": "LGD", "lon": 94.652545830138962, "lat": 26.978700860595694, "elevation_m": 94.655647, "slope_deg": 4.0705767, "profile_curv": 0.0014894997, "plan_curv": 0.054244429, "static_susceptibility": 0.23649856629581076, "susceptibility_tier": "low" }, "geometry": { "type": "Point", "coordinates": [ 94.652545830138962, 26.978700860595694 ] } },
{ "type": "Feature", "properties": { "settlement_id": "LGD_0348", "name": "Meteka Pathar", "district": "Sivasagar", "source": "LGD", "lon": 94.657578621667653, "lat": 26.96090104950148, "elevation_m": 91.748314, "slope_deg": 2.0378294, "profile_curv": 7.7907687e-05, "plan_curv": 0.079575606, "static_susceptibility": 0.22427575984378514, "susceptibility_tier": "low" }, "geometry": { "type": "Point", "coordinates": [ 94.657578621667653, 26.96090104950148 ] } },
{ "type": "Feature", "properties": { "settlement_id": "LGD_0349", "name": "Demow Pathar", "district": "Sivasagar", "source": "LGD", "lon": 94.640745267595307, "lat": 26.948796323498446, "elevation_m": 90.381416, "slope_deg": 0.56575012, "profile_curv": 0.00038333912, "plan_curv": 0.051622942, "static_susceptibility": 0.22003002824521706, "susceptibility_tier": "low" }, "geometry": { "type": "Point", "coordinates": [ 94.640745267595307, 26.948796323498446 ] } },
{ "type": "Feature", "properties": { "settlement_id": "LGD_0350", "name": "Na Bhangia", "district": "Sivasagar", "source": "LGD", "lon": 94.645792802659585, "lat": 26.961034835041783, "elevation_m": 90.877502, "slope_deg": 0.3967118, "profile_curv": -0.00043132497, "plan_curv": 0.018869929, "static_susceptibility": 0.22256874907185512, "susceptibility_tier": "low" }, "geometry": { "type": "Point", "coordinates": [ 94.645792802659585, 26.961034835041783 ] } },
{ "type": "Feature", "properties": { "settlement_id": "LGD_0351", "name": "Jula Goan", "district": "Sivasagar", "source": "LGD", "lon": 94.629889599328848, "lat": 26.960580023123082, "elevation_m": 90.511139, "slope_deg": 4.0306349, "profile_curv": -5.4700766e-05, "plan_curv": 0.020413699, "static_susceptibility": 0.23925764662302265, "susceptibility_tier": "low" }, "geometry": { "type": "Point", "coordinates": [ 94.629889599328848, 26.960580023123082 ] } },
{ "type": "Feature", "properties": { "settlement_id": "LGD_0352", "name": "Joysagar", "district": "Sivasagar", "source": "LGD", "lon": 94.614632621217424, "lat": 26.945786641686276, "elevation_m": 89.875099, "slope_deg": 0.87422621, "profile_curv": -0.00069460296, "plan_curv": -0.071656443, "static_susceptibility": 0.23349046259326947, "susceptibility_tier": "low" }, "geometry": { "type": "Point", "coordinates": [ 94.614632621217424, 26.945786641686276 ] } },
{ "type": "Feature", "properties": { "settlement_id": "LGD_0353", "name": "Rupahi Pathar", "district": "Sivasagar", "source": "LGD", "lon": 94.608567728178826, "lat": 26.963283187855428, "elevation_m": 89.862236, "slope_deg": 0.52438325, "profile_curv": -0.00046805653, "plan_curv": -0.020867558, "static_susceptibility": 0.22684238365497017, "susceptibility_tier": "low" }, "geometry": { "type": "Point", "coordinates": [ 94.608567728178826, 26.963283187855428 ] } },
{ "type": "Feature", "properties": { "settlement_id": "LGD_0354", "name": "Arjun Guri", "district": "Sivasagar", "source": "LGD", "lon": 94.608731688475103, "lat": 26.985230690383762, "elevation_m": 95.128914, "slope_deg": 5.287807, "profile_curv": -0.0017758698, "plan_curv": 0.11075671, "static_susceptibility": 0.23711006436723561, "susceptibility_tier": "low" }, "geometry": { "type": "Point", "coordinates": [ 94.608731688475103, 26.985230690383762 ] } },
{ "type": "Feature", "properties": { "settlement_id": "LGD_0355", "name": "Dicial Dhulia Gaon", "district": "Sivasagar", "source": "LGD", "lon": 94.612654647927982, "lat": 26.975321350466519, "elevation_m": 106.83205, "slope_deg": 11.424076, "profile_curv": -0.00072070985, "plan_curv": 0.08442872, "static_susceptibility": 0.27221250870831654, "susceptibility_tier": "low" }, "geometry": { "type": "Point", "coordinates": [ 94.612654647927982, 26.975321350466519 ] } },
{ "type": "Feature", "properties": { "settlement_id": "LGD_0356", "name": "Jula Goan", "district": "Sivasagar", "source": "LGD", "lon": 94.625089237538972, "lat": 26.971545631348064, "elevation_m": 98.040619, "slope_deg": 4.2319131, "profile_curv": 0.0026173231, "plan_curv": 0.10298143, "static_susceptibility": 0.23278909003587075, "susceptibility_tier": "low" }, "geometry": { "type": "Point", "coordinates": [ 94.625089237538972, 26.971545631348064 ] } },
{ "type": "Feature", "properties": { "settlement_id": "LGD_0357", "name": "Bailung Pathar", "district": "Sivasagar", "source": "LGD", "lon": 94.616745350263542, "lat": 26.991725122294088, "elevation_m": 90.508766, "slope_deg": 0.40451235, "profile_curv": -0.00021023618, "plan_curv": -0.068451002, "static_susceptibility": 0.23100989856913084, "susceptibility_tier": "low" }, "geometry": { "type": "Point", "coordinates": [ 94.616745350263542, 26.991725122294088 ] } },
{ "type": "Feature", "properties": { "settlement_id": "LGD_0358", "name": "Pachi Pathar", "district": "Sivasagar", "source": "LGD", "lon": 94.609041895372314, "lat": 26.997586879611045, "elevation_m": 89.811577, "slope_deg": 3.2876396, "profile_curv": -0.0017178544, "plan_curv": -0.054546367, "static_susceptibility": 0.24340054776396225, "susceptibility_tier": "low" }, "geometry": { "type": "Point", "coordinates": [ 94.609041895372314, 26.997586879611045 ] } },
{ "type": "Feature", "properties": { "settlement_id": "LGD_0359", "name": "Motha Dang", "district": "Sivasagar", "source": "LGD", "lon": 94.596118376437701, "lat": 26.975993736419142, "elevation_m": 98.259903, "slope_deg": 9.8691463, "profile_curv": 1.28405e-05, "plan_curv": 0.010969426, "static_susceptibility": 0.27061699415342139, "susceptibility_tier": "low" }, "geometry": { "type": "Point", "coordinates": [ 94.596118376437701, 26.975993736419142 ] } },
{ "type": "Feature", "properties": { "settlement_id": "LGD_0360", "name": " ", "district": "Sivasagar", "source": "LGD", "lon": 94.59203658611105, "lat": 26.983680917509869, "elevation_m": 91.851234, "slope_deg": 7.0276918, "profile_curv": 0.00025637029, "plan_curv": -0.16276383, "static_susceptibility": 0.27377912916785768, "susceptibility_tier": "low" }, "geometry": { "type": "Point", "coordinates": [ 94.59203658611105, 26.983680917509869 ] } },
{ "type": "Feature", "properties": { "settlement_id": "LGD_0361", "name": "Lahingia", "district": "Sivasagar", "source": "LGD", "lon": 94.58463629052676, "lat": 26.979097555902069, "elevation_m": 90.661476, "slope_deg": 4.5480337, "profile_curv": -0.00090467953, "plan_curv": -0.044170629, "static_susceptibility": 0.24850203041704524, "susceptibility_tier": "low" }, "geometry": { "type": "Point", "coordinates": [ 94.58463629052676, 26.979097555902069 ] } },
{ "type": "Feature", "properties": { "settlement_id": "LGD_0362", "name": "Sensuwa", "district": "Sivasagar", "source": "LGD", "lon": 94.574636055177677, "lat": 26.97553763786059, "elevation_m": 91.437019, "slope_deg": 6.3047605, "profile_curv": 8.1171522e-05, "plan_curv": 0.050517563, "static_susceptibility": 0.24731068570008796, "susceptibility_tier": "low" }, "geometry": { "type": "Point", "coordinates": [ 94.574636055177677, 26.97553763786059 ] } },
{ "type": "Feature", "properties": { "settlement_id": "LGD_0363", "name": "Chaul Kora No.1", "district": "Sivasagar", "source": "LGD", "lon": 94.58680245503794, "lat": 26.99630682283285, "elevation_m": 90.236198, "slope_deg": 7.9267521, "profile_curv": -8.3103812e-05, "plan_curv": -0.056990653, "static_susceptibility": 0.26664327966423257, "susceptibility_tier": "low" }, "geometry": { "type": "Point", "coordinates": [ 94.58680245503794, 26.99630682283285 ] } },
{ "type": "Feature", "properties": { "settlement_id": "LGD_0364", "name": "Gohain Pathar", "district": "Sivasagar", "source": "LGD", "lon": 94.569477062793609, "lat": 26.998498287275819, "elevation_m": 89.261024, "slope_deg": 0.41470987, "profile_curv": -0.00026410687, "plan_curv": 0.016437719, "static_susceptibility": 0.22262072429602264, "susceptibility_tier": "low" }, "geometry": { "type": "Point", "coordinates": [ 94.569477062793609, 26.998498287275819 ] } },
{ "type": "Feature", "properties": { "settlement_id": "LGD_0365", "name": "Nowjan Block", "district": "Sivasagar", "source": "LGD", "lon": 94.552349880644087, "lat": 26.996035340089559, "elevation_m": 89.471405, "slope_deg": 1.2427044, "profile_curv": -8.9369474e-05, "plan_curv": 0.087975174, "static_susceptibility": 0.21954552629589455, "susceptibility_tier": "low" }, "geometry": { "type": "Point", "coordinates": [ 94.552349880644087, 26.996035340089559 ] } },
{ "type": "Feature", "properties": { "settlement_id": "LGD_0366", "name": "Bolia Ghat", "district": "Sivasagar", "source": "LGD", "lon": 94.552863664100641, "lat": 26.969479356302337, "elevation_m": 90.024185, "slope_deg": 0.88989538, "profile_curv": -0.00035568391, "plan_curv": 0.15890262, "static_susceptibility": 0.21144466549612395, "susceptibility_tier": "low" }, "geometry": { "type": "Point", "coordinates": [ 94.552863664100641, 26.969479356302337 ] } },
{ "type": "Feature", "properties": { "settlement_id": "LGD_0367", "name": "Kari Gaon", "district": "Sivasagar", "source": "LGD", "lon": 94.566009603010215, "lat": 26.986028509451216, "elevation_m": 93.521378, "slope_deg": 7.4847932, "profile_curv": 0.00081252196, "plan_curv": 0.03626769, "static_susceptibility": 0.25486570807128861, "susceptibility_tier": "low" }, "geometry": { "type": "Point", "coordinates": [ 94.566009603010215, 26.986028509451216 ] } },
{ "type": "Feature", "properties": { "settlement_id": "LGD_0368", "name": "Bon - Gaon", "district": "Sivasagar", "source": "LGD", "lon": 94.565720366978894, "lat": 26.971288382789989, "elevation_m": 102.7452, "slope_deg": 9.5426035, "profile_curv": 0.0035224066, "plan_curv": 0.0062768152, "static_susceptibility": 0.26971082015542264, "susceptibility_tier": "low" }, "geometry": { "type": "Point", "coordinates": [ 94.565720366978894, 26.971288382789989 ] } },
{ "type": "Feature", "properties": { "settlement_id": "LGD_0369", "name": "Bhatiapara", "district": "Sivasagar", "source": "LGD", "lon": 94.561073218185697, "lat": 26.956881253451314, "elevation_m": 90.372375, "slope_deg": 4.5720782, "profile_curv": -0.00048566255, "plan_curv": -0.060859416, "static_susceptibility": 0.25024929694329073, "susceptibility_tier": "low" }, "geometry": { "type": "Point", "coordinates": [ 94.561073218185697, 26.956881253451314 ] } },
{ "type": "Feature", "properties": { "settlement_id": "LGD_0370", "name": "Namdang Kumar", "district": "Sivasagar", "source": "LGD", "lon": 94.555371529355483, "lat": 26.940941538870831, "elevation_m": 89.576782, "slope_deg": 6.4198618, "profile_curv": -0.000248011, "plan_curv": -0.0010863765, "static_susceptibility": 0.25298599098045704, "susceptibility_tier": "low" }, "geometry": { "type": "Point", "coordinates": [ 94.555371529355483, 26.940941538870831 ] } },
{ "type": "Feature", "properties": { "settlement_id": "LGD_0371", "name": "Aila Mukh Habi", "district": "Sivasagar", "source": "LGD", "lon": 94.569751951664415, "lat": 26.94061909840342, "elevation_m": 89.008179, "slope_deg": 0.46965489, "profile_curv": -0.00046620858, "plan_curv": 0.050186813, "static_susceptibility": 0.21963369336995511, "susceptibility_tier": "low" }, "geometry": { "type": "Point", "coordinates": [ 94.569751951664415, 26.94061909840342 ] } },
{ "type": "Feature", "properties": { "settlement_id": "LGD_0372", "name": "Rupahi Bill", "district": "Sivasagar", "source": "LGD", "lon": 94.583669103376621, "lat": 26.960950453983177, "elevation_m": 95.696663, "slope_deg": 5.6837988, "profile_curv": 0.0044559035, "plan_curv": 0.035907846, "static_susceptibility": 0.24589040416433514, "susceptibility_tier": "low" }, "geometry": { "type": "Point", "coordinates": [ 94.583669103376621, 26.960950453983177 ] } },
{ "type": "Feature", "properties": { "settlement_id": "LGD_0373", "name": "Rudra Sagar", "district": "Sivasagar", "source": "LGD", "lon": 94.589194723333534, "lat": 26.946275919619708, "elevation_m": 89.717705, "slope_deg": 1.6251917, "profile_curv": -4.889971e-05, "plan_curv": 0.015189243, "static_susceptibility": 0.22833614318145701, "susceptibility_tier": "low" }, "geometry": { "type": "Point", "coordinates": [ 94.589194723333534, 26.946275919619708 ] } },
{ "type": "Feature", "properties": { "settlement_id": "LGD_0374", "name": "Chetia Changmai", "district": "Sivasagar", "source": "LGD", "lon": 94.592032121498718, "lat": 26.924662767395848, "elevation_m": 102.09878, "slope_deg": 7.416255, "profile_curv": 0.00069323537, "plan_curv": 0.016764021, "static_susceptibility": 0.25801849791270265, "susceptibility_tier": "low" }, "geometry": { "type": "Point", "coordinates": [ 94.592032121498718, 26.924662767395848 ] } },
{ "type": "Feature", "properties": { "settlement_id": "LGD_0375", "name": "Jerenga Habi", "district": "Sivasagar", "source": "LGD", "lon": 94.585216483965013, "lat": 26.932909645545895, "elevation_m": 89.735146, "slope_deg": 0.36763722, "profile_curv": 0.00015557259, "plan_curv": 0.22104791, "static_susceptibility": 0.20342418693902853, "susceptibility_tier": "low" }, "geometry": { "type": "Point", "coordinates": [ 94.585216483965013, 26.932909645545895 ] } },
{ "type": "Feature", "properties": { "settlement_id": "LGD_0376", "name": "Garkakharia", "district": "Sivasagar", "source": "LGD", "lon": 94.574886961293728, "lat": 26.918936306499194, "elevation_m": 90.467957, "slope_deg": 3.5059965, "profile_curv": 0.00024125184, "plan_curv": 0.080997817, "static_susceptibility": 0.23069814539240666, "susceptibility_tier": "low" }, "geometry": { "type": "Point", "coordinates": [ 94.574886961293728, 26.918936306499194 ] } },
{ "type": "Feature", "properties": { "settlement_id": "LGD_0377", "name": "Namtial", "district": "Sivasagar", "source": "LGD", "lon": 94.584040103936147, "lat": 26.907401691586969, "elevation_m": 90.346634, "slope_deg": 2.7716336, "profile_curv": -2.0760424e-05, "plan_curv": -0.032921482, "static_susceptibility": 0.23859132319838505, "susceptibility_tier": "low" }, "geometry": { "type": "Point", "coordinates": [ 94.584040103936147, 26.907401691586969 ] } },
{ "type": "Feature", "properties": { "settlement_id": "LGD_0378", "name": "Chirakhunda", "district": "Sivasagar", "source": "LGD", "lon": 94.592256583102284, "lat": 26.913325602305211, "elevation_m": 90.86702, "slope_deg": 3.5144815, "profile_curv": -0.00015852306, "plan_curv": -0.061296161, "static_susceptibility": 0.2451544437727321, "susceptibility_tier": "low" }, "geometry": { "type": "Point", "coordinates": [ 94.592256583102284, 26.913325602305211 ] } },
{ "type": "Feature", "properties": { "settlement_id": "LGD_0379", "name": "Belimukhia", "district": "Sivasagar", "source": "LGD", "lon": 94.582692548565959, "lat": 26.876575290724372, "elevation_m": 96.698242, "slope_deg": 5.6745801, "profile_curv": -0.0036614279, "plan_curv": 0.0051921909, "static_susceptibility": 0.25026632397380605, "susceptibility_tier": "low" }, "geometry": { "type": "Point", "coordinates": [ 94.582692548565959, 26.876575290724372 ] } },
{ "type": "Feature", "properties": { "settlement_id": "LGD_0380", "name": "Namti Pathar", "district": "Sivasagar", "source": "LGD", "lon": 94.582942333148409, "lat": 26.892512450352928, "elevation_m": 90.094231, "slope_deg": 1.4430771, "profile_curv": -0.00070204743, "plan_curv": -0.00017381436, "static_susceptibility": 0.2291349339960522, "susceptibility_tier": "low" }, "geometry": { "type": "Point", "coordinates": [ 94.582942333148409, 26.892512450352928 ] } },
{ "type": "Feature", "properties": { "settlement_id": "LGD_0381", "name": "Guhain", "district": "Sivasagar", "source": "LGD", "lon": 94.573449844303198, "lat": 26.902930116987658, "elevation_m": 90.029129, "slope_deg": 0.73077977, "profile_curv": 9.4759176e-05, "plan_curv": 0.42338049, "static_susceptibility": 0.18734205085485128, "susceptibility_tier": "low" }, "geometry": { "type": "Point", "coordinates": [ 94.573449844303198, 26.902930116987658 ] } },
{ "type": "Feature", "properties": { "settlement_id": "LGD_0382", "name": "Telial", "district": "Sivasagar", "source": "LGD", "lon": 94.562130739471314, "lat": 26.901633182050784, "elevation_m": 90.236961, "slope_deg": 3.9664526, "profile_curv": -0.000491385, "plan_curv": -0.13255751, "static_susceptibility": 0.25472832337605622, "susceptibility_tier": "low" }, "geometry": { "type": "Point", "coordinates": [ 94.562130739471314, 26.901633182050784 ] } },
{ "type": "Feature", "properties": { "settlement_id": "LGD_0383", "name": "Mantania", "district": "Sivasagar", "source": "LGD", "lon": 94.560189443075402, "lat": 26.87261578061193, "elevation_m": 92.126808, "slope_deg": 3.7154679, "profile_curv": 6.7689849e-05, "plan_curv": 0.0406578, "static_susceptibility": 0.23596268908187096, "susceptibility_tier": "low" }, "geometry": { "type": "Point", "coordinates": [ 94.560189443075402, 26.87261578061193 ] } },
{ "type": "Feature", "properties": { "settlement_id": "LGD_0384", "name": "Tepor", "district": "Sivasagar", "source": "LGD", "lon": 94.554086826426442, "lat": 26.885190924291066, "elevation_m": 90.902679, "slope_deg": 1.4979216, "profile_curv": -0.0019187063, "plan_curv": 0.010365617, "static_susceptibility": 0.22863504037945906, "susceptibility_tier": "low" }, "geometry": { "type": "Point", "coordinates": [ 94.554086826426442, 26.885190924291066 ] } },
{ "type": "Feature", "properties": { "settlement_id": "LGD_0385", "name": "Gajpuria", "district": "Sivasagar", "source": "LGD", "lon": 94.549543147681518, "lat": 26.903773434379982, "elevation_m": 90.491547, "slope_deg": 4.4827156, "profile_curv": 0.00023613367, "plan_curv": 0.13978347, "static_susceptibility": 0.2294732192520392, "susceptibility_tier": "low" }, "geometry": { "type": "Point", "coordinates": [ 94.549543147681518, 26.903773434379982 ] } },
{ "type": "Feature", "properties": { "settlement_id": "LGD_0386", "name": "Bogaguhain", "district": "Sivasagar", "source": "LGD", "lon": 94.551819592045135, "lat": 26.915103591570045, "elevation_m": 90.073929, "slope_deg": 7.3390408, "profile_curv": -0.0019917963, "plan_curv": -0.013635068, "static_susceptibility": 0.2592305542475043, "susceptibility_tier": "low" }, "geometry": { "type": "Point", "coordinates": [ 94.551819592045135, 26.915103591570045 ] } },
{ "type": "Feature", "properties": { "settlement_id": "LGD_0387", "name": "Guhainkur", "district": "Sivasagar", "source": "LGD", "lon": 94.553717745146969, "lat": 26.926221340268842, "elevation_m": 89.931572, "slope_deg": 3.871084, "profile_curv": -3.7304068e-05, "plan_curv": 0.0068030977, "static_susceptibility": 0.23977507146571, "susceptibility_tier": "low" }, "geometry": { "type": "Point", "coordinates": [ 94.553717745146969, 26.926221340268842 ] } },
{ "type": "Feature", "properties": { "settlement_id": "LGD_0388", "name": "Singi Bil", "district": "Sivasagar", "source": "LGD", "lon": 94.531051954324155, "lat": 26.928530170346129, "elevation_m": 89.824471, "slope_deg": 7.624701, "profile_curv": 3.4972322e-06, "plan_curv": -0.15178415, "static_susceptibility": 0.27537601140613088, "susceptibility_tier": "low" }, "geometry": { "type": "Point", "coordinates": [ 94.531051954324155, 26.928530170346129 ] } },
{ "type": "Feature", "properties": { "settlement_id": "LGD_0389", "name": "Hati Ghuli", "district": "Sivasagar", "source": "LGD", "lon": 94.514445404719325, "lat": 26.934398365601783, "elevation_m": 91.190636, "slope_deg": 8.5082159, "profile_curv": -0.00030040622, "plan_curv": 0.037323255, "static_susceptibility": 0.2596560981767625, "susceptibility_tier": "low" }, "geometry": { "type": "Point", "coordinates": [ 94.514445404719325, 26.934398365601783 ] } },
{ "type": "Feature", "properties": { "settlement_id": "LGD_0390", "name": "Kakoti", "district": "Sivasagar", "source": "LGD", "lon": 94.529457793056494, "lat": 26.915978008762941, "elevation_m": 89.328201, "slope_deg": 3.4080226, "profile_curv": -8.6016196e-05, "plan_curv": -0.054326713, "static_susceptibility": 0.24366850685108291, "susceptibility_tier": "low" }, "geometry": { "type": "Point", "coordinates": [ 94.529457793056494, 26.915978008762941 ] } },
{ "type": "Feature", "properties": { "settlement_id": "LGD_0391", "name": "Chaliha Kakoti", "district": "Sivasagar", "source": "LGD", "lon": 94.536171718484667, "lat": 26.900501419584003, "elevation_m": 92.164742, "slope_deg": 6.6168389, "profile_curv": -0.00052386959, "plan_curv": 0.028907724, "static_susceptibility": 0.25128600785467936, "susceptibility_tier": "low" }, "geometry": { "type": "Point", "coordinates": [ 94.536171718484667, 26.900501419584003 ] } },
{ "type": "Feature", "properties": { "settlement_id": "LGD_0392", "name": "Jaradhara", "district": "Sivasagar", "source": "LGD", "lon": 94.540446522829399, "lat": 26.87767922275485, "elevation_m": 97.458313, "slope_deg": 7.818049, "profile_curv": -0.011756583, "plan_curv": -0.018020937, "static_susceptibility": 0.26472058639282614, "susceptibility_tier": "low" }, "geometry": { "type": "Point", "coordinates": [ 94.540446522829399, 26.87767922275485 ] } },
{ "type": "Feature", "properties": { "settlement_id": "LGD_0393", "name": "Charingia", "district": "Sivasagar", "source": "LGD", "lon": 94.531416351230007, "lat": 26.889498433013099, "elevation_m": 90.019981, "slope_deg": 0.43244761, "profile_curv": -0.00027109851, "plan_curv": -0.16079867, "static_susceptibility": 0.24029506588252555, "susceptibility_tier": "low" }, "geometry": { "type": "Point", "coordinates": [ 94.531416351230007, 26.889498433013099 ] } },
{ "type": "Feature", "properties": { "settlement_id": "LGD_0394", "name": "Dulia Puranimelia", "district": "Sivasagar", "source": "LGD", "lon": 94.525114229235996, "lat": 26.881040818869504, "elevation_m": 90.19149, "slope_deg": 4.4013395, "profile_curv": 0.00013876165, "plan_curv": 0.070995077, "static_susceptibility": 0.23586646001278103, "susceptibility_tier": "low" }, "geometry": { "type": "Point", "coordinates": [ 94.525114229235996, 26.881040818869504 ] } },
{ "type": "Feature", "properties": { "settlement_id": "LGD_0395", "name": "Baruati", "district": "Sivasagar", "source": "LGD", "lon": 94.522765314736304, "lat": 26.900251752633711, "elevation_m": 89.575897, "slope_deg": 5.6756363, "profile_curv": -0.0020057829, "plan_curv": -0.022537902, "static_susceptibility": 0.25177874187272875, "susceptibility_tier": "low" }, "geometry": { "type": "Point", "coordinates": [ 94.522765314736304, 26.900251752633711 ] } },
{ "type": "Feature", "properties": { "settlement_id": "LGD_0396", "name": "Jarabari Pam", "district": "Sivasagar", "source": "LGD", "lon": 94.509179740169515, "lat": 26.901555405378563, "elevation_m": 88.433975, "slope_deg": 0.27557939, "profile_curv": 0.00013075008, "plan_curv": 0.11407758, "static_susceptibility": 0.21261267155631497, "susceptibility_tier": "low" }, "geometry": { "type": "Point", "coordinates": [ 94.509179740169515, 26.901555405378563 ] } },
{ "type": "Feature", "properties": { "settlement_id": "LGD_0397", "name": "Khatual", "district": "Sivasagar", "source": "LGD", "lon": 94.512781312870217, "lat": 26.874793267711539, "elevation_m": 96.898193, "slope_deg": 8.4072094, "profile_curv": 0.00074826292, "plan_curv": 0.020033589, "static_susceptibility": 0.26180165887899243, "susceptibility_tier": "low" }, "geometry": { "type": "Point", "coordinates": [ 94.512781312870217, 26.874793267711539 ] } },
{ "type": "Feature", "properties": { "settlement_id": "LGD_0398", "name": "Bamun Moran", "district": "Sivasagar", "source": "LGD", "lon": 94.500760622550544, "lat": 26.88198273071275, "elevation_m": 90.625587, "slope_deg": 3.0000186, "profile_curv": -0.00019088795, "plan_curv": 0.096319847, "static_susceptibility": 0.22693265768754237, "susceptibility_tier": "low" }, "geometry": { "type": "Point", "coordinates": [ 94.500760622550544, 26.88198273071275 ] } },
{ "type": "Feature", "properties": { "settlement_id": "LGD_0399", "name": "Nora - Knower Bailung", "district": "Sivasagar", "source": "LGD", "lon": 94.492003123917243, "lat": 26.898165159858564, "elevation_m": 88.478218, "slope_deg": 0.32627851, "profile_curv": 0.00017526942, "plan_curv": -0.14607815, "static_susceptibility": 0.23800133628532813, "susceptibility_tier": "low" }, "geometry": { "type": "Point", "coordinates": [ 94.492003123917243, 26.898165159858564 ] } },
{ "type": "Feature", "properties": { "settlement_id": "LGD_0400", "name": "Dighali Jan", "district": "Sivasagar", "source": "LGD", "lon": 94.494261093939087, "lat": 26.922051585585773, "elevation_m": 88.870621, "slope_deg": 2.0268226, "profile_curv": 7.8393845e-05, "plan_curv": 0.064693317, "static_susceptibility": 0.2252283556266115, "susceptibility_tier": "low" }, "geometry": { "type": "Point", "coordinates": [ 94.494261093939087, 26.922051585585773 ] } },
{ "type": "Feature", "properties": { "settlement_id": "LGD_0401", "name": "Patura Chala", "district": "Sivasagar", "source": "LGD", "lon": 94.511429900369137, "lat": 26.91929011619284, "elevation_m": 88.26841, "slope_deg": 4.035861, "profile_curv": -0.0018141168, "plan_curv": -0.029277138, "static_susceptibility": 0.24420683697076184, "susceptibility_tier": "low" }, "geometry": { "type": "Point", "coordinates": [ 94.511429900369137, 26.91929011619284 ] } },
{ "type": "Feature", "properties": { "settlement_id": "LGD_0402", "name": " ", "district": "Sivasagar", "source": "LGD", "lon": 94.497193903858516, "lat": 26.936351860351404, "elevation_m": 96.78376, "slope_deg": 5.9271917, "profile_curv": 0.0036300602, "plan_curv": 0.054387804, "static_susceptibility": 0.245460404636514, "susceptibility_tier": "low" }, "geometry": { "type": "Point", "coordinates": [ 94.497193903858516, 26.936351860351404 ] } },
{ "type": "Feature", "properties": { "settlement_id": "LGD_0403", "name": " ", "district": "Sivasagar", "source": "LGD", "lon": 94.495125705196529, "lat": 26.947322656232025, "elevation_m": 93.808868, "slope_deg": 6.8597322, "profile_curv": -0.0025959548, "plan_curv": 0.015103665, "static_susceptibility": 0.25448653963018125, "susceptibility_tier": "low" }, "geometry": { "type": "Point", "coordinates": [ 94.495125705196529, 26.947322656232025 ] } },
{ "type": "Feature", "properties": { "settlement_id": "LGD_0404", "name": " ", "district": "Sivasagar", "source": "LGD", "lon": 94.497318299381533, "lat": 26.960000819681603, "elevation_m": 87.963318, "slope_deg": 1.9891031, "profile_curv": 0.0003631945, "plan_curv": 0.16207831, "static_susceptibility": 0.21561106025796173, "susceptibility_tier": "low" }, "geometry": { "type": "Point", "coordinates": [ 94.497318299381533, 26.960000819681603 ] } },
{ "type": "Feature", "properties": { "settlement_id": "LGD_0405", "name": "Mitong Nakatani", "district": "Sivasagar", "source": "LGD", "lon": 94.516605492861189, "lat": 26.948865642575409, "elevation_m": 88.136139, "slope_deg": 2.3065174, "profile_curv": -0.00022726612, "plan_curv": 0.060697023, "static_susceptibility": 0.22682798464642295, "susceptibility_tier": "low" }, "geometry": { "type": "Point", "coordinates": [ 94.516605492861189, 26.948865642575409 ] } },
{ "type": "Feature", "properties": { "settlement_id": "LGD_0406", "name": "Phukan Phadia", "district": "Sivasagar", "source": "LGD", "lon": 94.538654616046045, "lat": 26.939696219869653, "elevation_m": 100.51419, "slope_deg": 11.654215, "profile_curv": 0.0084425397, "plan_curv": 0.0069423574, "static_susceptibility": 0.27959982861657456, "susceptibility_tier": "low" }, "geometry": { "type": "Point", "coordinates": [ 94.538654616046045, 26.939696219869653 ] } },
{ "type": "Feature", "properties": { "settlement_id": "LGD_0407", "name": "Pathalial", "district": "Sivasagar", "source": "LGD", "lon": 94.531417797777522, "lat": 26.95764112009919, "elevation_m": 89.60585, "slope_deg": 0.7332508, "profile_curv": -0.00012486304, "plan_curv": -0.044915911, "static_susceptibility": 0.23007715757246852, "susceptibility_tier": "low" }, "geometry": { "type": "Point", "coordinates": [ 94.531417797777522, 26.95764112009919 ] } },
{ "type": "Feature", "properties": { "settlement_id": "LGD_0408", "name": "Phakum Kumar Phodia", "district": "Sivasagar", "source": "LGD", "lon": 94.532068413790142, "lat": 26.959397114312488, "elevation_m": 89.669556, "slope_deg": 2.2671411, "profile_curv": -0.00039427588, "plan_curv": 0.082227901, "static_susceptibility": 0.22481345226076671, "susceptibility_tier": "low" }, "geometry": { "type": "Point", "coordinates": [ 94.532068413790142, 26.959397114312488 ] } },
{ "type": "Feature", "properties": { "settlement_id": "LGD_0409", "name": "Phakum Kumar Phodia", "district": "Sivasagar", "source": "LGD", "lon": 94.535111202627178, "lat": 26.967069393515811, "elevation_m": 89.30201, "slope_deg": 3.292623, "profile_curv": -0.00057186867, "plan_curv": -0.26619777, "static_susceptibility": 0.26543528025793689, "susceptibility_tier": "low" }, "geometry": { "type": "Point", "coordinates": [ 94.535111202627178, 26.967069393515811 ] } },
{ "type": "Feature", "properties": { "settlement_id": "LGD_0410", "name": "Sri Puria", "district": "Sivasagar", "source": "LGD", "lon": 94.520817316806742, "lat": 26.971955798264062, "elevation_m": 89.7202, "slope_deg": 1.7602274, "profile_curv": 0.00023146938, "plan_curv": 0.021830492, "static_susceptibility": 0.22827736237870005, "susceptibility_tier": "low" }, "geometry": { "type": "Point", "coordinates": [ 94.520817316806742, 26.971955798264062 ] } },
{ "type": "Feature", "properties": { "settlement_id": "LGD_0411", "name": " ", "district": "Sivasagar", "source": "LGD", "lon": 94.522007199255626, "lat": 26.980001783563353, "elevation_m": 88.375191, "slope_deg": 0.40823671, "profile_curv": -0.00047703594, "plan_curv": -0.0096681826, "static_susceptibility": 0.22499865581149819, "susceptibility_tier": "low" }, "geometry": { "type": "Point", "coordinates": [ 94.522007199255626, 26.980001783563353 ] } },
{ "type": "Feature", "properties": { "settlement_id": "LGD_0412", "name": " ", "district": "Sivasagar", "source": "LGD", "lon": 94.536456564802705, "lat": 26.973165202037631, "elevation_m": 88.92672, "slope_deg": 0.46435547, "profile_curv": 4.3580185e-05, "plan_curv": 0.035899222, "static_susceptibility": 0.22089559097102301, "susceptibility_tier": "low" }, "geometry": { "type": "Point", "coordinates": [ 94.536456564802705, 26.973165202037631 ] } },
{ "type": "Feature", "properties": { "settlement_id": "LGD_0413", "name": " ", "district": "Sivasagar", "source": "LGD", "lon": 94.534639641838183, "lat": 26.977486989201942, "elevation_m": 88.805244, "slope_deg": 0.76479465, "profile_curv": 0.00017416185, "plan_curv": 0.015456738, "static_susceptibility": 0.22418750469009938, "susceptibility_tier": "low" }, "geometry": { "type": "Point", "coordinates": [ 94.534639641838183, 26.977486989201942 ] } },
{ "type": "Feature", "properties": { "settlement_id": "LGD_0414", "name": "Dighali Habi", "district": "Sivasagar", "source": "LGD", "lon": 94.515840860021314, "lat": 26.987176949277501, "elevation_m": 88.378746, "slope_deg": 1.6612768, "profile_curv": -0.00012038743, "plan_curv": -0.012810296, "static_susceptibility": 0.23105425016734626, "susceptibility_tier": "low" }, "geometry": { "type": "Point", "coordinates": [ 94.515840860021314, 26.987176949277501 ] } },
{ "type": "Feature", "properties": { "settlement_id": "LGD_0415", "name": "Jagara Habi", "district": "Sivasagar", "source": "LGD", "lon": 94.508035635716098, "lat": 26.996293105383121, "elevation_m": 88.984711, "slope_deg": 5.3577633, "profile_curv": 0.0001058704, "plan_curv": -0.01004706, "static_susceptibility": 0.24853426868422465, "susceptibility_tier": "low" }, "geometry": { "type": "Point", "coordinates": [ 94.508035635716098, 26.996293105383121 ] } },
{ "type": "Feature", "properties": { "settlement_id": "LGD_0416", "name": "Boka Bill", "district": "Sivasagar", "source": "LGD", "lon": 94.512740387123884, "lat": 26.974316100615233, "elevation_m": 87.0, "slope_deg": 7.5188708, "profile_curv": -0.0018724763, "plan_curv": 0.047140453, "static_susceptibility": 0.25318540321547928, "susceptibility_tier": "low" }, "geometry": { "type": "Point", "coordinates": [ 94.512740387123884, 26.974316100615233 ] } },
{ "type": "Feature", "properties": { "settlement_id": "LGD_0417", "name": "Dicial Gaon", "district": "Sivasagar", "source": "LGD", "lon": 94.504198293322887, "lat": 26.971351619535902, "elevation_m": 95.639343, "slope_deg": 7.3809128, "profile_curv": 0.0084103933, "plan_curv": 0.05107379, "static_susceptibility": 0.25211554130613345, "susceptibility_tier": "low" }, "geometry": { "type": "Point", "coordinates": [ 94.504198293322887, 26.971351619535902 ] } },
{ "type": "Feature", "properties": { "settlement_id": "LGD_0418", "name": "Kharadhara", "district": "Sivasagar", "source": "LGD", "lon": 94.489363147738089, "lat": 26.98727426486051, "elevation_m": 91.752762, "slope_deg": 6.3088808, "profile_curv": 0.0061653126, "plan_curv": 0.031393431, "static_susceptibility": 0.2485479563058644, "susceptibility_tier": "low" }, "geometry": { "type": "Point", "coordinates": [ 94.489363147738089, 26.98727426486051 ] } },
{ "type": "Feature", "properties": { "settlement_id": "LGD_0419", "name": "Gosh Kota", "district": "Sivasagar", "source": "LGD", "lon": 94.498331016130962, "lat": 26.988032242723005, "elevation_m": 97.414452, "slope_deg": 6.8995209, "profile_curv": 0.0033497168, "plan_curv": 0.54097807, "static_susceptibility": 0.20319038264455613, "susceptibility_tier": "low" }, "geometry": { "type": "Point", "coordinates": [ 94.498331016130962, 26.988032242723005 ] } },
{ "type": "Feature", "properties": { "settlement_id": "LGD_0420", "name": "Bhecheli Mari", "district": "Sivasagar", "source": "LGD", "lon": 94.475261725060662, "lat": 26.987337577065293, "elevation_m": 89.966591, "slope_deg": 7.4969664, "profile_curv": -0.00038936705, "plan_curv": -0.049452327, "static_susceptibility": 0.26362661108121144, "susceptibility_tier": "low" }, "geometry": { "type": "Point", "coordinates": [ 94.475261725060662, 26.987337577065293 ] } },
{ "type": "Feature", "properties": { "settlement_id": "LGD_0421", "name": "Goyal Goyan", "district": "Sivasagar", "source": "LGD", "lon": 94.464767094636031, "lat": 26.990106040701338, "elevation_m": 88.142349, "slope_deg": 2.6811707, "profile_curv": -0.0003184356, "plan_curv": -0.15632103, "static_susceptibility": 0.25047617493623298, "susceptibility_tier": "low" }, "geometry": { "type": "Point", "coordinates": [ 94.464767094636031, 26.990106040701338 ] } },
{ "type": "Feature", "properties": { "settlement_id": "LGD_0422", "name": " ", "district": "Sivasagar", "source": "LGD", "lon": 94.454775104157591, "lat": 26.974611713574323, "elevation_m": 86.809029, "slope_deg": 0.39041469, "profile_curv": -9.5834352e-05, "plan_curv": 0.014343546, "static_susceptibility": 0.22232267988255514, "susceptibility_tier": "low" }, "geometry": { "type": "Point", "coordinates": [ 94.454775104157591, 26.974611713574323 ] } },
{ "type": "Feature", "properties": { "settlement_id": "LGD_0423", "name": " ", "district": "Sivasagar", "source": "LGD", "lon": 94.486254116333271, "lat": 26.97780497654372, "elevation_m": 88.359894, "slope_deg": 2.5397587, "profile_curv": 0.00047214722, "plan_curv": 0.090153791, "static_susceptibility": 0.22498974349234949, "susceptibility_tier": "low" }, "geometry": { "type": "Point", "coordinates": [ 94.486254116333271, 26.97780497654372 ] } },
{ "type": "Feature", "properties": { "settlement_id": "LGD_0424", "name": " ", "district": "Sivasagar", "source": "LGD", "lon": 94.475524722721559, "lat": 26.973035322064, "elevation_m": 87.309204, "slope_deg": 2.0496526, "profile_curv": 0.00053580676, "plan_curv": -0.001908342, "static_susceptibility": 0.23154501324731364, "susceptibility_tier": "low" }, "geometry": { "type": "Point", "coordinates": [ 94.475524722721559, 26.973035322064 ] } },
{ "type": "Feature", "properties": { "settlement_id": "LGD_0425", "name": " ", "district": "Sivasagar", "source": "LGD", "lon": 94.475687264512871, "lat": 26.965878333370945, "elevation_m": 87.22052, "slope_deg": 0.35647345, "profile_curv": 0.00019228524, "plan_curv": 0.0083111711, "static_susceptibility": 0.22277320082205154, "susceptibility_tier": "low" }, "geometry": { "type": "Point", "coordinates": [ 94.475687264512871, 26.965878333370945 ] } },
{ "type": "Feature", "properties": { "settlement_id": "LGD_0426", "name": " ", "district": "Sivasagar", "source": "LGD", "lon": 94.484026400280158, "lat": 26.948825403422749, "elevation_m": 87.15786, "slope_deg": 0.66138315, "profile_curv": 0.0002522165, "plan_curv": 0.10360423, "static_susceptibility": 0.21509194551514046, "susceptibility_tier": "low" }, "geometry": { "type": "Point", "coordinates": [ 94.484026400280158, 26.948825403422749 ] } },
{ "type": "Feature", "properties": { "settlement_id": "LGD_0427", "name": " ", "district": "Sivasagar", "source": "LGD", "lon": 94.476455262036552, "lat": 26.940435076838273, "elevation_m": 88.689667, "slope_deg": 5.5191708, "profile_curv": 0.00064416038, "plan_curv": -0.00023551076, "static_susceptibility": 0.24819058582655168, "susceptibility_tier": "low" }, "geometry": { "type": "Point", "coordinates": [ 94.476455262036552, 26.940435076838273 ] } },
{ "type": "Feature", "properties": { "settlement_id": "LGD_0428", "name": " ", "district": "Sivasagar", "source": "LGD", "lon": 94.467489164973102, "lat": 26.945409765501758, "elevation_m": 88.508835, "slope_deg": 3.96315, "profile_curv": 0.00027235245, "plan_curv": 0.012904488, "static_susceptibility": 0.23933432422009618, "susceptibility_tier": "low" }, "geometry": { "type": "Point", "coordinates": [ 94.467489164973102, 26.945409765501758 ] } },
{ "type": "Feature", "properties": { "settlement_id": "LGD_0429", "name": " ", "district": "Sivasagar", "source": "LGD", "lon": 94.467272559993972, "lat": 26.956936827140311, "elevation_m": 87.169273, "slope_deg": 0.38823801, "profile_curv": -0.00044107155, "plan_curv": -0.10604479, "static_susceptibility": 0.23416667057983978, "susceptibility_tier": "low" }, "geometry": { "type": "Point", "coordinates": [ 94.467272559993972, 26.956936827140311 ] } },
{ "type": "Feature", "properties": { "settlement_id": "LGD_0430", "name": " ", "district": "Sivasagar", "source": "LGD", "lon": 94.466793310127272, "lat": 26.963533586104713, "elevation_m": 87.136383, "slope_deg": 4.8769083, "profile_curv": -2.8378838e-05, "plan_curv": -0.043261491, "static_susceptibility": 0.24933430458001821, "susceptibility_tier": "low" }, "geometry": { "type": "Point", "coordinates": [ 94.466793310127272, 26.963533586104713 ] } },
{ "type": "Feature", "properties": { "settlement_id": "LGD_0431", "name": " ", "district": "Sivasagar", "source": "LGD", "lon": 94.450032025997515, "lat": 26.959677363558765, "elevation_m": 88.194633, "slope_deg": 2.2652473, "profile_curv": 0.0013173486, "plan_curv": 0.019552624, "static_susceptibility": 0.23047431262948426, "susceptibility_tier": "low" }, "geometry": { "type": "Point", "coordinates": [ 94.450032025997515, 26.959677363558765 ] } },
{ "type": "Feature", "properties": { "settlement_id": "LGD_0432", "name": " ", "district": "Sivasagar", "source": "LGD", "lon": 94.45272179471884, "lat": 26.954068964500841, "elevation_m": 86.489059, "slope_deg": 0.41823149, "profile_curv": 0.00056542439, "plan_curv": 0.24919878, "static_susceptibility": 0.20062139280487251, "susceptibility_tier": "low" }, "geometry": { "type": "Point", "coordinates": [ 94.45272179471884, 26.954068964500841 ] } },
{ "type": "Feature", "properties": { "settlement_id": "LGD_0433", "name": "Tipomia", "district": "Sivasagar", "source": "LGD", "lon": 94.45327059322247, "lat": 26.945641690065788, "elevation_m": 87.055481, "slope_deg": 0.36999726, "profile_curv": 3.9888757e-05, "plan_curv": -0.015737703, "static_susceptibility": 0.22514641534363858, "susceptibility_tier": "low" }, "geometry": { "type": "Point", "coordinates": [ 94.45327059322247, 26.945641690065788 ] } },
{ "type": "Feature", "properties": { "settlement_id": "LGD_0434", "name": " ", "district": "Sivasagar", "source": "LGD", "lon": 94.436198792590204, "lat": 26.94200114739397, "elevation_m": 87.041183, "slope_deg": 0.70647228, "profile_curv": 0.0002954198, "plan_curv": -0.029507469, "static_susceptibility": 0.22799877626463566, "susceptibility_tier": "low" }, "geometry": { "type": "Point", "coordinates": [ 94.436198792590204, 26.94200114739397 ] } },
{ "type": "Feature", "properties": { "settlement_id": "LGD_0435", "name": "Ruapahijan Block", "district": "Sivasagar", "source": "LGD", "lon": 94.433325973977929, "lat": 26.952653218331793, "elevation_m": 86.521362, "slope_deg": 2.5745757, "profile_curv": -0.0012049674, "plan_curv": -0.18175073, "static_susceptibility": 0.25245787167869765, "susceptibility_tier": "low" }, "geometry": { "type": "Point", "coordinates": [ 94.433325973977929, 26.952653218331793 ] } },
{ "type": "Feature", "properties": { "settlement_id": "LGD_0436", "name": "Jan Miri Bor Gaon", "district": "Sivasagar", "source": "LGD", "lon": 94.450545224966945, "lat": 26.986815075651894, "elevation_m": 89.378807, "slope_deg": 13.166511, "profile_curv": -0.020754198, "plan_curv": 0.0030128921, "static_susceptibility": 0.2904236333249684, "susceptibility_tier": "low" }, "geometry": { "type": "Point", "coordinates": [ 94.450545224966945, 26.986815075651894 ] } },
{ "type": "Feature", "properties": { "settlement_id": "LGD_0437", "name": " ", "district": "Sivasagar", "source": "LGD", "lon": 94.400559042889952, "lat": 26.955844402997588, "elevation_m": 450.0, "slope_deg": 75.687912, "profile_curv": 0.058186181, "plan_curv": 0.059628479, "static_susceptibility": 0.72584785227747972, "susceptibility_tier": "critical" }, "geometry": { "type": "Point", "coordinates": [ 94.400559042889952, 26.955844402997588 ] } },
{ "type": "Feature", "properties": { "settlement_id": "LGD_0438", "name": " ", "district": "Sivasagar", "source": "LGD", "lon": 94.413427288974319, "lat": 26.964943953084394, "elevation_m": 85.5, "slope_deg": 16.246084, "profile_curv": 0.0, "plan_curv": 0.0, "static_susceptibility": 0.30386306535990942, "susceptibility_tier": "low" }, "geometry": { "type": "Point", "coordinates": [ 94.413427288974319, 26.964943953084394 ] } },
{ "type": "Feature", "properties": { "settlement_id": "LGD_0439", "name": "Ruapahijan Block", "district": "Sivasagar", "source": "LGD", "lon": 94.424945285160376, "lat": 26.962377518622596, "elevation_m": 88.557449, "slope_deg": 1.0262657, "profile_curv": -0.00046812865, "plan_curv": -0.15124603, "static_susceptibility": 0.24197374797439899, "susceptibility_tier": "low" }, "geometry": { "type": "Point", "coordinates": [ 94.424945285160376, 26.962377518622596 ] } },
{ "type": "Feature", "properties": { "settlement_id": "LGD_0440", "name": "Cintamonigarh No.2", "district": "Sivasagar", "source": "LGD", "lon": 94.411969213172284, "lat": 26.942546607543623, "elevation_m": 85.99781, "slope_deg": 75.840782, "profile_curv": -0.00064933469, "plan_curv": -0.083272703, "static_susceptibility": 0.68641335300202766, "susceptibility_tier": "high" }, "geometry": { "type": "Point", "coordinates": [ 94.411969213172284, 26.942546607543623 ] } },
{ "type": "Feature", "properties": { "settlement_id": "LGD_0441", "name": "Bhitarual Nora Gaon", "district": "Sivasagar", "source": "LGD", "lon": 94.482517694080443, "lat": 26.917881700915348, "elevation_m": 89.009621, "slope_deg": 4.981566, "profile_curv": -0.00057833543, "plan_curv": 0.0011692124, "static_susceptibility": 0.24563417930711162, "susceptibility_tier": "low" }, "geometry": { "type": "Point", "coordinates": [ 94.482517694080443, 26.917881700915348 ] } },
{ "type": "Feature", "properties": { "settlement_id": "LGD_0442", "name": "Maj Nora", "district": "Sivasagar", "source": "LGD", "lon": 94.482515208523054, "lat": 26.897842226861282, "elevation_m": 90.191719, "slope_deg": 4.9338341, "profile_curv": -0.0028509924, "plan_curv": 0.026687056, "static_susceptibility": 0.24327886031345428, "susceptibility_tier": "low" }, "geometry": { "type": "Point", "coordinates": [ 94.482515208523054, 26.897842226861282 ] } },
{ "type": "Feature", "properties": { "settlement_id": "LGD_0443", "name": "Goyal Goyan", "district": "Sivasagar", "source": "LGD", "lon": 94.468677895484021, "lat": 27.002144375300194, "elevation_m": 450.0, "slope_deg": 13.542747, "profile_curv": 0.0, "plan_curv": 0.0, "static_susceptibility": 0.3580167513928087, "susceptibility_tier": "low" }, "geometry": { "type": "Point", "coordinates": [ 94.468677895484021, 27.002144375300194 ] } },
{ "type": "Feature", "properties": { "settlement_id": "LGD_0444", "name": "Gotonga Pathar", "district": "Sivasagar", "source": "LGD", "lon": 94.478795306190563, "lat": 27.002339312992547, "elevation_m": 91.091682, "slope_deg": 11.570704, "profile_curv": 0.0047482406, "plan_curv": 0.022071585, "static_susceptibility": 0.27636659413340542, "susceptibility_tier": "low" }, "geometry": { "type": "Point", "coordinates": [ 94.478795306190563, 27.002339312992547 ] } },
{ "type": "Feature", "properties": { "settlement_id": "LGD_0445", "name": "Jagara Hati", "district": "Sivasagar", "source": "LGD", "lon": 94.468881942311754, "lat": 27.013772471168188, "elevation_m": 450.0, "slope_deg": 0.0, "profile_curv": 0.0, "plan_curv": 0.0, "static_susceptibility": 0.28096200578475433, "susceptibility_tier": "low" }, "geometry": { "type": "Point", "coordinates": [ 94.468881942311754, 27.013772471168188 ] } },
{ "type": "Feature", "properties": { "settlement_id": "LGD_0446", "name": " ", "district": "Sivasagar", "source": "LGD", "lon": 94.476485030357395, "lat": 27.02163669251442, "elevation_m": 86.5, "slope_deg": 2.4162793, "profile_curv": 0.0, "plan_curv": 0.0, "static_susceptibility": 0.23301678219206456, "susceptibility_tier": "low" }, "geometry": { "type": "Point", "coordinates": [ 94.476485030357395, 27.02163669251442 ] } },
{ "type": "Feature", "properties": { "settlement_id": "LGD_0447", "name": " ", "district": "Sivasagar", "source": "LGD", "lon": 94.479361799609578, "lat": 27.028814179458166, "elevation_m": 86.5, "slope_deg": 15.547796, "profile_curv": -0.0058205752, "plan_curv": 0.047140453, "static_susceptibility": 0.29558338721667571, "susceptibility_tier": "low" }, "geometry": { "type": "Point", "coordinates": [ 94.479361799609578, 27.028814179458166 ] } },
{ "type": "Feature", "properties": { "settlement_id": "LGD_0448", "name": " ", "district": "Sivasagar", "source": "LGD", "lon": 94.688879705034665, "lat": 27.249250322643888, "elevation_m": 450.0, "slope_deg": 15.0, "profile_curv": 0.0, "plan_curv": 0.0, "static_susceptibility": 0.36686112951077654, "susceptibility_tier": "low" }, "geometry": { "type": "Point", "coordinates": [ 94.688879705034665, 27.249250322643888 ] } },
{ "type": "Feature", "properties": { "settlement_id": "LGD_0449", "name": "Dehing Kalghar", "district": "Sivasagar", "source": "LGD", "lon": 94.699897258196899, "lat": 27.261342006136793, "elevation_m": 450.0, "slope_deg": 15.0, "profile_curv": 0.0, "plan_curv": 0.0, "static_susceptibility": 0.36686112951077654, "susceptibility_tier": "low" }, "geometry": { "type": "Point", "coordinates": [ 94.699897258196899, 27.261342006136793 ] } },
{ "type": "Feature", "properties": { "settlement_id": "LGD_0450", "name": "Lachan", "district": "Sivasagar", "source": "LGD", "lon": 94.71393484649488, "lat": 27.237974288746585, "elevation_m": 94.816521, "slope_deg": 1.5420333, "profile_curv": -0.00039042061, "plan_curv": 0.011773662, "static_susceptibility": 0.22910774120799215, "susceptibility_tier": "low" }, "geometry": { "type": "Point", "coordinates": [ 94.71393484649488, 27.237974288746585 ] } },
{ "type": "Feature", "properties": { "settlement_id": "LGD_0451", "name": "Bahuabari", "district": "Sivasagar", "source": "LGD", "lon": 94.714077023655904, "lat": 27.220523280752527, "elevation_m": 93.236084, "slope_deg": 4.8759933, "profile_curv": -8.6375498e-05, "plan_curv": -0.065008298, "static_susceptibility": 0.25259815543369846, "susceptibility_tier": "low" }, "geometry": { "type": "Point", "coordinates": [ 94.714077023655904, 27.220523280752527 ] } },
{ "type": "Feature", "properties": { "settlement_id": "LGD_0452", "name": "Nowpara", "district": "Sivasagar", "source": "LGD", "lon": 94.70754001835796, "lat": 27.22497512275018, "elevation_m": 93.372063, "slope_deg": 4.3149366, "profile_curv": 0.00013694177, "plan_curv": -0.0090993047, "static_susceptibility": 0.24405410829730539, "susceptibility_tier": "low" }, "geometry": { "type": "Point", "coordinates": [ 94.70754001835796, 27.22497512275018 ] } },
{ "type": "Feature", "properties": { "settlement_id": "LGD_0453", "name": "Khalihamari", "district": "Sivasagar", "source": "LGD", "lon": 94.697775805518702, "lat": 27.233319885923308, "elevation_m": 94.236549, "slope_deg": 1.1723728, "profile_curv": -0.00069279881, "plan_curv": -0.12863132, "static_susceptibility": 0.24131093079928484, "susceptibility_tier": "low" }, "geometry": { "type": "Point", "coordinates": [ 94.697775805518702, 27.233319885923308 ] } },
{ "type": "Feature", "properties": { "settlement_id": "LGD_0454", "name": "Rangadaria", "district": "Sivasagar", "source": "LGD", "lon": 94.705967781239238, "lat": 27.240466096243569, "elevation_m": 94.667114, "slope_deg": 9.3123016, "profile_curv": 0.00022254685, "plan_curv": 0.15452634, "static_susceptibility": 0.25181055278046383, "susceptibility_tier": "low" }, "geometry": { "type": "Point", "coordinates": [ 94.705967781239238, 27.240466096243569 ] } },
{ "type": "Feature", "properties": { "settlement_id": "LGD_0455", "name": "Teteliguri", "district": "Sivasagar", "source": "LGD", "lon": 94.700957192323003, "lat": 27.24764545532452, "elevation_m": 450.0, "slope_deg": 0.0, "profile_curv": 0.0, "plan_curv": 0.0, "static_susceptibility": 0.28096200578475433, "susceptibility_tier": "low" }, "geometry": { "type": "Point", "coordinates": [ 94.700957192323003, 27.24764545532452 ] } },
{ "type": "Feature", "properties": { "settlement_id": "LGD_0456", "name": "Gelgeli", "district": "Sivasagar", "source": "LGD", "lon": 94.687632526858209, "lat": 27.230430878584464, "elevation_m": 450.0, "slope_deg": 8.5006485, "profile_curv": 0.012413359, "plan_curv": -0.0047900537, "static_susceptibility": 0.32681272353968194, "susceptibility_tier": "low" }, "geometry": { "type": "Point", "coordinates": [ 94.687632526858209, 27.230430878584464 ] } },
{ "type": "Feature", "properties": { "settlement_id": "LGD_0457", "name": "Rajabari", "district": "Sivasagar", "source": "LGD", "lon": 94.682114045103205, "lat": 27.219982732412177, "elevation_m": 95.471222, "slope_deg": 2.0195227, "profile_curv": -0.0008852001, "plan_curv": -0.17626037, "static_susceptibility": 0.25055788359516384, "susceptibility_tier": "low" }, "geometry": { "type": "Point", "coordinates": [ 94.682114045103205, 27.219982732412177 ] } },
{ "type": "Feature", "properties": { "settlement_id": "LGD_0458", "name": "Rajabari", "district": "Sivasagar", "source": "LGD", "lon": 94.686635817482838, "lat": 27.21119089219048, "elevation_m": 96.070862, "slope_deg": 9.467, "profile_curv": -0.0046597077, "plan_curv": 0.0022517096, "static_susceptibility": 0.26977173652543168, "susceptibility_tier": "low" }, "geometry": { "type": "Point", "coordinates": [ 94.686635817482838, 27.21119089219048 ] } },
{ "type": "Feature", "properties": { "settlement_id": "LGD_0459", "name": "Borpathar", "district": "Sivasagar", "source": "LGD", "lon": 94.663746019104209, "lat": 27.197364644208143, "elevation_m": 96.868759, "slope_deg": 5.45682, "profile_curv": -9.8178032e-05, "plan_curv": -0.093214355, "static_susceptibility": 0.25908094908496354, "susceptibility_tier": "low" }, "geometry": { "type": "Point", "coordinates": [ 94.663746019104209, 27.197364644208143 ] } },
{ "type": "Feature", "properties": { "settlement_id": "LGD_0460", "name": "Singiani", "district": "Sivasagar", "source": "LGD", "lon": 94.677012568576927, "lat": 27.192285611013645, "elevation_m": 92.480354, "slope_deg": 5.0875669, "profile_curv": -0.00014185527, "plan_curv": -0.079065137, "static_susceptibility": 0.25501006616811195, "susceptibility_tier": "low" }, "geometry": { "type": "Point", "coordinates": [ 94.677012568576927, 27.192285611013645 ] } },
{ "type": "Feature", "properties": { "settlement_id": "LGD_0461", "name": " ", "district": "Sivasagar", "source": "LGD", "lon": 94.68000076400071, "lat": 27.203277521237158, "elevation_m": 93.785217, "slope_deg": 7.0850034, "profile_curv": -0.003800875, "plan_curv": -0.010993342, "static_susceptibility": 0.25853476795979968, "susceptibility_tier": "low" }, "geometry": { "type": "Point", "coordinates": [ 94.68000076400071, 27.203277521237158 ] } },
{ "type": "Feature", "properties": { "settlement_id": "LGD_0462", "name": "Khanajan", "district": "Sivasagar", "source": "LGD", "lon": 94.694566014877523, "lat": 27.204407895315015, "elevation_m": 98.480255, "slope_deg": 7.8513598, "profile_curv": 0.00029566925, "plan_curv": -0.049044475, "static_susceptibility": 0.26673914702161472, "susceptibility_tier": "low" }, "geometry": { "type": "Point", "coordinates": [ 94.694566014877523, 27.204407895315015 ] } },
{ "type": "Feature", "properties": { "settlement_id": "LGD_0463", "name": "Jamira", "district": "Sivasagar", "source": "LGD", "lon": 94.7001468819915, "lat": 27.213643706554976, "elevation_m": 97.599976, "slope_deg": 6.2261777, "profile_curv": 0.002012525, "plan_curv": 0.018172028, "static_susceptibility": 0.25102080037595897, "susceptibility_tier": "low" }, "geometry": { "type": "Point", "coordinates": [ 94.7001468819915, 27.213643706554976 ] } },
{ "type": "Feature", "properties": { "settlement_id": "LGD_0464", "name": "Nemutangakur", "district": "Sivasagar", "source": "LGD", "lon": 94.711430517031502, "lat": 27.2102877427733, "elevation_m": 102.24181, "slope_deg": 6.3101959, "profile_curv": 0.0046129385, "plan_curv": -0.001163192, "static_susceptibility": 0.2538689106092803, "susceptibility_tier": "low" }, "geometry": { "type": "Point", "coordinates": [ 94.711430517031502, 27.2102877427733 ] } },
{ "type": "Feature", "properties": { "settlement_id": "LGD_0465", "name": "Bandarmari", "district": "Sivasagar", "source": "LGD", "lon": 94.717072162241976, "lat": 27.180495687684335, "elevation_m": 93.704765, "slope_deg": 3.5571353, "profile_curv": -0.00098425581, "plan_curv": 0.0089632478, "static_susceptibility": 0.2387747176466094, "susceptibility_tier": "low" }, "geometry": { "type": "Point", "coordinates": [ 94.717072162241976, 27.180495687684335 ] } },
{ "type": "Feature", "properties": { "settlement_id": "LGD_0466", "name": "Dhaibari", "district": "Sivasagar", "source": "LGD", "lon": 94.666806630368185, "lat": 27.182826059522405, "elevation_m": 105.95333, "slope_deg": 9.1511841, "profile_curv": 0.012126178, "plan_curv": 0.091244243, "static_susceptibility": 0.25791178044645141, "susceptibility_tier": "low" }, "geometry": { "type": "Point", "coordinates": [ 94.666806630368185, 27.182826059522405 ] } },
{ "type": "Feature", "properties": { "settlement_id": "LGD_0467", "name": "Gelapathar", "district": "Sivasagar", "source": "LGD", "lon": 94.64964207494657, "lat": 27.17613652434714, "elevation_m": 92.522118, "slope_deg": 0.94850558, "profile_curv": 2.19306e-05, "plan_curv": 0.067944892, "static_susceptibility": 0.22056559890137634, "susceptibility_tier": "low" }, "geometry": { "type": "Point", "coordinates": [ 94.64964207494657, 27.17613652434714 ] } },
{ "type": "Feature", "properties": { "settlement_id": "LGD_0468", "name": "Ajar Guri", "district": "Sivasagar", "source": "LGD", "lon": 94.644460622088019, "lat": 27.186434712051479, "elevation_m": 94.910805, "slope_deg": 2.6847873, "profile_curv": 5.6678015e-05, "plan_curv": 0.15637387, "static_susceptibility": 0.22032880925936918, "susceptibility_tier": "low" }, "geometry": { "type": "Point", "coordinates": [ 94.644460622088019, 27.186434712051479 ] } },
{ "type": "Feature", "properties": { "settlement_id": "LGD_0469", "name": "Naharanibam", "district": "Sivasagar", "source": "LGD", "lon": 94.641612101424158, "lat": 27.166780331374177, "elevation_m": 92.072693, "slope_deg": 5.4232516, "profile_curv": -0.0017227082, "plan_curv": 0.035021111, "static_susceptibility": 0.24495030977534391, "susceptibility_tier": "low" }, "geometry": { "type": "Point", "coordinates": [ 94.641612101424158, 27.166780331374177 ] } },
{ "type": "Feature", "properties": { "settlement_id": "LGD_0470", "name": "Chakala Pathar", "district": "Sivasagar", "source": "LGD", "lon": 94.667021930860429, "lat": 27.14176423734045, "elevation_m": 90.738525, "slope_deg": 0.35039467, "profile_curv": -1.4754762e-05, "plan_curv": -0.034962762, "static_susceptibility": 0.22748855868243437, "susceptibility_tier": "low" }, "geometry": { "type": "Point", "coordinates": [ 94.667021930860429, 27.14176423734045 ] } },
{ "type": "Feature", "properties": { "settlement_id": "LGD_0471", "name": "Dhundarbam N.C.", "district": "Sivasagar", "source": "LGD", "lon": 94.634093827124985, "lat": 27.156288499509927, "elevation_m": 91.350723, "slope_deg": 0.68254083, "profile_curv": -0.00014851095, "plan_curv": -0.016110806, "static_susceptibility": 0.2272949769632851, "susceptibility_tier": "low" }, "geometry": { "type": "Point", "coordinates": [ 94.634093827124985, 27.156288499509927 ] } },
{ "type": "Feature", "properties": { "settlement_id": "LGD_0472", "name": "Tankak N.C", "district": "Sivasagar", "source": "LGD", "lon": 94.615937617655348, "lat": 27.141148155250903, "elevation_m": 92.797813, "slope_deg": 1.8288645, "profile_curv": 0.00040921412, "plan_curv": -0.043319926, "static_susceptibility": 0.23548438590475942, "susceptibility_tier": "low" }, "geometry": { "type": "Point", "coordinates": [ 94.615937617655348, 27.141148155250903 ] } },
{ "type": "Feature", "properties": { "settlement_id": "LGD_0473", "name": "Milonkur", "district": "Sivasagar", "source": "LGD", "lon": 94.605683985018516, "lat": 27.148984157344799, "elevation_m": 450.0, "slope_deg": 5.9261479, "profile_curv": 0.0, "plan_curv": 0.0, "static_susceptibility": 0.31344999954917924, "susceptibility_tier": "low" }, "geometry": { "type": "Point", "coordinates": [ 94.605683985018516, 27.148984157344799 ] } },
{ "type": "Feature", "properties": { "settlement_id": "LGD_0474", "name": "Dalapani", "district": "Sivasagar", "source": "LGD", "lon": 94.625370854014903, "lat": 27.177675103458064, "elevation_m": 450.0, "slope_deg": 0.0, "profile_curv": 0.0, "plan_curv": 0.0, "static_susceptibility": 0.28096200578475433, "susceptibility_tier": "low" }, "geometry": { "type": "Point", "coordinates": [ 94.625370854014903, 27.177675103458064 ] } },
{ "type": "Feature", "properties": { "settlement_id": "LGD_0475", "name": "Samukjan", "district": "Sivasagar", "source": "LGD", "lon": 94.645989577849278, "lat": 27.212751839848227, "elevation_m": 450.0, "slope_deg": 0.0, "profile_curv": 0.0, "plan_curv": 0.0, "static_susceptibility": 0.28096200578475433, "susceptibility_tier": "low" }, "geometry": { "type": "Point", "coordinates": [ 94.645989577849278, 27.212751839848227 ] } },
{ "type": "Feature", "properties": { "settlement_id": "LGD_0476", "name": " ", "district": "Sivasagar", "source": "LGD", "lon": 94.639898310395168, "lat": 27.191220247721478, "elevation_m": 450.0, "slope_deg": 0.0, "profile_curv": 0.0, "plan_curv": 0.0, "static_susceptibility": 0.28096200578475433, "susceptibility_tier": "low" }, "geometry": { "type": "Point", "coordinates": [ 94.639898310395168, 27.191220247721478 ] } },
{ "type": "Feature", "properties": { "settlement_id": "LGD_0477", "name": "Chetia", "district": "Sivasagar", "source": "LGD", "lon": 94.587939034831081, "lat": 27.129423611346734, "elevation_m": 450.0, "slope_deg": 4.9616041, "profile_curv": 0.0, "plan_curv": 0.0, "static_susceptibility": 0.30802395074547478, "susceptibility_tier": "low" }, "geometry": { "type": "Point", "coordinates": [ 94.587939034831081, 27.129423611346734 ] } },
{ "type": "Feature", "properties": { "settlement_id": "LGD_0478", "name": "Moridesang N.C", "district": "Sivasagar", "source": "LGD", "lon": 94.588099607073374, "lat": 27.088907220687304, "elevation_m": 87.117294, "slope_deg": 1.5797548, "profile_curv": -0.0053474763, "plan_curv": -1.3141841, "static_susceptibility": 0.38217460984579915, "susceptibility_tier": "low" }, "geometry": { "type": "Point", "coordinates": [ 94.588099607073374, 27.088907220687304 ] } },
{ "type": "Feature", "properties": { "settlement_id": "LGD_0479", "name": " ", "district": "Sivasagar", "source": "LGD", "lon": 94.601952649946725, "lat": 27.083339998023213, "elevation_m": 91.008461, "slope_deg": 1.4109733, "profile_curv": 0.00074783544, "plan_curv": 0.032570787, "static_susceptibility": 0.22575386684525844, "susceptibility_tier": "low" }, "geometry": { "type": "Point", "coordinates": [ 94.601952649946725, 27.083339998023213 ] } },
{ "type": "Feature", "properties": { "settlement_id": "LGD_0480", "name": "Dighal Doriali", "district": "Sivasagar", "source": "LGD", "lon": 94.592120611429294, "lat": 27.068387194440952, "elevation_m": 89.552971, "slope_deg": 0.3605029, "profile_curv": -0.00012019111, "plan_curv": 0.010608013, "static_susceptibility": 0.2229598743172827, "susceptibility_tier": "low" }, "geometry": { "type": "Point", "coordinates": [ 94.592120611429294, 27.068387194440952 ] } },
{ "type": "Feature", "properties": { "settlement_id": "LGD_0481", "name": " ", "district": "Sivasagar", "source": "LGD", "lon": 94.574866351237958, "lat": 27.087847578202641, "elevation_m": 91.814026, "slope_deg": 0.79403824, "profile_curv": -0.00027529968, "plan_curv": -0.0049326317, "static_susceptibility": 0.22680765271317063, "susceptibility_tier": "low" }, "geometry": { "type": "Point", "coordinates": [ 94.574866351237958, 27.087847578202641 ] } },
{ "type": "Feature", "properties": { "settlement_id": "LGD_0482", "name": "Lepai", "district": "Sivasagar", "source": "LGD", "lon": 94.571008570157829, "lat": 27.068316463112339, "elevation_m": 91.193298, "slope_deg": 7.7154436, "profile_curv": -0.0019103236, "plan_curv": 0.0062435633, "static_susceptibility": 0.25918776201821092, "susceptibility_tier": "low" }, "geometry": { "type": "Point", "coordinates": [ 94.571008570157829, 27.068316463112339 ] } },
{ "type": "Feature", "properties": { "settlement_id": "LGD_0483", "name": "Bolama Koiborta", "district": "Sivasagar", "source": "LGD", "lon": 94.562422998781955, "lat": 27.064772809465943, "elevation_m": 89.244766, "slope_deg": 0.68789458, "profile_curv": -0.00067228923, "plan_curv": -0.037168968, "static_susceptibility": 0.22912053357089138, "susceptibility_tier": "low" }, "geometry": { "type": "Point", "coordinates": [ 94.562422998781955, 27.064772809465943 ] } },
{ "type": "Feature", "properties": { "settlement_id": "LGD_0484", "name": "Ligri Bari", "district": "Sivasagar", "source": "LGD", "lon": 94.564153863297477, "lat": 27.094805829877153, "elevation_m": 91.610779, "slope_deg": 1.3926218, "profile_curv": -0.00054291781, "plan_curv": -0.62635958, "static_susceptibility": 0.29605764684000357, "susceptibility_tier": "low" }, "geometry": { "type": "Point", "coordinates": [ 94.564153863297477, 27.094805829877153 ] } },
{ "type": "Feature", "properties": { "settlement_id": "LGD_0485", "name": "Ali Chiga", "district": "Sivasagar", "source": "LGD", "lon": 94.536486060740387, "lat": 27.061864085365571, "elevation_m": 94.12664, "slope_deg": 1.7008281, "profile_curv": 0.001432428, "plan_curv": 0.18548478, "static_susceptibility": 0.21292232566782748, "susceptibility_tier": "low" }, "geometry": { "type": "Point", "coordinates": [ 94.536486060740387, 27.061864085365571 ] } },
{ "type": "Feature", "properties": { "settlement_id": "LGD_0486", "name": "Ligri Bari N.C.", "district": "Sivasagar", "source": "LGD", "lon": 94.537707371964103, "lat": 27.053170735980263, "elevation_m": 91.368141, "slope_deg": 4.3040566, "profile_curv": 2.3082355e-05, "plan_curv": 0.033797335, "static_susceptibility": 0.23933929783339139, "susceptibility_tier": "low" }, "geometry": { "type": "Point", "coordinates": [ 94.537707371964103, 27.053170735980263 ] } },
{ "type": "Feature", "properties": { "settlement_id": "LGD_0487", "name": "Ali Chiga", "district": "Sivasagar", "source": "LGD", "lon": 94.514701688843601, "lat": 27.045516490760374, "elevation_m": 87.0, "slope_deg": 5.948946, "profile_curv": 0.0, "plan_curv": 0.0, "static_susceptibility": 0.25008999952766453, "susceptibility_tier": "low" }, "geometry": { "type": "Point", "coordinates": [ 94.514701688843601, 27.045516490760374 ] } },
{ "type": "Feature", "properties": { "settlement_id": "LGD_0488", "name": "Afala", "district": "Sivasagar", "source": "LGD", "lon": 94.50651725974609, "lat": 27.036242090601903, "elevation_m": 87.0, "slope_deg": 0.0, "profile_curv": 0.0, "plan_curv": 0.0, "static_susceptibility": 0.22194170212963088, "susceptibility_tier": "low" }, "geometry": { "type": "Point", "coordinates": [ 94.50651725974609, 27.036242090601903 ] } },
{ "type": "Feature", "properties": { "settlement_id": "LGD_0489", "name": "Cital Dubi", "district": "Sivasagar", "source": "LGD", "lon": 94.501155298307538, "lat": 27.018901196078204, "elevation_m": 88.245712, "slope_deg": 1.5020511, "profile_curv": -0.00020028137, "plan_curv": -0.079726905, "static_susceptibility": 0.23694413268165712, "susceptibility_tier": "low" }, "geometry": { "type": "Point", "coordinates": [ 94.501155298307538, 27.018901196078204 ] } },
{ "type": "Feature", "properties": { "settlement_id": "LGD_0490", "name": " ", "district": "Sivasagar", "source": "LGD", "lon": 94.490436279595613, "lat": 27.025294157453331, "elevation_m": 86.5, "slope_deg": 1.672006, "profile_curv": 0.0, "plan_curv": 0.0, "static_susceptibility": 0.2295412359783523, "susceptibility_tier": "low" }, "geometry": { "type": "Point", "coordinates": [ 94.490436279595613, 27.025294157453331 ] } },
{ "type": "Feature", "properties": { "settlement_id": "LGD_0491", "name": "Cheni Mora", "district": "Sivasagar", "source": "LGD", "lon": 94.497532668748548, "lat": 27.00542155498222, "elevation_m": 88.070465, "slope_deg": 0.43458378, "profile_curv": 4.6150926e-06, "plan_curv": 0.057451382, "static_susceptibility": 0.21859023299706964, "susceptibility_tier": "low" }, "geometry": { "type": "Point", "coordinates": [ 94.497532668748548, 27.00542155498222 ] } },
{ "type": "Feature", "properties": { "settlement_id": "LGD_0492", "name": "Ligri Bari", "district": "Sivasagar", "source": "LGD", "lon": 94.534536909594294, "lat": 27.020235517612097, "elevation_m": 88.453392, "slope_deg": 0.45414597, "profile_curv": -8.3377679e-05, "plan_curv": -0.029852247, "static_susceptibility": 0.22713019419715461, "susceptibility_tier": "low" }, "geometry": { "type": "Point", "coordinates": [ 94.534536909594294, 27.020235517612097 ] } },
{ "type": "Feature", "properties": { "settlement_id": "LGD_0493", "name": " ", "district": "Sivasagar", "source": "LGD", "lon": 94.564171407745562, "lat": 27.008137923556752, "elevation_m": 89.135078, "slope_deg": 0.5928055, "profile_curv": -0.00010802319, "plan_curv": -0.070863478, "static_susceptibility": 0.23190275539434424, "susceptibility_tier": "low" }, "geometry": { "type": "Point", "coordinates": [ 94.564171407745562, 27.008137923556752 ] } },
{ "type": "Feature", "properties": { "settlement_id": "LGD_0494", "name": "Loraputa", "district": "Sivasagar", "source": "LGD", "lon": 94.547632090361958, "lat": 27.023114234997557, "elevation_m": 89.061974, "slope_deg": 0.35113582, "profile_curv": 0.00057493744, "plan_curv": 0.10503677, "static_susceptibility": 0.21382454900892195, "susceptibility_tier": "low" }, "geometry": { "type": "Point", "coordinates": [ 94.547632090361958, 27.023114234997557 ] } },
{ "type": "Feature", "properties": { "settlement_id": "LGD_0495", "name": " ", "district": "Sivasagar", "source": "LGD", "lon": 94.566122290125548, "lat": 27.056448649374364, "elevation_m": 88.844276, "slope_deg": 0.50030684, "profile_curv": -0.00024410592, "plan_curv": -0.022969518, "static_susceptibility": 0.2267530260296961, "susceptibility_tier": "low" }, "geometry": { "type": "Point", "coordinates": [ 94.566122290125548, 27.056448649374364 ] } },
{ "type": "Feature", "properties": { "settlement_id": "LGD_0496", "name": "Tati Pathar", "district": "Sivasagar", "source": "LGD", "lon": 94.569757596561416, "lat": 27.032188167986767, "elevation_m": 89.423767, "slope_deg": 0.99628937, "profile_curv": 0.00075868628, "plan_curv": 0.13243784, "static_susceptibility": 0.21415009060729398, "susceptibility_tier": "low" }, "geometry": { "type": "Point", "coordinates": [ 94.569757596561416, 27.032188167986767 ] } },
{ "type": "Feature", "properties": { "settlement_id": "LGD_0497", "name": "Longcai Habi", "district": "Sivasagar", "source": "LGD", "lon": 94.587293919827175, "lat": 27.054791374941715, "elevation_m": 88.450867, "slope_deg": 0.96006143, "profile_curv": 0.00011443347, "plan_curv": 0.059141282, "static_susceptibility": 0.22083890298809025, "susceptibility_tier": "low" }, "geometry": { "type": "Point", "coordinates": [ 94.587293919827175, 27.054791374941715 ] } },
{ "type": "Feature", "properties": { "settlement_id": "LGD_0498", "name": "Kopowting", "district": "Sivasagar", "source": "LGD", "lon": 94.599541775679981, "lat": 27.053339677103708, "elevation_m": 89.141396, "slope_deg": 0.82094759, "profile_curv": 0.00069079734, "plan_curv": 0.012709102, "static_susceptibility": 0.2246958486373046, "susceptibility_tier": "low" }, "geometry": { "type": "Point", "coordinates": [ 94.599541775679981, 27.053339677103708 ] } },
{ "type": "Feature", "properties": { "settlement_id": "LGD_0499", "name": "Bagal Habi", "district": "Sivasagar", "source": "LGD", "lon": 94.595641509944187, "lat": 27.045672987683627, "elevation_m": 96.826523, "slope_deg": 7.731956, "profile_curv": -0.0013390484, "plan_curv": 0.032161649, "static_susceptibility": 0.25737525692087021, "susceptibility_tier": "low" }, "geometry": { "type": "Point", "coordinates": [ 94.595641509944187, 27.045672987683627 ] } },
{ "type": "Feature", "properties": { "settlement_id": "LGD_0500", "name": "Dhopaboria", "district": "Sivasagar", "source": "LGD", "lon": 94.587367886948982, "lat": 27.029077323281903, "elevation_m": 100.81684, "slope_deg": 6.0623941, "profile_curv": 0.0069855214, "plan_curv": 0.080399029, "static_susceptibility": 0.24365485328227768, "susceptibility_tier": "low" }, "geometry": { "type": "Point", "coordinates": [ 94.587367886948982, 27.029077323281903 ] } },
{ "type": "Feature", "properties": { "settlement_id": "LGD_0501", "name": "Matok Gohain", "district": "Sivasagar", "source": "LGD", "lon": 94.601454750811229, "lat": 27.028630186038324, "elevation_m": 90.370979, "slope_deg": 4.8081288, "profile_curv": -0.0080517801, "plan_curv": 0.0082037104, "static_susceptibility": 0.24527623283591435, "susceptibility_tier": "low" }, "geometry": { "type": "Point", "coordinates": [ 94.601454750811229, 27.028630186038324 ] } },
{ "type": "Feature", "properties": { "settlement_id": "LGD_0502", "name": "Panbecha", "district": "Sivasagar", "source": "LGD", "lon": 94.573487330633213, "lat": 27.023528959554326, "elevation_m": 90.55304, "slope_deg": 6.2363739, "profile_curv": -0.00068166543, "plan_curv": 0.022824474, "static_susceptibility": 0.24980170569701474, "susceptibility_tier": "low" }, "geometry": { "type": "Point", "coordinates": [ 94.573487330633213, 27.023528959554326 ] } },
{ "type": "Feature", "properties": { "settlement_id": "LGD_0503", "name": "Sala Pathar", "district": "Sivasagar", "source": "LGD", "lon": 94.582577722005936, "lat": 27.017428951342119, "elevation_m": 88.626511, "slope_deg": 1.4955933, "profile_curv": -0.00097631005, "plan_curv": -0.03274953, "static_susceptibility": 0.23239480761397435, "susceptibility_tier": "low" }, "geometry": { "type": "Point", "coordinates": [ 94.582577722005936, 27.017428951342119 ] } },
{ "type": "Feature", "properties": { "settlement_id": "LGD_0504", "name": "Molia Bheta", "district": "Sivasagar", "source": "LGD", "lon": 94.588368647295866, "lat": 27.008706786341293, "elevation_m": 89.123039, "slope_deg": 0.38905478, "profile_curv": -0.00030322763, "plan_curv": -0.24235106, "static_susceptibility": 0.24829232885232355, "susceptibility_tier": "low" }, "geometry": { "type": "Point", "coordinates": [ 94.588368647295866, 27.008706786341293 ] } },
{ "type": "Feature", "properties": { "settlement_id": "LGD_0505", "name": "Mout Bari", "district": "Sivasagar", "source": "LGD", "lon": 94.598034624239133, "lat": 27.01448489719186, "elevation_m": 88.904854, "slope_deg": 0.48105687, "profile_curv": 1.1771886e-05, "plan_curv": 0.035264462, "static_susceptibility": 0.22103233797969424, "susceptibility_tier": "low" }, "geometry": { "type": "Point", "coordinates": [ 94.598034624239133, 27.01448489719186 ] } },
{ "type": "Feature", "properties": { "settlement_id": "LGD_0506", "name": "Kath Para", "district": "Sivasagar", "source": "LGD", "lon": 94.610368073096737, "lat": 27.013428400102001, "elevation_m": 96.955086, "slope_deg": 8.1204224, "profile_curv": 0.0021954072, "plan_curv": 0.057994936, "static_susceptibility": 0.25612817711169505, "susceptibility_tier": "low" }, "geometry": { "type": "Point", "coordinates": [ 94.610368073096737, 27.013428400102001 ] } },
{ "type": "Feature", "properties": { "settlement_id": "LGD_0507", "name": "Banmukh Chutia", "district": "Sivasagar", "source": "LGD", "lon": 94.622093581931921, "lat": 27.022791955149895, "elevation_m": 89.257057, "slope_deg": 0.52492583, "profile_curv": -0.00034016854, "plan_curv": -0.10215843, "static_susceptibility": 0.2347362212396002, "susceptibility_tier": "low" }, "geometry": { "type": "Point", "coordinates": [ 94.622093581931921, 27.022791955149895 ] } },
{ "type": "Feature", "properties": { "settlement_id": "LGD_0508", "name": "Dui-Ali Maz", "district": "Sivasagar", "source": "LGD", "lon": 94.619073947842068, "lat": 27.003165244022114, "elevation_m": 89.859482, "slope_deg": 2.0448117, "profile_curv": -0.00067491486, "plan_curv": -0.076134302, "static_susceptibility": 0.23948513005522706, "susceptibility_tier": "low" }, "geometry": { "type": "Point", "coordinates": [ 94.619073947842068, 27.003165244022114 ] } },
{ "type": "Feature", "properties": { "settlement_id": "LGD_0509", "name": "Deoulia Khat", "district": "Sivasagar", "source": "LGD", "lon": 94.627734308152768, "lat": 27.001973768200884, "elevation_m": 90.618134, "slope_deg": 1.8345562, "profile_curv": 0.00043436166, "plan_curv": 0.10052174, "static_susceptibility": 0.22112749623734879, "susceptibility_tier": "low" }, "geometry": { "type": "Point", "coordinates": [ 94.627734308152768, 27.001973768200884 ] } },
{ "type": "Feature", "properties": { "settlement_id": "LGD_0510", "name": "Nowjan", "district": "Sivasagar", "source": "LGD", "lon": 94.645698915456009, "lat": 27.008748977133362, "elevation_m": 89.990776, "slope_deg": 5.1880064, "profile_curv": -0.00011820414, "plan_curv": -0.053226244, "static_susceptibility": 0.25238528700688756, "susceptibility_tier": "low" }, "geometry": { "type": "Point", "coordinates": [ 94.645698915456009, 27.008748977133362 ] } },
{ "type": "Feature", "properties": { "settlement_id": "LGD_0511", "name": " ", "district": "Sivasagar", "source": "LGD", "lon": 94.656717808612356, "lat": 27.022057284368291, "elevation_m": 98.586693, "slope_deg": 8.2482166, "profile_curv": 0.0065526059, "plan_curv": 0.046544317, "static_susceptibility": 0.25765628187247785, "susceptibility_tier": "low" }, "geometry": { "type": "Point", "coordinates": [ 94.656717808612356, 27.022057284368291 ] } },
{ "type": "Feature", "properties": { "settlement_id": "LGD_0512", "name": "Gohain Gaon", "district": "Sivasagar", "source": "LGD", "lon": 94.636174743446091, "lat": 27.021605246441737, "elevation_m": 89.992897, "slope_deg": 0.64909315, "profile_curv": -0.00053953507, "plan_curv": -0.081525296, "static_susceptibility": 0.23340987329853352, "susceptibility_tier": "low" }, "geometry": { "type": "Point", "coordinates": [ 94.636174743446091, 27.021605246441737 ] } },
{ "type": "Feature", "properties": { "settlement_id": "LGD_0513", "name": "Joyapar", "district": "Sivasagar", "source": "LGD", "lon": 94.638840049627831, "lat": 27.042624461076709, "elevation_m": 90.630058, "slope_deg": 0.58880848, "profile_curv": 8.1558355e-05, "plan_curv": 0.026146701, "static_susceptibility": 0.22264313675613973, "susceptibility_tier": "low" }, "geometry": { "type": "Point", "coordinates": [ 94.638840049627831, 27.042624461076709 ] } },
{ "type": "Feature", "properties": { "settlement_id": "LGD_0514", "name": "Kowamora Hondique", "district": "Sivasagar", "source": "LGD", "lon": 94.651787112996274, "lat": 27.037636178890395, "elevation_m": 90.233131, "slope_deg": 0.39833835, "profile_curv": -0.00046663985, "plan_curv": 0.027019475, "static_susceptibility": 0.22170321844425436, "susceptibility_tier": "low" }, "geometry": { "type": "Point", "coordinates": [ 94.651787112996274, 27.037636178890395 ] } },
{ "type": "Feature", "properties": { "settlement_id": "LGD_0515", "name": "Akhoi Phutia", "district": "Sivasagar", "source": "LGD", "lon": 94.642419789805928, "lat": 27.055129614470591, "elevation_m": 90.547356, "slope_deg": 3.8122902, "profile_curv": 0.00073527114, "plan_curv": 0.12754692, "static_susceptibility": 0.22751061205342754, "susceptibility_tier": "low" }, "geometry": { "type": "Point", "coordinates": [ 94.642419789805928, 27.055129614470591 ] } },
{ "type": "Feature", "properties": { "settlement_id": "LGD_0516", "name": "Barhoiting", "district": "Sivasagar", "source": "LGD", "lon": 94.625581514804779, "lat": 27.057498210312406, "elevation_m": 90.983841, "slope_deg": 4.2009244, "profile_curv": 0.00049149024, "plan_curv": 0.053604521, "static_susceptibility": 0.23673497667745128, "susceptibility_tier": "low" }, "geometry": { "type": "Point", "coordinates": [ 94.625581514804779, 27.057498210312406 ] } },
{ "type": "Feature", "properties": { "settlement_id": "LGD_0517", "name": "Barhoiting", "district": "Sivasagar", "source": "LGD", "lon": 94.622946852768109, "lat": 27.045276741587696, "elevation_m": 95.966919, "slope_deg": 8.322238, "profile_curv": -0.0026328452, "plan_curv": -0.042804364, "static_susceptibility": 0.26846838134270035, "susceptibility_tier": "low" }, "geometry": { "type": "Point", "coordinates": [ 94.622946852768109, 27.045276741587696 ] } },
{ "type": "Feature", "properties": { "settlement_id": "LGD_0518", "name": "Patar Chetia", "district": "Sivasagar", "source": "LGD", "lon": 94.610281027872119, "lat": 27.035554350617499, "elevation_m": 97.105499, "slope_deg": 6.6047192, "profile_curv": 0.0030435442, "plan_curv": -0.0029835163, "static_susceptibility": 0.25489586611617632, "susceptibility_tier": "low" }, "geometry": { "type": "Point", "coordinates": [ 94.610281027872119, 27.035554350617499 ] } },
{ "type": "Feature", "properties": { "settlement_id": "LGD_0519", "name": "Dimow Mukh", "district": "Sivasagar", "source": "LGD", "lon": 94.609725656452056, "lat": 27.053787613438484, "elevation_m": 97.663841, "slope_deg": 5.0742273, "profile_curv": 0.0059773731, "plan_curv": 0.060668804, "static_susceptibility": 0.24053044070326401, "susceptibility_tier": "low" }, "geometry": { "type": "Point", "coordinates": [ 94.609725656452056, 27.053787613438484 ] } },
{ "type": "Feature", "properties": { "settlement_id": "LGD_0520", "name": "Motha Dang", "district": "Sivasagar", "source": "LGD", "lon": 94.622891341937475, "lat": 27.066811301044506, "elevation_m": 89.93335, "slope_deg": 3.5688641, "profile_curv": -0.00053475465, "plan_curv": 0.013847861, "static_susceptibility": 0.23768748271315582, "susceptibility_tier": "low" }, "geometry": { "type": "Point", "coordinates": [ 94.622891341937475, 27.066811301044506 ] } },
{ "type": "Feature", "properties": { "settlement_id": "LGD_0521", "name": "Demowmukh Gohain", "district": "Sivasagar", "source": "LGD", "lon": 94.6175469340848, "lat": 27.072600366358095, "elevation_m": 90.233681, "slope_deg": 1.4473972, "profile_curv": -0.0006073527, "plan_curv": -0.054609209, "static_susceptibility": 0.23453937425315649, "susceptibility_tier": "low" }, "geometry": { "type": "Point", "coordinates": [ 94.6175469340848, 27.072600366358095 ] } },
{ "type": "Feature", "properties": { "settlement_id": "LGD_0522", "name": "Samukjan", "district": "Sivasagar", "source": "LGD", "lon": 94.623475364296979, "lat": 27.089568626124102, "elevation_m": 90.276978, "slope_deg": 0.71076238, "profile_curv": 0.00043698927, "plan_curv": 0.21355446, "static_susceptibility": 0.20561002497438152, "susceptibility_tier": "low" }, "geometry": { "type": "Point", "coordinates": [ 94.623475364296979, 27.089568626124102 ] } },
{ "type": "Feature", "properties": { "settlement_id": "LGD_0523", "name": " ", "district": "Sivasagar", "source": "LGD", "lon": 94.658128069532694, "lat": 27.101016519835799, "elevation_m": 90.338829, "slope_deg": 1.0000972, "profile_curv": -9.3776602e-05, "plan_curv": -0.12169121, "static_susceptibility": 0.23908802496158874, "susceptibility_tier": "low" }, "geometry": { "type": "Point", "coordinates": [ 94.658128069532694, 27.101016519835799 ] } },
{ "type": "Feature", "properties": { "settlement_id": "LGD_0524", "name": " ", "district": "Sivasagar", "source": "LGD", "lon": 94.650215666743932, "lat": 27.102297347942546, "elevation_m": 91.07341, "slope_deg": 1.1760364, "profile_curv": 0.00059810694, "plan_curv": 0.07984326, "static_susceptibility": 0.22017242049993851, "susceptibility_tier": "low" }, "geometry": { "type": "Point", "coordinates": [ 94.650215666743932, 27.102297347942546 ] } },
{ "type": "Feature", "properties": { "settlement_id": "LGD_0525", "name": " ", "district": "Sivasagar", "source": "LGD", "lon": 94.642900428211334, "lat": 27.089615812266892, "elevation_m": 98.402344, "slope_deg": 6.4241395, "profile_curv": 0.0029979565, "plan_curv": -0.063490912, "static_susceptibility": 0.26062797075821642, "susceptibility_tier": "low" }, "geometry": { "type": "Point", "coordinates": [ 94.642900428211334, 27.089615812266892 ] } },
{ "type": "Feature", "properties": { "settlement_id": "LGD_0526", "name": " ", "district": "Sivasagar", "source": "LGD", "lon": 94.639438720009807, "lat": 27.075669090189802, "elevation_m": 91.549225, "slope_deg": 1.6443901, "profile_curv": -0.00077927788, "plan_curv": -0.032012027, "static_susceptibility": 0.23344757275133207, "susceptibility_tier": "low" }, "geometry": { "type": "Point", "coordinates": [ 94.639438720009807, 27.075669090189802 ] } },
{ "type": "Feature", "properties": { "settlement_id": "LGD_0527", "name": "Demowmukh Gohain", "district": "Sivasagar", "source": "LGD", "lon": 94.630744662386022, "lat": 27.069961897295869, "elevation_m": 90.986565, "slope_deg": 7.9488511, "profile_curv": -0.00074785645, "plan_curv": -0.01829554, "static_susceptibility": 0.26279949502017802, "susceptibility_tier": "low" }, "geometry": { "type": "Point", "coordinates": [ 94.630744662386022, 27.069961897295869 ] } },
{ "type": "Feature", "properties": { "settlement_id": "LGD_0528", "name": "Bokul Duba", "district": "Sivasagar", "source": "LGD", "lon": 94.642234286628508, "lat": 27.065193915646571, "elevation_m": 91.11364, "slope_deg": 5.4839807, "profile_curv": -0.00060626207, "plan_curv": -0.065446377, "static_susceptibility": 0.25539183093072221, "susceptibility_tier": "low" }, "geometry": { "type": "Point", "coordinates": [ 94.642234286628508, 27.065193915646571 ] } },
{ "type": "Feature", "properties": { "settlement_id": "LGD_0529", "name": " ", "district": "Sivasagar", "source": "LGD", "lon": 94.650603928112901, "lat": 27.075445822003736, "elevation_m": 90.572983, "slope_deg": 0.47985554, "profile_curv": -0.00060164632, "plan_curv": -0.092768557, "static_susceptibility": 0.23382808873290781, "susceptibility_tier": "low" }, "geometry": { "type": "Point", "coordinates": [ 94.650603928112901, 27.075445822003736 ] } },
{ "type": "Feature", "properties": { "settlement_id": "LGD_0530", "name": "Palengi P.G.R", "district": "Sivasagar", "source": "LGD", "lon": 94.657013864742467, "lat": 27.076759179979657, "elevation_m": 91.095375, "slope_deg": 0.377996, "profile_curv": 0.00036907836, "plan_curv": 0.74380517, "static_susceptibility": 0.16062712489090342, "susceptibility_tier": "low" }, "geometry": { "type": "Point", "coordinates": [ 94.657013864742467, 27.076759179979657 ] } },
{ "type": "Feature", "properties": { "settlement_id": "LGD_0531", "name": " ", "district": "Sivasagar", "source": "LGD", "lon": 94.667492620504959, "lat": 27.077728976500016, "elevation_m": 91.497192, "slope_deg": 8.4771338, "profile_curv": -0.0014845433, "plan_curv": -0.034604415, "static_susceptibility": 0.26745350938942475, "susceptibility_tier": "low" }, "geometry": { "type": "Point", "coordinates": [ 94.667492620504959, 27.077728976500016 ] } },
{ "type": "Feature", "properties": { "settlement_id": "LGD_0532", "name": "Sorupalengi", "district": "Sivasagar", "source": "LGD", "lon": 94.670514411011098, "lat": 27.065884673897976, "elevation_m": 91.388939, "slope_deg": 3.8824487, "profile_curv": -9.379485e-05, "plan_curv": -0.020759651, "static_susceptibility": 0.2428662974658817, "susceptibility_tier": "low" }, "geometry": { "type": "Point", "coordinates": [ 94.670514411011098, 27.065884673897976 ] } },
{ "type": "Feature", "properties": { "settlement_id": "LGD_0533", "name": "Aoraltoli", "district": "Sivasagar", "source": "LGD", "lon": 94.679441908712363, "lat": 27.082893184349114, "elevation_m": 91.563423, "slope_deg": 10.929057, "profile_curv": -0.00082037778, "plan_curv": 0.035534743, "static_susceptibility": 0.2723990495352358, "susceptibility_tier": "low" }, "geometry": { "type": "Point", "coordinates": [ 94.679441908712363, 27.082893184349114 ] } },
{ "type": "Feature", "properties": { "settlement_id": "LGD_0534", "name": "Da Dhara Grant", "district": "Sivasagar", "source": "LGD", "lon": 94.686654977347672, "lat": 27.079927006429283, "elevation_m": 96.233482, "slope_deg": 6.5424385, "profile_curv": 0.00099192595, "plan_curv": -0.018501172, "static_susceptibility": 0.25635694947095977, "susceptibility_tier": "low" }, "geometry": { "type": "Point", "coordinates": [ 94.686654977347672, 27.079927006429283 ] } },
{ "type": "Feature", "properties": { "settlement_id": "LGD_0535", "name": "Jiyamari", "district": "Sivasagar", "source": "LGD", "lon": 94.667830504993944, "lat": 27.094736298874867, "elevation_m": 90.630005, "slope_deg": 7.7383823, "profile_curv": -0.00035008165, "plan_curv": -0.03066092, "static_susceptibility": 0.26294177367859894, "susceptibility_tier": "low" }, "geometry": { "type": "Point", "coordinates": [ 94.667830504993944, 27.094736298874867 ] } },
{ "type": "Feature", "properties": { "settlement_id": "LGD_0536", "name": " ", "district": "Sivasagar", "source": "LGD", "lon": 94.668418037048014, "lat": 27.114234376914727, "elevation_m": 92.079727, "slope_deg": 3.5628726, "profile_curv": -0.0011534489, "plan_curv": -0.075694881, "static_susceptibility": 0.24719888290290434, "susceptibility_tier": "low" }, "geometry": { "type": "Point", "coordinates": [ 94.668418037048014, 27.114234376914727 ] } },
{ "type": "Feature", "properties": { "settlement_id": "LGD_0537", "name": "Dhundar Mukh", "district": "Sivasagar", "source": "LGD", "lon": 94.675191925581132, "lat": 27.108995199171744, "elevation_m": 91.213165, "slope_deg": 9.846405, "profile_curv": -0.0024266427, "plan_curv": -0.0055901082, "static_susceptibility": 0.27145056984192156, "susceptibility_tier": "low" }, "geometry": { "type": "Point", "coordinates": [ 94.675191925581132, 27.108995199171744 ] } },
{ "type": "Feature", "properties": { "settlement_id": "LGD_0538", "name": "Dhyan Pathar", "district": "Sivasagar", "source": "LGD", "lon": 94.6798784948692, "lat": 27.097319336720268, "elevation_m": 96.894836, "slope_deg": 8.8050995, "profile_curv": -0.0037536949, "plan_curv": -0.028490325, "static_susceptibility": 0.26971774402777843, "susceptibility_tier": "low" }, "geometry": { "type": "Point", "coordinates": [ 94.6798784948692, 27.097319336720268 ] } },
{ "type": "Feature", "properties": { "settlement_id": "LGD_0539", "name": "Kachari Pathar", "district": "Sivasagar", "source": "LGD", "lon": 94.69449180405546, "lat": 27.103132721904945, "elevation_m": 92.121437, "slope_deg": 6.3242188, "profile_curv": -0.0020766119, "plan_curv": -0.0005403916, "static_susceptibility": 0.25311800567631487, "susceptibility_tier": "low" }, "geometry": { "type": "Point", "coordinates": [ 94.69449180405546, 27.103132721904945 ] } },
{ "type": "Feature", "properties": { "settlement_id": "LGD_0540", "name": "Loguwa Bari", "district": "Sivasagar", "source": "LGD", "lon": 94.709219476149059, "lat": 27.113607832436436, "elevation_m": 91.632729, "slope_deg": 3.8347096, "profile_curv": -0.0018016713, "plan_curv": -0.047738772, "static_susceptibility": 0.24566050839862316, "susceptibility_tier": "low" }, "geometry": { "type": "Point", "coordinates": [ 94.709219476149059, 27.113607832436436 ] } },
{ "type": "Feature", "properties": { "settlement_id": "LGD_0541", "name": "Naharani Habi", "district": "Sivasagar", "source": "LGD", "lon": 94.718539327741496, "lat": 27.114480711598809, "elevation_m": 96.268776, "slope_deg": 5.0525131, "profile_curv": -0.00087737379, "plan_curv": -0.10875417, "static_susceptibility": 0.25870361856873247, "susceptibility_tier": "low" }, "geometry": { "type": "Point", "coordinates": [ 94.718539327741496, 27.114480711598809 ] } },
{ "type": "Feature", "properties": { "settlement_id": "LGD_0542", "name": "Rajabari  Bagisa", "district": "Sivasagar", "source": "LGD", "lon": 94.702768802778238, "lat": 27.070292366412573, "elevation_m": 93.323441, "slope_deg": 1.6955793, "profile_curv": 0.00013484414, "plan_curv": 0.026353223, "static_susceptibility": 0.22809898304984766, "susceptibility_tier": "low" }, "geometry": { "type": "Point", "coordinates": [ 94.702768802778238, 27.070292366412573 ] } },
{ "type": "Feature", "properties": { "settlement_id": "LGD_0543", "name": "Japisagiya Gaon", "district": "Sivasagar", "source": "LGD", "lon": 94.693385783923659, "lat": 27.073817770504519, "elevation_m": 95.177887, "slope_deg": 7.4777093, "profile_curv": -0.0017706978, "plan_curv": -0.015614136, "static_susceptibility": 0.26096376033218421, "susceptibility_tier": "low" }, "geometry": { "type": "Point", "coordinates": [ 94.693385783923659, 27.073817770504519 ] } },
{ "type": "Feature", "properties": { "settlement_id": "LGD_0544", "name": "Rajan Bagan", "district": "Sivasagar", "source": "LGD", "lon": 94.7173105639353, "lat": 27.072036460652992, "elevation_m": 92.466599, "slope_deg": 5.1366429, "profile_curv": -0.0026784244, "plan_curv": 0.010802655, "static_susceptibility": 0.24623324611009711, "susceptibility_tier": "low" }, "geometry": { "type": "Point", "coordinates": [ 94.7173105639353, 27.072036460652992 ] } },
{ "type": "Feature", "properties": { "settlement_id": "LGD_0545", "name": " ", "district": "Sivasagar", "source": "LGD", "lon": 94.716352231217542, "lat": 27.045485237095207, "elevation_m": 91.852875, "slope_deg": 3.0948341, "profile_curv": -0.00024243766, "plan_curv": -0.005396646, "static_susceptibility": 0.23762846543536575, "susceptibility_tier": "low" }, "geometry": { "type": "Point", "coordinates": [ 94.716352231217542, 27.045485237095207 ] } },
{ "type": "Feature", "properties": { "settlement_id": "LGD_0546", "name": "Ekoratoli", "district": "Sivasagar", "source": "LGD", "lon": 94.699448006158889, "lat": 27.046834728870181, "elevation_m": 92.46553, "slope_deg": 5.6436849, "profile_curv": -4.447265e-05, "plan_curv": 0.057325736, "static_susceptibility": 0.24357763480903311, "susceptibility_tier": "low" }, "geometry": { "type": "Point", "coordinates": [ 94.699448006158889, 27.046834728870181 ] } },
{ "type": "Feature", "properties": { "settlement_id": "LGD_0547", "name": "Chetia Koiboria", "district": "Sivasagar", "source": "LGD", "lon": 94.697035561164853, "lat": 27.034941994072874, "elevation_m": 90.0, "slope_deg": 9.0490589, "profile_curv": -0.0036140711, "plan_curv": 0.008116887, "static_susceptibility": 0.2658031893477576, "susceptibility_tier": "low" }, "geometry": { "type": "Point", "coordinates": [ 94.697035561164853, 27.034941994072874 ] } },
{ "type": "Feature", "properties": { "settlement_id": "LGD_0548", "name": "Desang Deroi Habi", "district": "Sivasagar", "source": "LGD", "lon": 94.70047825238737, "lat": 27.05908762909166, "elevation_m": 94.059151, "slope_deg": 5.752852, "profile_curv": -0.0057254648, "plan_curv": -0.0029152352, "static_susceptibility": 0.25134463709763988, "susceptibility_tier": "low" }, "geometry": { "type": "Point", "coordinates": [ 94.70047825238737, 27.05908762909166 ] } },
{ "type": "Feature", "properties": { "settlement_id": "LGD_0549", "name": " ", "district": "Sivasagar", "source": "LGD", "lon": 94.66245329818868, "lat": 27.055033793231807, "elevation_m": 91.19545, "slope_deg": 3.9055753, "profile_curv": -0.00011556283, "plan_curv": -0.50440967, "static_susceptibility": 0.29558376330126301, "susceptibility_tier": "low" }, "geometry": { "type": "Point", "coordinates": [ 94.66245329818868, 27.055033793231807 ] } },
{ "type": "Feature", "properties": { "settlement_id": "LGD_0550", "name": "Haluwating", "district": "Sivasagar", "source": "LGD", "lon": 94.667798048051452, "lat": 27.045492305674273, "elevation_m": 98.595161, "slope_deg": 8.5887699, "profile_curv": -0.00037858303, "plan_curv": 0.024914885, "static_susceptibility": 0.26264112116667437, "susceptibility_tier": "low" }, "geometry": { "type": "Point", "coordinates": [ 94.667798048051452, 27.045492305674273 ] } },
{ "type": "Feature", "properties": { "settlement_id": "LGD_0551", "name": "Merbill", "district": "Sivasagar", "source": "LGD", "lon": 94.665651443927132, "lat": 27.035288270129669, "elevation_m": 91.250992, "slope_deg": 3.8546486, "profile_curv": -0.0016050433, "plan_curv": 0.0086028622, "static_susceptibility": 0.23992732286926513, "susceptibility_tier": "low" }, "geometry": { "type": "Point", "coordinates": [ 94.665651443927132, 27.035288270129669 ] } },
{ "type": "Feature", "properties": { "settlement_id": "LGD_0552", "name": "Kotonipar", "district": "Sivasagar", "source": "LGD", "lon": 94.678842091199201, "lat": 27.039738880236332, "elevation_m": 91.354759, "slope_deg": 7.7381988, "profile_curv": 0.00026512152, "plan_curv": 0.086152188, "static_susceptibility": 0.25061840970076543, "susceptibility_tier": "low" }, "geometry": { "type": "Point", "coordinates": [ 94.678842091199201, 27.039738880236332 ] } },
{ "type": "Feature", "properties": { "settlement_id": "LGD_0553", "name": "Luthuri Chetia", "district": "Sivasagar", "source": "LGD", "lon": 94.675799895442054, "lat": 27.024579043588517, "elevation_m": 98.697655, "slope_deg": 6.657095, "profile_curv": -0.0049063223, "plan_curv": -0.031888776, "static_susceptibility": 0.2595702902802402, "susceptibility_tier": "low" }, "geometry": { "type": "Point", "coordinates": [ 94.675799895442054, 27.024579043588517 ] } },
{ "type": "Feature", "properties": { "settlement_id": "LGD_0554", "name": " ", "district": "Sivasagar", "source": "LGD", "lon": 94.674733571871627, "lat": 27.009829330752542, "elevation_m": 90.480873, "slope_deg": 7.8107166, "profile_curv": -0.0094992844, "plan_curv": -0.001725817, "static_susceptibility": 0.26144615554649892, "susceptibility_tier": "low" }, "geometry": { "type": "Point", "coordinates": [ 94.674733571871627, 27.009829330752542 ] } },
{ "type": "Feature", "properties": { "settlement_id": "LGD_0555", "name": "Nimai Jan", "district": "Sivasagar", "source": "LGD", "lon": 94.686635829228152, "lat": 26.999628388578817, "elevation_m": 90.543671, "slope_deg": 0.35749948, "profile_curv": 0.0001141483, "plan_curv": -0.042613808, "static_susceptibility": 0.22822179498962858, "susceptibility_tier": "low" }, "geometry": { "type": "Point", "coordinates": [ 94.686635829228152, 26.999628388578817 ] } },
{ "type": "Feature", "properties": { "settlement_id": "LGD_0556", "name": "Da Gaon", "district": "Sivasagar", "source": "LGD", "lon": 94.703393470131161, "lat": 27.024245533576256, "elevation_m": 91.622139, "slope_deg": 5.7998357, "profile_curv": 5.0719809e-06, "plan_curv": -0.024640637, "static_susceptibility": 0.25267735068666231, "susceptibility_tier": "low" }, "geometry": { "type": "Point", "coordinates": [ 94.703393470131161, 27.024245533576256 ] } },
{ "type": "Feature", "properties": { "settlement_id": "LGD_0557", "name": "Tamuli Phukhuri", "district": "Sivasagar", "source": "LGD", "lon": 94.704788809323546, "lat": 27.012806925048334, "elevation_m": 91.039268, "slope_deg": 4.5987501, "profile_curv": -0.004264568, "plan_curv": -0.041786306, "static_susceptibility": 0.24901401309386795, "susceptibility_tier": "low" }, "geometry": { "type": "Point", "coordinates": [ 94.704788809323546, 27.012806925048334 ] } },
{ "type": "Feature", "properties": { "settlement_id": "LGD_0558", "name": "Gondhia", "district": "Sivasagar", "source": "LGD", "lon": 94.719310161899529, "lat": 27.010422341062007, "elevation_m": 91.310493, "slope_deg": 0.32490101, "profile_curv": -0.00068019913, "plan_curv": -0.082253821, "static_susceptibility": 0.23218315341920526, "susceptibility_tier": "low" }, "geometry": { "type": "Point", "coordinates": [ 94.719310161899529, 27.010422341062007 ] } },
{ "type": "Feature", "properties": { "settlement_id": "LGD_0559", "name": "Mout Gaon", "district": "Sivasagar", "source": "LGD", "lon": 94.731041664421184, "lat": 27.003737384492595, "elevation_m": 93.482178, "slope_deg": 5.4865932, "profile_curv": -0.00068758125, "plan_curv": 0.034154426, "static_susceptibility": 0.24543633874452675, "susceptibility_tier": "low" }, "geometry": { "type": "Point", "coordinates": [ 94.731041664421184, 27.003737384492595 ] } },
{ "type": "Feature", "properties": { "settlement_id": "LGD_0560", "name": "Chengli Bari", "district": "Sivasagar", "source": "LGD", "lon": 94.731803050634952, "lat": 27.018773713896781, "elevation_m": 104.9521, "slope_deg": 10.064525, "profile_curv": 0.010968662, "plan_curv": 0.04031036, "static_susceptibility": 0.26802592674217163, "susceptibility_tier": "low" }, "geometry": { "type": "Point", "coordinates": [ 94.731803050634952, 27.018773713896781 ] } },
{ "type": "Feature", "properties": { "settlement_id": "LGD_0561", "name": "Borpatra Gohain", "district": "Sivasagar", "source": "LGD", "lon": 94.720825607678378, "lat": 27.026981552565967, "elevation_m": 92.570221, "slope_deg": 4.7326126, "profile_curv": -0.0002921125, "plan_curv": 0.062370684, "static_susceptibility": 0.23873567751797189, "susceptibility_tier": "low" }, "geometry": { "type": "Point", "coordinates": [ 94.720825607678378, 27.026981552565967 ] } },
{ "type": "Feature", "properties": { "settlement_id": "LGD_0562", "name": "Khanikar", "district": "Sivasagar", "source": "LGD", "lon": 94.73110213527525, "lat": 27.048998297134759, "elevation_m": 92.26548, "slope_deg": 0.3561945, "profile_curv": -9.5768934e-05, "plan_curv": 0.1099351, "static_susceptibility": 0.21393782204114728, "susceptibility_tier": "low" }, "geometry": { "type": "Point", "coordinates": [ 94.73110213527525, 27.048998297134759 ] } },
{ "type": "Feature", "properties": { "settlement_id": "LGD_0563", "name": "Kumargaon N.C.", "district": "Sivasagar", "source": "LGD", "lon": 94.745167355602618, "lat": 27.032641863500899, "elevation_m": 92.524246, "slope_deg": 6.8360081, "profile_curv": 0.00013829558, "plan_curv": 0.0060199308, "static_susceptibility": 0.25474177737286424, "susceptibility_tier": "low" }, "geometry": { "type": "Point", "coordinates": [ 94.745167355602618, 27.032641863500899 ] } },
{ "type": "Feature", "properties": { "settlement_id": "LGD_0564", "name": "Borapial Habi", "district": "Sivasagar", "source": "LGD", "lon": 94.760560295311166, "lat": 27.044967748938536, "elevation_m": 98.792305, "slope_deg": 6.245719, "profile_curv": -0.0019609551, "plan_curv": -0.029840512, "static_susceptibility": 0.25689544326764263, "susceptibility_tier": "low" }, "geometry": { "type": "Point", "coordinates": [ 94.760560295311166, 27.044967748938536 ] } },
{ "type": "Feature", "properties": { "settlement_id": "LGD_0565", "name": "Fekelani Habi", "district": "Sivasagar", "source": "LGD", "lon": 94.750327421697421, "lat": 27.054144680923809, "elevation_m": 92.295639, "slope_deg": 4.5422616, "profile_curv": 0.0012818497, "plan_curv": 0.15111063, "static_susceptibility": 0.22878439819722432, "susceptibility_tier": "low" }, "geometry": { "type": "Point", "coordinates": [ 94.750327421697421, 27.054144680923809 ] } },
{ "type": "Feature", "properties": { "settlement_id": "LGD_0566", "name": "Deoriting Grant", "district": "Sivasagar", "source": "LGD", "lon": 94.760652318828463, "lat": 27.05496854622249, "elevation_m": 98.683762, "slope_deg": 3.6350076, "profile_curv": 0.0017681316, "plan_curv": 0.0636869, "static_susceptibility": 0.2340905543363094, "susceptibility_tier": "low" }, "geometry": { "type": "Point", "coordinates": [ 94.760652318828463, 27.05496854622249 ] } },
{ "type": "Feature", "properties": { "settlement_id": "LGD_0567", "name": " ", "district": "Sivasagar", "source": "LGD", "lon": 94.768872295310061, "lat": 27.063868836471961, "elevation_m": 92.975342, "slope_deg": 0.52013916, "profile_curv": -9.9028744e-05, "plan_curv": -0.0072251977, "static_susceptibility": 0.225924613545846, "susceptibility_tier": "low" }, "geometry": { "type": "Point", "coordinates": [ 94.768872295310061, 27.063868836471961 ] } },
{ "type": "Feature", "properties": { "settlement_id": "LGD_0568", "name": "Patia Gaon", "district": "Sivasagar", "source": "LGD", "lon": 94.772508274709963, "lat": 27.04347994594438, "elevation_m": 93.300438, "slope_deg": 6.1165075, "profile_curv": -0.00027240551, "plan_curv": -0.38311207, "static_susceptibility": 0.29407779903673031, "susceptibility_tier": "low" }, "geometry": { "type": "Point", "coordinates": [ 94.772508274709963, 27.04347994594438 ] } },
{ "type": "Feature", "properties": { "settlement_id": "LGD_0569", "name": "Chutia Katani", "district": "Sivasagar", "source": "LGD", "lon": 94.777022311527304, "lat": 27.032029611321583, "elevation_m": 93.794762, "slope_deg": 6.7456565, "profile_curv": -0.00060503377, "plan_curv": 0.029632119, "static_susceptibility": 0.25212472763132282, "susceptibility_tier": "low" }, "geometry": { "type": "Point", "coordinates": [ 94.777022311527304, 27.032029611321583 ] } },
{ "type": "Feature", "properties": { "settlement_id": "LGD_0570", "name": "Gohain Gaon", "district": "Sivasagar", "source": "LGD", "lon": 94.778291391425356, "lat": 27.021226046672492, "elevation_m": 93.606613, "slope_deg": 5.1203842, "profile_curv": -0.00095147901, "plan_curv": -0.0233912, "static_susceptibility": 0.24964274662467043, "susceptibility_tier": "low" }, "geometry": { "type": "Point", "coordinates": [ 94.778291391425356, 27.021226046672492 ] } },
{ "type": "Feature", "properties": { "settlement_id": "LGD_0571", "name": "Chutia Katani", "district": "Sivasagar", "source": "LGD", "lon": 94.764409056091424, "lat": 27.017689256455466, "elevation_m": 101.29625, "slope_deg": 5.0685945, "profile_curv": 0.00047096531, "plan_curv": -0.0049385964, "static_susceptibility": 0.24853137031018896, "susceptibility_tier": "low" }, "geometry": { "type": "Point", "coordinates": [ 94.764409056091424, 27.017689256455466 ] } },
{ "type": "Feature", "properties": { "settlement_id": "LGD_0572", "name": "Dihingia", "district": "Sivasagar", "source": "LGD", "lon": 94.75324572646943, "lat": 27.012872428670423, "elevation_m": 92.993309, "slope_deg": 4.0371304, "profile_curv": 9.284346e-05, "plan_curv": 0.039803382, "static_susceptibility": 0.23770789236945342, "susceptibility_tier": "low" }, "geometry": { "type": "Point", "coordinates": [ 94.75324572646943, 27.012872428670423 ] } },
{ "type": "Feature", "properties": { "settlement_id": "LGD_0573", "name": "Barapial", "district": "Sivasagar", "source": "LGD", "lon": 94.775380819746559, "lat": 27.004869153259051, "elevation_m": 94.080147, "slope_deg": 0.30574325, "profile_curv": 0.00015279379, "plan_curv": -0.10667241, "static_susceptibility": 0.23483944234710327, "susceptibility_tier": "low" }, "geometry": { "type": "Point", "coordinates": [ 94.775380819746559, 27.004869153259051 ] } },
{ "type": "Feature", "properties": { "settlement_id": "LGD_0574", "name": " ", "district": "Sivasagar", "source": "LGD", "lon": 94.797851521453069, "lat": 27.019731525212084, "elevation_m": 94.522438, "slope_deg": 7.998354, "profile_curv": -0.0017662102, "plan_curv": 0.0059678676, "static_susceptibility": 0.26118325325337433, "susceptibility_tier": "low" }, "geometry": { "type": "Point", "coordinates": [ 94.797851521453069, 27.019731525212084 ] } },
{ "type": "Feature", "properties": { "settlement_id": "LGD_0575", "name": "Barapial", "district": "Sivasagar", "source": "LGD", "lon": 94.794010701186792, "lat": 27.00742724572553, "elevation_m": 95.034462, "slope_deg": 3.9460075, "profile_curv": -6.8156536e-05, "plan_curv": 0.25383362, "static_susceptibility": 0.21679137519940836, "susceptibility_tier": "low" }, "geometry": { "type": "Point", "coordinates": [ 94.794010701186792, 27.00742724572553 ] } },
{ "type": "Feature", "properties": { "settlement_id": "LGD_0576", "name": " ", "district": "Sivasagar", "source": "LGD", "lon": 94.802804255024199, "lat": 27.001209150578791, "elevation_m": 106.43533, "slope_deg": 8.9561539, "profile_curv": 0.0037813943, "plan_curv": 0.14181465, "static_susceptibility": 0.25282007036437765, "susceptibility_tier": "low" }, "geometry": { "type": "Point", "coordinates": [ 94.802804255024199, 27.001209150578791 ] } },
{ "type": "Feature", "properties": { "settlement_id": "LGD_0577", "name": "Dihingia Konwar", "district": "Charaideo", "source": "LGD", "lon": 94.836123145109042, "lat": 27.007767927708876, "elevation_m": 96.251366, "slope_deg": 1.0331399, "profile_curv": 7.0809524e-06, "plan_curv": -0.090189584, "static_susceptibility": 0.23699414701140734, "susceptibility_tier": "low" }, "geometry": { "type": "Point", "coordinates": [ 94.836123145109042, 27.007767927708876 ] } },
{ "type": "Feature", "properties": { "settlement_id": "LGD_0578", "name": "Barbhuyan Gaon", "district": "Charaideo", "source": "LGD", "lon": 94.836692823090516, "lat": 27.024100521222714, "elevation_m": 105.60056, "slope_deg": 8.7988005, "profile_curv": 0.003944668, "plan_curv": 0.033370391, "static_susceptibility": 0.26337981560665447, "susceptibility_tier": "low" }, "geometry": { "type": "Point", "coordinates": [ 94.836692823090516, 27.024100521222714 ] } },
{ "type": "Feature", "properties": { "settlement_id": "LGD_0579", "name": " ", "district": "Sivasagar", "source": "LGD", "lon": 94.818017976643802, "lat": 27.027642706395444, "elevation_m": 104.70166, "slope_deg": 6.8498459, "profile_curv": 0.0071524344, "plan_curv": 0.0039716442, "static_susceptibility": 0.2560809003400934, "susceptibility_tier": "low" }, "geometry": { "type": "Point", "coordinates": [ 94.818017976643802, 27.027642706395444 ] } },
{ "type": "Feature", "properties": { "settlement_id": "LGD_0580", "name": "Farbandhia Kahar", "district": "Sivasagar", "source": "LGD", "lon": 94.811045371247474, "lat": 27.017647727428301, "elevation_m": 95.415375, "slope_deg": 0.27795473, "profile_curv": -9.0205533e-05, "plan_curv": -0.055395909, "static_susceptibility": 0.22987588379757262, "susceptibility_tier": "low" }, "geometry": { "type": "Point", "coordinates": [ 94.811045371247474, 27.017647727428301 ] } },
{ "type": "Feature", "properties": { "settlement_id": "LGD_0581", "name": "Boreodhai", "district": "Sivasagar", "source": "LGD", "lon": 94.815746491986246, "lat": 27.0443490515548, "elevation_m": 95.255905, "slope_deg": 1.0487888, "profile_curv": 0.00035213865, "plan_curv": 0.19768159, "static_susceptibility": 0.20923595364234918, "susceptibility_tier": "low" }, "geometry": { "type": "Point", "coordinates": [ 94.815746491986246, 27.0443490515548 ] } },
{ "type": "Feature", "properties": { "settlement_id": "LGD_0582", "name": "Kataky Papang", "district": "Charaideo", "source": "LGD", "lon": 94.834293968506401, "lat": 27.035421240360506, "elevation_m": 95.771667, "slope_deg": 0.29769835, "profile_curv": -0.0004596526, "plan_curv": -0.40455744, "static_susceptibility": 0.26613323479332457, "susceptibility_tier": "low" }, "geometry": { "type": "Point", "coordinates": [ 94.834293968506401, 27.035421240360506 ] } },
{ "type": "Feature", "properties": { "settlement_id": "LGD_0583", "name": "Lai Peleng", "district": "Charaideo", "source": "LGD", "lon": 94.834362530616275, "lat": 27.048962547344463, "elevation_m": 95.627991, "slope_deg": 4.3556323, "profile_curv": -0.00026523878, "plan_curv": -0.0033605592, "static_susceptibility": 0.24407815438392241, "susceptibility_tier": "low" }, "geometry": { "type": "Point", "coordinates": [ 94.834362530616275, 27.048962547344463 ] } },
{ "type": "Feature", "properties": { "settlement_id": "LGD_0584", "name": "Japishajia Deodhai", "district": "Sivasagar", "source": "LGD", "lon": 94.810959784378753, "lat": 27.06289415026065, "elevation_m": 94.60125, "slope_deg": 5.2994747, "profile_curv": -0.0020088386, "plan_curv": -0.0034395328, "static_susceptibility": 0.24875591596432015, "susceptibility_tier": "low" }, "geometry": { "type": "Point", "coordinates": [ 94.810959784378753, 27.06289415026065 ] } },
{ "type": "Feature", "properties": { "settlement_id": "LGD_0585", "name": "Mahkhuti Grant", "district": "Sivasagar", "source": "LGD", "lon": 94.797906613898448, "lat": 27.046347864535292, "elevation_m": 98.772011, "slope_deg": 5.3062954, "profile_curv": -0.0052845599, "plan_curv": -0.006599281, "static_susceptibility": 0.2502330312496861, "susceptibility_tier": "low" }, "geometry": { "type": "Point", "coordinates": [ 94.797906613898448, 27.046347864535292 ] } },
{ "type": "Feature", "properties": { "settlement_id": "LGD_0586", "name": "Dimoru Guriya", "district": "Sivasagar", "source": "LGD", "lon": 94.794028709051474, "lat": 27.032032475675912, "elevation_m": 93.896751, "slope_deg": 6.4370055, "profile_curv": -0.0026527443, "plan_curv": 0.0020777686, "static_susceptibility": 0.25377300850004564, "susceptibility_tier": "low" }, "geometry": { "type": "Point", "coordinates": [ 94.794028709051474, 27.032032475675912 ] } },
{ "type": "Feature", "properties": { "settlement_id": "LGD_0587", "name": "Bhokat", "district": "Sivasagar", "source": "LGD", "lon": 94.781967268972835, "lat": 27.050222382637301, "elevation_m": 111.45305, "slope_deg": 9.6203833, "profile_curv": 0.0011326334, "plan_curv": 0.0091403667, "static_susceptibility": 0.27162818534842631, "susceptibility_tier": "low" }, "geometry": { "type": "Point", "coordinates": [ 94.781967268972835, 27.050222382637301 ] } },
{ "type": "Feature", "properties": { "settlement_id": "LGD_0588", "name": "Ketela Chowa", "district": "Sivasagar", "source": "LGD", "lon": 94.780947525479149, "lat": 27.079060322020663, "elevation_m": 95.87278, "slope_deg": 3.8822567, "profile_curv": -0.0015303199, "plan_curv": 0.0074823489, "static_susceptibility": 0.24089512196786469, "susceptibility_tier": "low" }, "geometry": { "type": "Point", "coordinates": [ 94.780947525479149, 27.079060322020663 ] } },
{ "type": "Feature", "properties": { "settlement_id": "LGD_0589", "name": "Deroi Habi", "district": "Sivasagar", "source": "LGD", "lon": 94.786384927049554, "lat": 27.091445761450977, "elevation_m": 93.550224, "slope_deg": 3.0570211, "profile_curv": 8.6510612e-05, "plan_curv": -0.12525527, "static_susceptibility": 0.24992210892866018, "susceptibility_tier": "low" }, "geometry": { "type": "Point", "coordinates": [ 94.786384927049554, 27.091445761450977 ] } },
{ "type": "Feature", "properties": { "settlement_id": "LGD_0590", "name": "Amulaguri Bagisa", "district": "Sivasagar", "source": "LGD", "lon": 94.804688443796891, "lat": 27.087772405728057, "elevation_m": 97.383522, "slope_deg": 2.6545742, "profile_curv": -0.00082699297, "plan_curv": -0.032852229, "static_susceptibility": 0.23923933375095391, "susceptibility_tier": "low" }, "geometry": { "type": "Point", "coordinates": [ 94.804688443796891, 27.087772405728057 ] } },
{ "type": "Feature", "properties": { "settlement_id": "LGD_0591", "name": "Mahkhuti Grant", "district": "Sivasagar", "source": "LGD", "lon": 94.79332796760373, "lat": 27.068152791563104, "elevation_m": 96.725983, "slope_deg": 6.2011247, "profile_curv": 0.00048636144, "plan_curv": 0.0044957409, "static_susceptibility": 0.25238784941156656, "susceptibility_tier": "low" }, "geometry": { "type": "Point", "coordinates": [ 94.79332796760373, 27.068152791563104 ] } },
{ "type": "Feature", "properties": { "settlement_id": "LGD_0592", "name": "Rukang Grant", "district": "Charaideo", "source": "LGD", "lon": 94.835029820149074, "lat": 27.063266765607626, "elevation_m": 97.927345, "slope_deg": 8.0932379, "profile_curv": 0.00049062679, "plan_curv": 0.16859812, "static_susceptibility": 0.24486929528531715, "susceptibility_tier": "low" }, "geometry": { "type": "Point", "coordinates": [ 94.835029820149074, 27.063266765607626 ] } },
{ "type": "Feature", "properties": { "settlement_id": "LGD_0593", "name": "Shatgharia", "district": "Sivasagar", "source": "LGD", "lon": 94.822267913753947, "lat": 27.082799040968933, "elevation_m": 100.1225, "slope_deg": 4.1735959, "profile_curv": 0.0013183923, "plan_curv": 0.028029526, "static_susceptibility": 0.24051271053795795, "susceptibility_tier": "low" }, "geometry": { "type": "Point", "coordinates": [ 94.822267913753947, 27.082799040968933 ] } },
{ "type": "Feature", "properties": { "settlement_id": "LGD_0594", "name": "Bhaluka Guri", "district": "Sivasagar", "source": "LGD", "lon": 94.809868229421213, "lat": 27.107055511337368, "elevation_m": 97.493782, "slope_deg": 3.3087773, "profile_curv": -0.00039349767, "plan_curv": -0.16776048, "static_susceptibility": 0.25633861331879731, "susceptibility_tier": "low" }, "geometry": { "type": "Point", "coordinates": [ 94.809868229421213, 27.107055511337368 ] } },
{ "type": "Feature", "properties": { "settlement_id": "LGD_0595", "name": "Bhaluka Guri", "district": "Sivasagar", "source": "LGD", "lon": 94.805666477449208, "lat": 27.113565280452487, "elevation_m": 97.460197, "slope_deg": 1.5303774, "profile_curv": -0.00027127023, "plan_curv": -0.013479184, "static_susceptibility": 0.23192836361518857, "susceptibility_tier": "low" }, "geometry": { "type": "Point", "coordinates": [ 94.805666477449208, 27.113565280452487 ] } },
{ "type": "Feature", "properties": { "settlement_id": "LGD_0596", "name": "Kathal Guri Block", "district": "Sivasagar", "source": "LGD", "lon": 94.804209963110054, "lat": 27.106625191056072, "elevation_m": 95.054749, "slope_deg": 6.2000203, "profile_curv": -0.0024085985, "plan_curv": -0.0081222998, "static_susceptibility": 0.25382226314473094, "susceptibility_tier": "low" }, "geometry": { "type": "Point", "coordinates": [ 94.804209963110054, 27.106625191056072 ] } },
{ "type": "Feature", "properties": { "settlement_id": "LGD_0597", "name": "Barbam Block", "district": "Sivasagar", "source": "LGD", "lon": 94.805690621672142, "lat": 27.100286412989512, "elevation_m": 100.4119, "slope_deg": 5.0423927, "profile_curv": 0.00094043103, "plan_curv": 0.16403431, "static_susceptibility": 0.23113086376242234, "susceptibility_tier": "low" }, "geometry": { "type": "Point", "coordinates": [ 94.805690621672142, 27.100286412989512 ] } },
{ "type": "Feature", "properties": { "settlement_id": "LGD_0598", "name": "Kathalbari", "district": "Sivasagar", "source": "LGD", "lon": 94.786007008559139, "lat": 27.112512344161832, "elevation_m": 95.221008, "slope_deg": 3.0605023, "profile_curv": -0.0011318473, "plan_curv": 0.013463938, "static_susceptibility": 0.23621773771688753, "susceptibility_tier": "low" }, "geometry": { "type": "Point", "coordinates": [ 94.786007008559139, 27.112512344161832 ] } },
{ "type": "Feature", "properties": { "settlement_id": "LGD_0599", "name": "Chandamonda Changmai", "district": "Sivasagar", "source": "LGD", "lon": 94.759079030315206, "lat": 27.110809621263908, "elevation_m": 94.154732, "slope_deg": 4.3120441, "profile_curv": -0.0022143044, "plan_curv": -0.013485485, "static_susceptibility": 0.24492510117691307, "susceptibility_tier": "low" }, "geometry": { "type": "Point", "coordinates": [ 94.759079030315206, 27.110809621263908 ] } },
{ "type": "Feature", "properties": { "settlement_id": "LGD_0600", "name": "Khongia Grant", "district": "Sivasagar", "source": "LGD", "lon": 94.777240553139137, "lat": 27.100695397570835, "elevation_m": 98.100113, "slope_deg": 3.4774997, "profile_curv": -0.000440134, "plan_curv": 0.02407214, "static_susceptibility": 0.23749614941605179, "susceptibility_tier": "low" }, "geometry": { "type": "Point", "coordinates": [ 94.777240553139137, 27.100695397570835 ] } },
{ "type": "Feature", "properties": { "settlement_id": "LGD_0601", "name": "Mashoi", "district": "Sivasagar", "source": "LGD", "lon": 94.762700519066726, "lat": 27.079109339077778, "elevation_m": 91.995132, "slope_deg": 5.1887603, "profile_curv": -0.00039694743, "plan_curv": -0.10072627, "static_susceptibility": 0.25776106217496042, "susceptibility_tier": "low" }, "geometry": { "type": "Point", "coordinates": [ 94.762700519066726, 27.079109339077778 ] } },
{ "type": "Feature", "properties": { "settlement_id": "LGD_0602", "name": "Hiloidari", "district": "Sivasagar", "source": "LGD", "lon": 94.741896786681409, "lat": 27.086763762899768, "elevation_m": 93.692039, "slope_deg": 5.4247289, "profile_curv": 0.00016362508, "plan_curv": -0.11967383, "static_susceptibility": 0.2611761239439877, "susceptibility_tier": "low" }, "geometry": { "type": "Point", "coordinates": [ 94.741896786681409, 27.086763762899768 ] } },
{ "type": "Feature", "properties": { "settlement_id": "LGD_0603", "name": "Barderoi", "district": "Sivasagar", "source": "LGD", "lon": 94.746464596518877, "lat": 27.064717627257078, "elevation_m": 95.997795, "slope_deg": 3.9218464, "profile_curv": -0.00060897472, "plan_curv": -0.18310504, "static_susceptibility": 0.26083774811298072, "susceptibility_tier": "low" }, "geometry": { "type": "Point", "coordinates": [ 94.746464596518877, 27.064717627257078 ] } },
{ "type": "Feature", "properties": { "settlement_id": "LGD_0604", "name": "Saru Deroi", "district": "Sivasagar", "source": "LGD", "lon": 94.731324569478787, "lat": 27.066501016333159, "elevation_m": 98.890724, "slope_deg": 5.2444668, "profile_curv": -0.00077448896, "plan_curv": 0.16875307, "static_susceptibility": 0.23159298910268936, "susceptibility_tier": "low" }, "geometry": { "type": "Point", "coordinates": [ 94.731324569478787, 27.066501016333159 ] } },
{ "type": "Feature", "properties": { "settlement_id": "LGD_0605", "name": "Rajmai Grant", "district": "Sivasagar", "source": "LGD", "lon": 94.719535259230767, "lat": 27.087434951107486, "elevation_m": 94.407249, "slope_deg": 2.8087969, "profile_curv": -0.0034189315, "plan_curv": -0.024770537, "static_susceptibility": 0.2390287771484513, "susceptibility_tier": "low" }, "geometry": { "type": "Point", "coordinates": [ 94.719535259230767, 27.087434951107486 ] } },
{ "type": "Feature", "properties": { "settlement_id": "LGD_0606", "name": "Bangali Gaon", "district": "Sivasagar", "source": "LGD", "lon": 94.72837671815283, "lat": 27.102407850312332, "elevation_m": 93.059143, "slope_deg": 3.707726, "profile_curv": -0.001089076, "plan_curv": -0.0095472839, "static_susceptibility": 0.2412799155538638, "susceptibility_tier": "low" }, "geometry": { "type": "Point", "coordinates": [ 94.72837671815283, 27.102407850312332 ] } },
{ "type": "Feature", "properties": { "settlement_id": "LGD_0607", "name": "Athabari Grant", "district": "Sivasagar", "source": "LGD", "lon": 94.742928118993191, "lat": 27.100511595689724, "elevation_m": 97.370522, "slope_deg": 3.1516066, "profile_curv": -0.0014968642, "plan_curv": 0.02214741, "static_susceptibility": 0.23616413130299094, "susceptibility_tier": "low" }, "geometry": { "type": "Point", "coordinates": [ 94.742928118993191, 27.100511595689724 ] } },
{ "type": "Feature", "properties": { "settlement_id": "LGD_0608", "name": "Kaliyapani Grant", "district": "Sivasagar", "source": "LGD", "lon": 94.735455576290633, "lat": 27.113912634200183, "elevation_m": 92.941444, "slope_deg": 7.0008974, "profile_curv": -0.00071745971, "plan_curv": -0.27597558, "static_susceptibility": 0.2866264266945146, "susceptibility_tier": "low" }, "geometry": { "type": "Point", "coordinates": [ 94.735455576290633, 27.113912634200183 ] } },
{ "type": "Feature", "properties": { "settlement_id": "LGD_0609", "name": " ", "district": "Sivasagar", "source": "LGD", "lon": 94.727109870112969, "lat": 27.123752710321924, "elevation_m": 96.08474, "slope_deg": 4.9913545, "profile_curv": -0.00030972273, "plan_curv": 0.011171734, "static_susceptibility": 0.24575516281815324, "susceptibility_tier": "low" }, "geometry": { "type": "Point", "coordinates": [ 94.727109870112969, 27.123752710321924 ] } },
{ "type": "Feature", "properties": { "settlement_id": "LGD_0610", "name": "Bhekelai", "district": "Sivasagar", "source": "LGD", "lon": 94.722136807179183, "lat": 27.131782090975438, "elevation_m": 91.908539, "slope_deg": 2.8300126, "profile_curv": 0.00051089394, "plan_curv": -0.027779713, "static_susceptibility": 0.23852893018410079, "susceptibility_tier": "low" }, "geometry": { "type": "Point", "coordinates": [ 94.722136807179183, 27.131782090975438 ] } },
{ "type": "Feature", "properties": { "settlement_id": "LGD_0611", "name": "Gamiri", "district": "Sivasagar", "source": "LGD", "lon": 94.731367464248748, "lat": 27.149960085588162, "elevation_m": 102.21186, "slope_deg": 7.4940619, "profile_curv": 0.0067279637, "plan_curv": 0.0089383014, "static_susceptibility": 0.25843344900831666, "susceptibility_tier": "low" }, "geometry": { "type": "Point", "coordinates": [ 94.731367464248748, 27.149960085588162 ] } },
{ "type": "Feature", "properties": { "settlement_id": "LGD_0612", "name": "Kenduguri", "district": "Sivasagar", "source": "LGD", "lon": 94.736895971110755, "lat": 27.138437358955485, "elevation_m": 92.318825, "slope_deg": 6.9311852, "profile_curv": -0.0025366829, "plan_curv": -4.5623805e-05, "static_susceptibility": 0.25618677922042671, "susceptibility_tier": "low" }, "geometry": { "type": "Point", "coordinates": [ 94.736895971110755, 27.138437358955485 ] } },
{ "type": "Feature", "properties": { "settlement_id": "LGD_0613", "name": "Raichai", "district": "Sivasagar", "source": "LGD", "lon": 94.744980807661136, "lat": 27.129973171397424, "elevation_m": 97.145737, "slope_deg": 4.5126781, "profile_curv": -0.0023982045, "plan_curv": 0.02502075, "static_susceptibility": 0.24246364638456963, "susceptibility_tier": "low" }, "geometry": { "type": "Point", "coordinates": [ 94.744980807661136, 27.129973171397424 ] } },
{ "type": "Feature", "properties": { "settlement_id": "LGD_0614", "name": "Dehajan Habi", "district": "Sivasagar", "source": "LGD", "lon": 94.762434359413135, "lat": 27.12509496069584, "elevation_m": 94.137817, "slope_deg": 4.4402304, "profile_curv": -8.7799657e-05, "plan_curv": -0.12937789, "static_susceptibility": 0.25735211800923602, "susceptibility_tier": "low" }, "geometry": { "type": "Point", "coordinates": [ 94.762434359413135, 27.12509496069584 ] } },
{ "type": "Feature", "properties": { "settlement_id": "LGD_0615", "name": "Sukan Pukhuri", "district": "Sivasagar", "source": "LGD", "lon": 94.752564522468305, "lat": 27.154724605284745, "elevation_m": 93.564331, "slope_deg": 3.5021327, "profile_curv": 0.00014406448, "plan_curv": 0.02163652, "static_susceptibility": 0.23707041409736287, "susceptibility_tier": "low" }, "geometry": { "type": "Point", "coordinates": [ 94.752564522468305, 27.154724605284745 ] } },
{ "type": "Feature", "properties": { "settlement_id": "LGD_0616", "name": "Deodubi", "district": "Sivasagar", "source": "LGD", "lon": 94.757285995572502, "lat": 27.165875023560801, "elevation_m": 93.787506, "slope_deg": 0.31106073, "profile_curv": -0.00026103359, "plan_curv": -0.0077478793, "static_susceptibility": 0.22515920968046321, "susceptibility_tier": "low" }, "geometry": { "type": "Point", "coordinates": [ 94.757285995572502, 27.165875023560801 ] } },
{ "type": "Feature", "properties": { "settlement_id": "LGD_0617", "name": "Dopani Pathar", "district": "Sivasagar", "source": "LGD", "lon": 94.76292652692976, "lat": 27.17619279971813, "elevation_m": 96.299988, "slope_deg": 5.0044222, "profile_curv": -0.0036710519, "plan_curv": 0.011669314, "static_susceptibility": 0.24624799650986778, "susceptibility_tier": "low" }, "geometry": { "type": "Point", "coordinates": [ 94.76292652692976, 27.17619279971813 ] } },
{ "type": "Feature", "properties": { "settlement_id": "LGD_0618", "name": "Bandarmari", "district": "Sivasagar", "source": "LGD", "lon": 94.739280004650226, "lat": 27.179416064398676, "elevation_m": 93.279556, "slope_deg": 4.7512836, "profile_curv": 4.1100888e-05, "plan_curv": 0.0047606872, "static_susceptibility": 0.24474934978066315, "susceptibility_tier": "low" }, "geometry": { "type": "Point", "coordinates": [ 94.739280004650226, 27.179416064398676 ] } },
{ "type": "Feature", "properties": { "settlement_id": "LGD_0619", "name": "Nahatgaraimari", "district": "Sivasagar", "source": "LGD", "lon": 94.738757438743065, "lat": 27.168647147425101, "elevation_m": 93.775879, "slope_deg": 4.902225, "profile_curv": -0.00042760075, "plan_curv": 0.018032923, "static_susceptibility": 0.2442637613935511, "susceptibility_tier": "low" }, "geometry": { "type": "Point", "coordinates": [ 94.738757438743065, 27.168647147425101 ] } },
{ "type": "Feature", "properties": { "settlement_id": "LGD_0620", "name": "Chakala Pathar", "district": "Sivasagar", "source": "LGD", "lon": 94.725360187270581, "lat": 27.161074458104093, "elevation_m": 98.696701, "slope_deg": 6.9429994, "profile_curv": -0.0082262987, "plan_curv": -0.011795443, "static_susceptibility": 0.25932850359512027, "susceptibility_tier": "low" }, "geometry": { "type": "Point", "coordinates": [ 94.725360187270581, 27.161074458104093 ] } },
{ "type": "Feature", "properties": { "settlement_id": "LGD_0621", "name": " ", "district": "Sivasagar", "source": "LGD", "lon": 94.721204511131162, "lat": 27.170260021705179, "elevation_m": 92.62146, "slope_deg": 2.4834626, "profile_curv": 0.00053293031, "plan_curv": 0.11327178, "static_susceptibility": 0.22313896657779772, "susceptibility_tier": "low" }, "geometry": { "type": "Point", "coordinates": [ 94.721204511131162, 27.170260021705179 ] } },
{ "type": "Feature", "properties": { "settlement_id": "LGD_0622", "name": " ", "district": "Sivasagar", "source": "LGD", "lon": 94.728845199591277, "lat": 27.183675152357132, "elevation_m": 92.82225, "slope_deg": 3.3667834, "profile_curv": 0.00026792512, "plan_curv": 0.52206171, "static_susceptibility": 0.18991651836566087, "susceptibility_tier": "low" }, "geometry": { "type": "Point", "coordinates": [ 94.728845199591277, 27.183675152357132 ] } },
{ "type": "Feature", "properties": { "settlement_id": "LGD_0623", "name": "Bandarmari", "district": "Sivasagar", "source": "LGD", "lon": 94.723825986177474, "lat": 27.194633067916318, "elevation_m": 92.785713, "slope_deg": 4.9049349, "profile_curv": -0.00095235091, "plan_curv": -0.016718391, "static_susceptibility": 0.2477612386421266, "susceptibility_tier": "low" }, "geometry": { "type": "Point", "coordinates": [ 94.723825986177474, 27.194633067916318 ] } },
{ "type": "Feature", "properties": { "settlement_id": "LGD_0624", "name": "Garbhanga", "district": "Sivasagar", "source": "LGD", "lon": 94.746435045835923, "lat": 27.18994564273336, "elevation_m": 93.177193, "slope_deg": 4.9343228, "profile_curv": -0.00043581295, "plan_curv": -0.029517971, "static_susceptibility": 0.24922505694490185, "susceptibility_tier": "low" }, "geometry": { "type": "Point", "coordinates": [ 94.746435045835923, 27.18994564273336 ] } },
{ "type": "Feature", "properties": { "settlement_id": "LGD_0625", "name": " ", "district": "Sivasagar", "source": "LGD", "lon": 94.735576955905429, "lat": 27.200560414148793, "elevation_m": 92.770615, "slope_deg": 1.9616977, "profile_curv": -0.00036978506, "plan_curv": -0.1334894, "static_susceptibility": 0.24534752126844403, "susceptibility_tier": "low" }, "geometry": { "type": "Point", "coordinates": [ 94.735576955905429, 27.200560414148793 ] } },
{ "type": "Feature", "properties": { "settlement_id": "LGD_0626", "name": "Paraliguri", "district": "Sivasagar", "source": "LGD", "lon": 94.736202579147502, "lat": 27.212083935996954, "elevation_m": 450.0, "slope_deg": 0.0, "profile_curv": 0.0, "plan_curv": 0.0, "static_susceptibility": 0.28096200578475433, "susceptibility_tier": "low" }, "geometry": { "type": "Point", "coordinates": [ 94.736202579147502, 27.212083935996954 ] } },
{ "type": "Feature", "properties": { "settlement_id": "LGD_0627", "name": "Pahukhowa Doloni", "district": "Sivasagar", "source": "LGD", "lon": 94.723149043912699, "lat": 27.209185068241457, "elevation_m": 93.338486, "slope_deg": 3.9882431, "profile_curv": -0.0044272481, "plan_curv": 0.012189291, "static_susceptibility": 0.24090391887651921, "susceptibility_tier": "low" }, "geometry": { "type": "Point", "coordinates": [ 94.723149043912699, 27.209185068241457 ] } },
{ "type": "Feature", "properties": { "settlement_id": "LGD_0628", "name": " ", "district": "Sivasagar", "source": "LGD", "lon": 94.734036352667658, "lat": 27.220166182653344, "elevation_m": 94.255264, "slope_deg": 6.0793605, "profile_curv": 0.00027320304, "plan_curv": 0.18457299, "static_susceptibility": 0.23308948728980752, "susceptibility_tier": "low" }, "geometry": { "type": "Point", "coordinates": [ 94.734036352667658, 27.220166182653344 ] } },
{ "type": "Feature", "properties": { "settlement_id": "LGD_0629", "name": "Gohain Pukhuri", "district": "Sivasagar", "source": "LGD", "lon": 94.723726067302323, "lat": 27.228590495456345, "elevation_m": 100.55434, "slope_deg": 6.2112741, "profile_curv": -0.0017156343, "plan_curv": -0.026027877, "static_susceptibility": 0.25657744703871754, "susceptibility_tier": "low" }, "geometry": { "type": "Point", "coordinates": [ 94.723726067302323, 27.228590495456345 ] } },
{ "type": "Feature", "properties": { "settlement_id": "LGD_0630", "name": "Miripathar", "district": "Sivasagar", "source": "LGD", "lon": 94.723920772249627, "lat": 27.243052139901291, "elevation_m": 450.0, "slope_deg": 0.0, "profile_curv": 0.0, "plan_curv": 0.0, "static_susceptibility": 0.28096200578475433, "susceptibility_tier": "low" }, "geometry": { "type": "Point", "coordinates": [ 94.723920772249627, 27.243052139901291 ] } },
{ "type": "Feature", "properties": { "settlement_id": "LGD_0631", "name": "Ahom Pathar", "district": "Sivasagar", "source": "LGD", "lon": 94.734226518567752, "lat": 27.241152770085023, "elevation_m": 450.0, "slope_deg": 0.0, "profile_curv": 0.0, "plan_curv": 0.0, "static_susceptibility": 0.28096200578475433, "susceptibility_tier": "low" }, "geometry": { "type": "Point", "coordinates": [ 94.734226518567752, 27.241152770085023 ] } },
{ "type": "Feature", "properties": { "settlement_id": "LGD_0632", "name": "Bhatgaj", "district": "Sivasagar", "source": "LGD", "lon": 94.743731757008092, "lat": 27.234871780754041, "elevation_m": 97.915955, "slope_deg": 9.0787535, "profile_curv": -0.00096658722, "plan_curv": 0.10597573, "static_susceptibility": 0.25644502532267066, "susceptibility_tier": "low" }, "geometry": { "type": "Point", "coordinates": [ 94.743731757008092, 27.234871780754041 ] } },
{ "type": "Feature", "properties": { "settlement_id": "LGD_0633", "name": "Dihingia", "district": "Sivasagar", "source": "LGD", "lon": 94.750473752268078, "lat": 27.221375623260688, "elevation_m": 450.0, "slope_deg": 0.0, "profile_curv": 0.0, "plan_curv": 0.0, "static_susceptibility": 0.28096200578475433, "susceptibility_tier": "low" }, "geometry": { "type": "Point", "coordinates": [ 94.750473752268078, 27.221375623260688 ] } },
{ "type": "Feature", "properties": { "settlement_id": "LGD_0634", "name": "Garukhuti", "district": "Sivasagar", "source": "LGD", "lon": 94.76105354137556, "lat": 27.236581117559989, "elevation_m": 99.234978, "slope_deg": 7.0350308, "profile_curv": -0.0022572628, "plan_curv": -0.014217033, "static_susceptibility": 0.25932067575686851, "susceptibility_tier": "low" }, "geometry": { "type": "Point", "coordinates": [ 94.76105354137556, 27.236581117559989 ] } },
{ "type": "Feature", "properties": { "settlement_id": "LGD_0635", "name": " ", "district": "Sivasagar", "source": "LGD", "lon": 94.773201334510318, "lat": 27.239073172654599, "elevation_m": 98.076027, "slope_deg": 1.6838562, "profile_curv": -0.00010466576, "plan_curv": -0.070904523, "static_susceptibility": 0.23845487186372893, "susceptibility_tier": "low" }, "geometry": { "type": "Point", "coordinates": [ 94.773201334510318, 27.239073172654599 ] } },
{ "type": "Feature", "properties": { "settlement_id": "LGD_0636", "name": "Dowarichiga", "district": "Sivasagar", "source": "LGD", "lon": 94.763904543356148, "lat": 27.216637809262341, "elevation_m": 99.868721, "slope_deg": 6.2940307, "profile_curv": 0.00068205217, "plan_curv": -0.077158853, "static_susceptibility": 0.26199606677098297, "susceptibility_tier": "low" }, "geometry": { "type": "Point", "coordinates": [ 94.763904543356148, 27.216637809262341 ] } },
{ "type": "Feature", "properties": { "settlement_id": "LGD_0637", "name": "Nitai Pukhuri Gaon", "district": "Sivasagar", "source": "LGD", "lon": 94.754177287624969, "lat": 27.205059477194002, "elevation_m": 98.06263, "slope_deg": 7.4823451, "profile_curv": 0.0012451168, "plan_curv": 0.026120629, "static_susceptibility": 0.25661476850006781, "susceptibility_tier": "low" }, "geometry": { "type": "Point", "coordinates": [ 94.754177287624969, 27.205059477194002 ] } },
{ "type": "Feature", "properties": { "settlement_id": "LGD_0638", "name": "Bagali Pathar", "district": "Sivasagar", "source": "LGD", "lon": 94.757428952592548, "lat": 27.196378835914025, "elevation_m": 94.721031, "slope_deg": 3.6577222, "profile_curv": 0.00028646589, "plan_curv": 0.02863791, "static_susceptibility": 0.23727047418878774, "susceptibility_tier": "low" }, "geometry": { "type": "Point", "coordinates": [ 94.757428952592548, 27.196378835914025 ] } },
{ "type": "Feature", "properties": { "settlement_id": "LGD_0639", "name": "Bogpara", "district": "Sivasagar", "source": "LGD", "lon": 94.766671080100764, "lat": 27.189967294780811, "elevation_m": 97.700745, "slope_deg": 5.931849, "profile_curv": 0.0009593243, "plan_curv": 0.0081257895, "static_susceptibility": 0.25077262744523221, "susceptibility_tier": "low" }, "geometry": { "type": "Point", "coordinates": [ 94.766671080100764, 27.189967294780811 ] } },
{ "type": "Feature", "properties": { "settlement_id": "LGD_0640", "name": "Baputigarh", "district": "Sivasagar", "source": "LGD", "lon": 94.772311416790089, "lat": 27.201044866449482, "elevation_m": 94.093796, "slope_deg": 7.6100564, "profile_curv": 0.00012113027, "plan_curv": 0.02200908, "static_susceptibility": 0.25718689581578719, "susceptibility_tier": "low" }, "geometry": { "type": "Point", "coordinates": [ 94.772311416790089, 27.201044866449482 ] } },
{ "type": "Feature", "properties": { "settlement_id": "LGD_0641", "name": "Sukan Pukhuri", "district": "Charaideo", "source": "LGD", "lon": 94.866162006311228, "lat": 27.125016591006094, "elevation_m": 99.339668, "slope_deg": 3.9595282, "profile_curv": 0.0021036849, "plan_curv": 0.018659052, "static_susceptibility": 0.24020827387868965, "susceptibility_tier": "low" }, "geometry": { "type": "Point", "coordinates": [ 94.866162006311228, 27.125016591006094 ] } },
{ "type": "Feature", "properties": { "settlement_id": "LGD_0642", "name": "Khatkhoti Bagicha", "district": "Charaideo", "source": "LGD", "lon": 94.882284802187584, "lat": 27.141373230313334, "elevation_m": 98.678612, "slope_deg": 2.9476256, "profile_curv": -0.0030692546, "plan_curv": -0.039265864, "static_susceptibility": 0.24179283331017246, "susceptibility_tier": "low" }, "geometry": { "type": "Point", "coordinates": [ 94.882284802187584, 27.141373230313334 ] } },
{ "type": "Feature", "properties": { "settlement_id": "LGD_0643", "name": "Domar Dolong Gaon", "district": "Charaideo", "source": "LGD", "lon": 94.946410087552138, "lat": 27.205220345080523, "elevation_m": 450.0, "slope_deg": 0.0, "profile_curv": 0.0, "plan_curv": 0.0, "static_susceptibility": 0.28096200578475433, "susceptibility_tier": "low" }, "geometry": { "type": "Point", "coordinates": [ 94.946410087552138, 27.205220345080523 ] } },
{ "type": "Feature", "properties": { "settlement_id": "LGD_0644", "name": "Amguri Gaon", "district": "Charaideo", "source": "LGD", "lon": 94.933582705799964, "lat": 27.191453233170009, "elevation_m": 107.12472, "slope_deg": 6.9080739, "profile_curv": 0.0010921462, "plan_curv": -0.0095139323, "static_susceptibility": 0.25903324761608199, "susceptibility_tier": "low" }, "geometry": { "type": "Point", "coordinates": [ 94.933582705799964, 27.191453233170009 ] } },
{ "type": "Feature", "properties": { "settlement_id": "LGD_0645", "name": " ", "district": "Charaideo", "source": "LGD", "lon": 94.941968405733761, "lat": 27.180333444331637, "elevation_m": 108.04742, "slope_deg": 3.3994942, "profile_curv": 0.0021496899, "plan_curv": 0.22438316, "static_susceptibility": 0.21877933435417971, "susceptibility_tier": "low" }, "geometry": { "type": "Point", "coordinates": [ 94.941968405733761, 27.180333444331637 ] } },
{ "type": "Feature", "properties": { "settlement_id": "LGD_0646", "name": "Khumtai Gaon", "district": "Charaideo", "source": "LGD", "lon": 94.931056159877102, "lat": 27.17250083890821, "elevation_m": 107.53642, "slope_deg": 5.857697, "profile_curv": 0.0015308991, "plan_curv": -0.021257102, "static_susceptibility": 0.25501641820800763, "susceptibility_tier": "low" }, "geometry": { "type": "Point", "coordinates": [ 94.931056159877102, 27.17250083890821 ] } },
{ "type": "Feature", "properties": { "settlement_id": "LGD_0647", "name": "Moranhat (TC)", "district": "Charaideo", "source": "LGD", "lon": 94.922131031653265, "lat": 27.182523288084838, "elevation_m": 107.54533, "slope_deg": 4.8109288, "profile_curv": -0.00070009357, "plan_curv": 0.055438757, "static_susceptibility": 0.24223786979218115, "susceptibility_tier": "low" }, "geometry": { "type": "Point", "coordinates": [ 94.922131031653265, 27.182523288084838 ] } },
{ "type": "Feature", "properties": { "settlement_id": "LGD_0648", "name": "Mout Gaon", "district": "Charaideo", "source": "LGD", "lon": 94.907323496882441, "lat": 27.160201199819916, "elevation_m": 104.10364, "slope_deg": 5.4642696, "profile_curv": 0.0023536289, "plan_curv": 0.02109292, "static_susceptibility": 0.24798038233902819, "susceptibility_tier": "low" }, "geometry": { "type": "Point", "coordinates": [ 94.907323496882441, 27.160201199819916 ] } },
{ "type": "Feature", "properties": { "settlement_id": "LGD_0649", "name": "Chutia Gaon", "district": "Charaideo", "source": "LGD", "lon": 94.915527725436604, "lat": 27.169692174199792, "elevation_m": 98.913231, "slope_deg": 0.29848629, "profile_curv": 6.1061903e-05, "plan_curv": -0.091461174, "static_susceptibility": 0.23405530524989401, "susceptibility_tier": "low" }, "geometry": { "type": "Point", "coordinates": [ 94.915527725436604, 27.169692174199792 ] } },
{ "type": "Feature", "properties": { "settlement_id": "LGD_0650", "name": "Moran Changmai", "district": "Charaideo", "source": "LGD", "lon": 94.898090635878077, "lat": 27.153776928945721, "elevation_m": 102.88396, "slope_deg": 8.570158, "profile_curv": -0.0021257626, "plan_curv": -0.068739161, "static_susceptibility": 0.27370963059335246, "susceptibility_tier": "low" }, "geometry": { "type": "Point", "coordinates": [ 94.898090635878077, 27.153776928945721 ] } },
{ "type": "Feature", "properties": { "settlement_id": "LGD_0651", "name": "Grant No.287/296", "district": "Charaideo", "source": "LGD", "lon": 94.906774293056941, "lat": 27.140244810213936, "elevation_m": 103.82132, "slope_deg": 3.5808954, "profile_curv": -0.00053826376, "plan_curv": 0.054630145, "static_susceptibility": 0.23583468819589445, "susceptibility_tier": "low" }, "geometry": { "type": "Point", "coordinates": [ 94.906774293056941, 27.140244810213936 ] } },
{ "type": "Feature", "properties": { "settlement_id": "LGD_0652", "name": " ", "district": "Charaideo", "source": "LGD", "lon": 94.936100692807045, "lat": 27.137033829023281, "elevation_m": 101.93005, "slope_deg": 2.1204939, "profile_curv": -0.0010615921, "plan_curv": -0.16514178, "static_susceptibility": 0.250973642473235, "susceptibility_tier": "low" }, "geometry": { "type": "Point", "coordinates": [ 94.936100692807045, 27.137033829023281 ] } },
{ "type": "Feature", "properties": { "settlement_id": "LGD_0653", "name": "Kakaramora Bagicha", "district": "Charaideo", "source": "LGD", "lon": 94.923639683587751, "lat": 27.141575163973986, "elevation_m": 98.913712, "slope_deg": 4.5145392, "profile_curv": -0.00079633773, "plan_curv": -0.0012071765, "static_susceptibility": 0.24522538329283738, "susceptibility_tier": "low" }, "geometry": { "type": "Point", "coordinates": [ 94.923639683587751, 27.141575163973986 ] } },
{ "type": "Feature", "properties": { "settlement_id": "LGD_0654", "name": "Secha Pukhuri", "district": "Charaideo", "source": "LGD", "lon": 94.929435212323881, "lat": 27.154302810884516, "elevation_m": 101.66534, "slope_deg": 5.303637, "profile_curv": -0.0029120403, "plan_curv": 0.038044237, "static_susceptibility": 0.24575543370670822, "susceptibility_tier": "low" }, "geometry": { "type": "Point", "coordinates": [ 94.929435212323881, 27.154302810884516 ] } },
{ "type": "Feature", "properties": { "settlement_id": "LGD_0655", "name": " ", "district": "Charaideo", "source": "LGD", "lon": 94.942341230933451, "lat": 27.153660860053535, "elevation_m": 102.76028, "slope_deg": 1.8425335, "profile_curv": -0.00063389936, "plan_curv": -0.068165816, "static_susceptibility": 0.23974449942910586, "susceptibility_tier": "low" }, "geometry": { "type": "Point", "coordinates": [ 94.942341230933451, 27.153660860053535 ] } },
{ "type": "Feature", "properties": { "settlement_id": "LGD_0656", "name": " ", "district": "Charaideo", "source": "LGD", "lon": 94.95353743055334, "lat": 27.145989440043952, "elevation_m": 104.25202, "slope_deg": 5.2757959, "profile_curv": 0.0032436191, "plan_curv": 0.016798869, "static_susceptibility": 0.2474069634075087, "susceptibility_tier": "low" }, "geometry": { "type": "Point", "coordinates": [ 94.95353743055334, 27.145989440043952 ] } },
{ "type": "Feature", "properties": { "settlement_id": "LGD_0657", "name": "Gomotha Balikhuti F.V.", "district": "Charaideo", "source": "LGD", "lon": 94.946013218046247, "lat": 27.140984662038438, "elevation_m": 102.41714, "slope_deg": 2.602015, "profile_curv": -0.00077893457, "plan_curv": -0.014082472, "static_susceptibility": 0.23788461006778719, "susceptibility_tier": "low" }, "geometry": { "type": "Point", "coordinates": [ 94.946013218046247, 27.140984662038438 ] } },
{ "type": "Feature", "properties": { "settlement_id": "LGD_0658", "name": "Kachumari", "district": "Charaideo", "source": "LGD", "lon": 94.937921106898358, "lat": 27.121059072950164, "elevation_m": 103.70843, "slope_deg": 6.0918417, "profile_curv": -0.0031213893, "plan_curv": -0.06449528, "static_susceptibility": 0.2607828347801685, "susceptibility_tier": "low" }, "geometry": { "type": "Point", "coordinates": [ 94.937921106898358, 27.121059072950164 ] } },
{ "type": "Feature", "properties": { "settlement_id": "LGD_0659", "name": "Khanikar Gaon", "district": "Charaideo", "source": "LGD", "lon": 94.931931310026584, "lat": 27.110432886716257, "elevation_m": 97.891678, "slope_deg": 3.4621162, "profile_curv": 7.9505873e-05, "plan_curv": -0.1188511, "static_susceptibility": 0.25196310804353167, "susceptibility_tier": "low" }, "geometry": { "type": "Point", "coordinates": [ 94.931931310026584, 27.110432886716257 ] } },
{ "type": "Feature", "properties": { "settlement_id": "LGD_0660", "name": "Likson Gaon", "district": "Charaideo", "source": "LGD", "lon": 94.932604885064066, "lat": 27.09847318832955, "elevation_m": 99.336052, "slope_deg": 5.1532216, "profile_curv": -0.0015482404, "plan_curv": 0.0081613502, "static_susceptibility": 0.24754356031441863, "susceptibility_tier": "low" }, "geometry": { "type": "Point", "coordinates": [ 94.932604885064066, 27.09847318832955 ] } },
{ "type": "Feature", "properties": { "settlement_id": "LGD_0661", "name": "Bonomali T.E.", "district": "Charaideo", "source": "LGD", "lon": 94.94565028275467, "lat": 27.062736989719866, "elevation_m": 101.22944, "slope_deg": 5.6290669, "profile_curv": -0.00058623671, "plan_curv": -0.043850277, "static_susceptibility": 0.25550448053641917, "susceptibility_tier": "low" }, "geometry": { "type": "Point", "coordinates": [ 94.94565028275467, 27.062736989719866 ] } },
{ "type": "Feature", "properties": { "settlement_id": "LGD_0662", "name": "Jajoli Gaon", "district": "Charaideo", "source": "LGD", "lon": 94.93437552743741, "lat": 27.075714390463084, "elevation_m": 104.07361, "slope_deg": 5.9784665, "profile_curv": -0.0038300429, "plan_curv": 0.049198065, "static_susceptibility": 0.24841288531369221, "susceptibility_tier": "low" }, "geometry": { "type": "Point", "coordinates": [ 94.93437552743741, 27.075714390463084 ] } },
{ "type": "Feature", "properties": { "settlement_id": "LGD_0663", "name": "Kahcari Bam Pathar", "district": "Charaideo", "source": "LGD", "lon": 94.935365455727293, "lat": 27.063479597591147, "elevation_m": 99.575882, "slope_deg": 5.1510606, "profile_curv": -0.0016077632, "plan_curv": 0.024888372, "static_susceptibility": 0.24585605909086142, "susceptibility_tier": "low" }, "geometry": { "type": "Point", "coordinates": [ 94.935365455727293, 27.063479597591147 ] } },
{ "type": "Feature", "properties": { "settlement_id": "LGD_0664", "name": "Jajoli Habi", "district": "Charaideo", "source": "LGD", "lon": 94.941028228433055, "lat": 27.084479556826782, "elevation_m": 98.89296, "slope_deg": 3.2761497, "profile_curv": -0.00096898002, "plan_curv": -0.0085843261, "static_susceptibility": 0.24001938701743311, "susceptibility_tier": "low" }, "geometry": { "type": "Point", "coordinates": [ 94.941028228433055, 27.084479556826782 ] } },
{ "type": "Feature", "properties": { "settlement_id": "LGD_0665", "name": "Kachupathar Gaon", "district": "Charaideo", "source": "LGD", "lon": 94.913771354777708, "lat": 27.087509959072257, "elevation_m": 101.32711, "slope_deg": 7.2353611, "profile_curv": -0.0026750818, "plan_curv": -0.0026703046, "static_susceptibility": 0.25950746563557198, "susceptibility_tier": "low" }, "geometry": { "type": "Point", "coordinates": [ 94.913771354777708, 27.087509959072257 ] } },
{ "type": "Feature", "properties": { "settlement_id": "LGD_0666", "name": "Moranjan Gaon", "district": "Charaideo", "source": "LGD", "lon": 94.922903792096207, "lat": 27.071664874745682, "elevation_m": 98.589882, "slope_deg": 6.4608569, "profile_curv": -1.2241138e-05, "plan_curv": 0.047088422, "static_susceptibility": 0.24960161367715605, "susceptibility_tier": "low" }, "geometry": { "type": "Point", "coordinates": [ 94.922903792096207, 27.071664874745682 ] } },
{ "type": "Feature", "properties": { "settlement_id": "LGD_0667", "name": "Khargharia Deodhai", "district": "Charaideo", "source": "LGD", "lon": 94.909233503805368, "lat": 27.070180349427101, "elevation_m": 109.92999, "slope_deg": 11.147861, "profile_curv": 0.0023627612, "plan_curv": 0.0039102701, "static_susceptibility": 0.2797792386764355, "susceptibility_tier": "low" }, "geometry": { "type": "Point", "coordinates": [ 94.909233503805368, 27.070180349427101 ] } },
{ "type": "Feature", "properties": { "settlement_id": "LGD_0668", "name": "Khukamora Lawjan Gaon", "district": "Charaideo", "source": "LGD", "lon": 94.911760179204308, "lat": 27.103406494343851, "elevation_m": 97.457375, "slope_deg": 3.4143615, "profile_curv": -0.00048310135, "plan_curv": -0.070778519, "static_susceptibility": 0.2467443805667677, "susceptibility_tier": "low" }, "geometry": { "type": "Point", "coordinates": [ 94.911760179204308, 27.103406494343851 ] } },
{ "type": "Feature", "properties": { "settlement_id": "LGD_0669", "name": "Jungle Block", "district": "Charaideo", "source": "LGD", "lon": 94.914709699020193, "lat": 27.125045965967054, "elevation_m": 99.980766, "slope_deg": 5.1537895, "profile_curv": -0.00076005276, "plan_curv": -0.12558775, "static_susceptibility": 0.26161528355834451, "susceptibility_tier": "low" }, "geometry": { "type": "Point", "coordinates": [ 94.914709699020193, 27.125045965967054 ] } },
{ "type": "Feature", "properties": { "settlement_id": "LGD_0670", "name": "Domar Dolong Grant", "district": "Charaideo", "source": "LGD", "lon": 94.891914560758167, "lat": 27.122206485634091, "elevation_m": 98.337311, "slope_deg": 3.0788438, "profile_curv": -0.0021663825, "plan_curv": -0.0093753766, "static_susceptibility": 0.23922325328495589, "susceptibility_tier": "low" }, "geometry": { "type": "Point", "coordinates": [ 94.891914560758167, 27.122206485634091 ] } },
{ "type": "Feature", "properties": { "settlement_id": "LGD_0671", "name": "Parachoni Habi", "district": "Charaideo", "source": "LGD", "lon": 94.885203340509264, "lat": 27.102824921359481, "elevation_m": 96.425529, "slope_deg": 6.0849066, "profile_curv": -0.00019975269, "plan_curv": -0.019535854, "static_susceptibility": 0.25437452881358358, "susceptibility_tier": "low" }, "geometry": { "type": "Point", "coordinates": [ 94.885203340509264, 27.102824921359481 ] } },
{ "type": "Feature", "properties": { "settlement_id": "LGD_0672", "name": "Domar Dolong Habi", "district": "Charaideo", "source": "LGD", "lon": 94.867606865529297, "lat": 27.110690342250507, "elevation_m": 100.62158, "slope_deg": 4.8322802, "profile_curv": -0.00019433718, "plan_curv": 0.0025099362, "static_susceptibility": 0.24658555941134899, "susceptibility_tier": "low" }, "geometry": { "type": "Point", "coordinates": [ 94.867606865529297, 27.110690342250507 ] } },
{ "type": "Feature", "properties": { "settlement_id": "LGD_0673", "name": "Sepon (CT)", "district": "Charaideo", "source": "LGD", "lon": 94.849304514914095, "lat": 27.103325119659175, "elevation_m": 103.5223, "slope_deg": 3.6506355, "profile_curv": 0.0019076677, "plan_curv": 0.047945075, "static_susceptibility": 0.23647152394925872, "susceptibility_tier": "low" }, "geometry": { "type": "Point", "coordinates": [ 94.849304514914095, 27.103325119659175 ] } },
{ "type": "Feature", "properties": { "settlement_id": "LGD_0674", "name": "Tiphuk Kachari", "district": "Charaideo", "source": "LGD", "lon": 94.860109329127127, "lat": 27.093092736598923, "elevation_m": 102.07593, "slope_deg": 6.7786589, "profile_curv": -0.0024870166, "plan_curv": 0.014645084, "static_susceptibility": 0.25547698246731021, "susceptibility_tier": "low" }, "geometry": { "type": "Point", "coordinates": [ 94.860109329127127, 27.093092736598923 ] } },
{ "type": "Feature", "properties": { "settlement_id": "LGD_0675", "name": "Jajoli Pukhuri", "district": "Charaideo", "source": "LGD", "lon": 94.865090630570734, "lat": 27.080475288009701, "elevation_m": 96.236702, "slope_deg": 4.1494007, "profile_curv": -3.8881193e-05, "plan_curv": -0.052843288, "static_susceptibility": 0.24823178224532838, "susceptibility_tier": "low" }, "geometry": { "type": "Point", "coordinates": [ 94.865090630570734, 27.080475288009701 ] } },
{ "type": "Feature", "properties": { "settlement_id": "LGD_0676", "name": "Tiphuk Kachari", "district": "Charaideo", "source": "LGD", "lon": 94.842369962633441, "lat": 27.089730799741286, "elevation_m": 94.681221, "slope_deg": 6.4605942, "profile_curv": -0.0091034612, "plan_curv": -0.018787704, "static_susceptibility": 0.25709746769183256, "susceptibility_tier": "low" }, "geometry": { "type": "Point", "coordinates": [ 94.842369962633441, 27.089730799741286 ] } },
{ "type": "Feature", "properties": { "settlement_id": "LGD_0677", "name": "Jajoli Pukhuri", "district": "Charaideo", "source": "LGD", "lon": 94.841206119196968, "lat": 27.078240064830165, "elevation_m": 97.811142, "slope_deg": 7.8413258, "profile_curv": -0.0060817795, "plan_curv": -0.035745993, "static_susceptibility": 0.26602437503831594, "susceptibility_tier": "low" }, "geometry": { "type": "Point", "coordinates": [ 94.841206119196968, 27.078240064830165 ] } },
{ "type": "Feature", "properties": { "settlement_id": "LGD_0678", "name": "Doba Grant", "district": "Charaideo", "source": "LGD", "lon": 94.893749880014028, "lat": 27.086618639676882, "elevation_m": 98.552055, "slope_deg": 3.1596508, "profile_curv": 0.00032169203, "plan_curv": 0.10756423, "static_susceptibility": 0.22771669436057954, "susceptibility_tier": "low" }, "geometry": { "type": "Point", "coordinates": [ 94.893749880014028, 27.086618639676882 ] } },
{ "type": "Feature", "properties": { "settlement_id": "LGD_0679", "name": "Namoni Changmai", "district": "Charaideo", "source": "LGD", "lon": 94.894666815142614, "lat": 27.070356602164921, "elevation_m": 97.232681, "slope_deg": 0.2530804, "profile_curv": -0.00020476175, "plan_curv": -0.045934483, "static_susceptibility": 0.22912580410796324, "susceptibility_tier": "low" }, "geometry": { "type": "Point", "coordinates": [ 94.894666815142614, 27.070356602164921 ] } },
{ "type": "Feature", "properties": { "settlement_id": "LGD_0680", "name": "Tiphuk Habi", "district": "Charaideo", "source": "LGD", "lon": 94.885901926211915, "lat": 27.075837632880827, "elevation_m": 97.545769, "slope_deg": 6.3322663, "profile_curv": -0.0027491052, "plan_curv": -0.032096423, "static_susceptibility": 0.25746986642126984, "susceptibility_tier": "low" }, "geometry": { "type": "Point", "coordinates": [ 94.885901926211915, 27.075837632880827 ] } },
{ "type": "Feature", "properties": { "settlement_id": "LGD_0681", "name": "Niz Khaloi Ghugra", "district": "Charaideo", "source": "LGD", "lon": 94.87861218383091, "lat": 27.046701907302644, "elevation_m": 103.73471, "slope_deg": 6.1715713, "profile_curv": -0.00095043803, "plan_curv": -0.05939687, "static_susceptibility": 0.26034704083478449, "susceptibility_tier": "low" }, "geometry": { "type": "Point", "coordinates": [ 94.87861218383091, 27.046701907302644 ] } },
{ "type": "Feature", "properties": { "settlement_id": "LGD_0682", "name": "Nahartoli", "district": "Charaideo", "source": "LGD", "lon": 94.872631209517721, "lat": 27.059407580230502, "elevation_m": 109.53852, "slope_deg": 6.6686616, "profile_curv": 0.0042057163, "plan_curv": 0.043200251, "static_susceptibility": 0.25224999501475542, "susceptibility_tier": "low" }, "geometry": { "type": "Point", "coordinates": [ 94.872631209517721, 27.059407580230502 ] } },
{ "type": "Feature", "properties": { "settlement_id": "LGD_0683", "name": "Mou Dumuni Gaon", "district": "Charaideo", "source": "LGD", "lon": 94.852045705622601, "lat": 27.059441805722308, "elevation_m": 99.071365, "slope_deg": 6.221683, "profile_curv": -0.00034390076, "plan_curv": 0.00037947635, "static_susceptibility": 0.25341740544122454, "susceptibility_tier": "low" }, "geometry": { "type": "Point", "coordinates": [ 94.852045705622601, 27.059441805722308 ] } },
{ "type": "Feature", "properties": { "settlement_id": "LGD_0684", "name": "Deodhai", "district": "Charaideo", "source": "LGD", "lon": 94.857767323598523, "lat": 27.03687503643534, "elevation_m": 100.09188, "slope_deg": 6.7415223, "profile_curv": -0.0031712444, "plan_curv": 0.011531607, "static_susceptibility": 0.25538568766424646, "susceptibility_tier": "low" }, "geometry": { "type": "Point", "coordinates": [ 94.857767323598523, 27.03687503643534 ] } },
{ "type": "Feature", "properties": { "settlement_id": "LGD_0685", "name": "Hati Barua", "district": "Charaideo", "source": "LGD", "lon": 94.849395351714676, "lat": 27.045682988864076, "elevation_m": 99.98999, "slope_deg": 3.8258753, "profile_curv": -0.00090182613, "plan_curv": 0.0079750614, "static_susceptibility": 0.24114498257785791, "susceptibility_tier": "low" }, "geometry": { "type": "Point", "coordinates": [ 94.849395351714676, 27.045682988864076 ] } },
{ "type": "Feature", "properties": { "settlement_id": "LGD_0686", "name": "Mohon Deodhai", "district": "Charaideo", "source": "LGD", "lon": 94.859233633238205, "lat": 27.020081907780561, "elevation_m": 103.00351, "slope_deg": 3.6686492, "profile_curv": -0.002488679, "plan_curv": 0.016016651, "static_susceptibility": 0.24026015482552543, "susceptibility_tier": "low" }, "geometry": { "type": "Point", "coordinates": [ 94.859233633238205, 27.020081907780561 ] } },
{ "type": "Feature", "properties": { "settlement_id": "LGD_0687", "name": "Bhokot Bhajoni Pothar", "district": "Charaideo", "source": "LGD", "lon": 94.86523855640749, "lat": 27.008890730589641, "elevation_m": 98.41011, "slope_deg": 5.9533496, "profile_curv": -0.0033125877, "plan_curv": -0.027778232, "static_susceptibility": 0.25533550545126127, "susceptibility_tier": "low" }, "geometry": { "type": "Point", "coordinates": [ 94.86523855640749, 27.008890730589641 ] } },
{ "type": "Feature", "properties": { "settlement_id": "LGD_0688", "name": " ", "district": "Charaideo", "source": "LGD", "lon": 94.87184267692254, "lat": 27.005168498973038, "elevation_m": 99.804306, "slope_deg": 3.2240605, "profile_curv": -0.00060529175, "plan_curv": -0.057863835, "static_susceptibility": 0.24488364764862022, "susceptibility_tier": "low" }, "geometry": { "type": "Point", "coordinates": [ 94.87184267692254, 27.005168498973038 ] } },
{ "type": "Feature", "properties": { "settlement_id": "LGD_0689", "name": "Bheloguri Dubi Lakwa Chah Bagicha", "district": "Charaideo", "source": "LGD", "lon": 94.886868284335378, "lat": 27.031078226986864, "elevation_m": 99.788788, "slope_deg": 2.7086987, "profile_curv": 0.0010454907, "plan_curv": 0.31542394, "static_susceptibility": 0.20623265366305849, "susceptibility_tier": "low" }, "geometry": { "type": "Point", "coordinates": [ 94.886868284335378, 27.031078226986864 ] } },
{ "type": "Feature", "properties": { "settlement_id": "LGD_0690", "name": " ", "district": "Charaideo", "source": "LGD", "lon": 94.894158627822819, "lat": 27.009728164871103, "elevation_m": 101.52787, "slope_deg": 1.9742188, "profile_curv": -0.00055648561, "plan_curv": -0.10312732, "static_susceptibility": 0.24372555083620784, "susceptibility_tier": "low" }, "geometry": { "type": "Point", "coordinates": [ 94.894158627822819, 27.009728164871103 ] } },
{ "type": "Feature", "properties": { "settlement_id": "LGD_0691", "name": " ", "district": "Charaideo", "source": "LGD", "lon": 94.909698646357626, "lat": 26.999265410868293, "elevation_m": 106.4189, "slope_deg": 5.8424125, "profile_curv": -0.00079786748, "plan_curv": -0.016036406, "static_susceptibility": 0.25452277952458036, "susceptibility_tier": "low" }, "geometry": { "type": "Point", "coordinates": [ 94.909698646357626, 26.999265410868293 ] } },
{ "type": "Feature", "properties": { "settlement_id": "LGD_0692", "name": " ", "district": "Charaideo", "source": "LGD", "lon": 94.922974787303218, "lat": 27.027314601982312, "elevation_m": 104.41591, "slope_deg": 2.4749544, "profile_curv": 0.0024178638, "plan_curv": 0.055184569, "static_susceptibility": 0.23030197483336123, "susceptibility_tier": "low" }, "geometry": { "type": "Point", "coordinates": [ 94.922974787303218, 27.027314601982312 ] } },
{ "type": "Feature", "properties": { "settlement_id": "LGD_0693", "name": " ", "district": "Charaideo", "source": "LGD", "lon": 94.911163352241729, "lat": 27.026446526742735, "elevation_m": 104.57063, "slope_deg": 6.086112, "profile_curv": 0.0018105819, "plan_curv": 0.066528082, "static_susceptibility": 0.24647945070378369, "susceptibility_tier": "low" }, "geometry": { "type": "Point", "coordinates": [ 94.911163352241729, 27.026446526742735 ] } },
{ "type": "Feature", "properties": { "settlement_id": "LGD_0694", "name": " ", "district": "Charaideo", "source": "LGD", "lon": 94.901033768260902, "lat": 27.017804958238397, "elevation_m": 101.05428, "slope_deg": 6.809062, "profile_curv": -0.00092143775, "plan_curv": -0.049485017, "static_susceptibility": 0.262065357185498, "susceptibility_tier": "low" }, "geometry": { "type": "Point", "coordinates": [ 94.901033768260902, 27.017804958238397 ] } },
{ "type": "Feature", "properties": { "settlement_id": "LGD_0695", "name": "Lai Cheng Gaon", "district": "Charaideo", "source": "LGD", "lon": 94.900858644781778, "lat": 27.052009919703323, "elevation_m": 99.038422, "slope_deg": 5.2677035, "profile_curv": -0.00018368928, "plan_curv": 0.043639466, "static_susceptibility": 0.24422501241746122, "susceptibility_tier": "low" }, "geometry": { "type": "Point", "coordinates": [ 94.900858644781778, 27.052009919703323 ] } },
{ "type": "Feature", "properties": { "settlement_id": "LGD_0696", "name": "Mohon Deodhai", "district": "Charaideo", "source": "LGD", "lon": 94.919072839565104, "lat": 27.057937030974166, "elevation_m": 99.015251, "slope_deg": 6.6317534, "profile_curv": 7.1773764e-05, "plan_curv": -0.0076279053, "static_susceptibility": 0.25624005367335417, "susceptibility_tier": "low" }, "geometry": { "type": "Point", "coordinates": [ 94.919072839565104, 27.057937030974166 ] } },
{ "type": "Feature", "properties": { "settlement_id": "LGD_0697", "name": "Dhemaji Bil Gaon", "district": "Charaideo", "source": "LGD", "lon": 94.928099157306761, "lat": 27.050727019931379, "elevation_m": 99.936943, "slope_deg": 4.1615195, "profile_curv": -0.0033888617, "plan_curv": 0.0062748436, "static_susceptibility": 0.24325395984378625, "susceptibility_tier": "low" }, "geometry": { "type": "Point", "coordinates": [ 94.928099157306761, 27.050727019931379 ] } },
{ "type": "Feature", "properties": { "settlement_id": "LGD_0698", "name": "Mohan Gaon & Suffry Rly. Stn.", "district": "Charaideo", "source": "LGD", "lon": 94.937638591662733, "lat": 27.026814630428476, "elevation_m": 102.05274, "slope_deg": 4.8529553, "profile_curv": -0.00074669276, "plan_curv": 0.0079405596, "static_susceptibility": 0.24643096016743213, "susceptibility_tier": "low" }, "geometry": { "type": "Point", "coordinates": [ 94.937638591662733, 27.026814630428476 ] } },
{ "type": "Feature", "properties": { "settlement_id": "LGD_0699", "name": "Ranga Pothar", "district": "Charaideo", "source": "LGD", "lon": 94.944939139685331, "lat": 27.000729148206783, "elevation_m": 102.52037, "slope_deg": 4.2288723, "profile_curv": -0.00015096975, "plan_curv": -0.056852244, "static_susceptibility": 0.25007216622100736, "susceptibility_tier": "low" }, "geometry": { "type": "Point", "coordinates": [ 94.944939139685331, 27.000729148206783 ] } },
{ "type": "Feature", "properties": { "settlement_id": "LGD_0700", "name": "Mohkhuti Pothar", "district": "Charaideo", "source": "LGD", "lon": 94.979204689451777, "lat": 27.029221409732326, "elevation_m": 106.11398, "slope_deg": 5.0320587, "profile_curv": 0.0012959428, "plan_curv": 0.020477692, "static_susceptibility": 0.24639635613281929, "susceptibility_tier": "low" }, "geometry": { "type": "Point", "coordinates": [ 94.979204689451777, 27.029221409732326 ] } },
{ "type": "Feature", "properties": { "settlement_id": "LGD_0701", "name": "Naphuk Gaon", "district": "Charaideo", "source": "LGD", "lon": 94.970688457261986, "lat": 27.013967947350562, "elevation_m": 103.10107, "slope_deg": 6.1182885, "profile_curv": -0.00083500473, "plan_curv": -0.023210213, "static_susceptibility": 0.25611490518039493, "susceptibility_tier": "low" }, "geometry": { "type": "Point", "coordinates": [ 94.970688457261986, 27.013967947350562 ] } },
{ "type": "Feature", "properties": { "settlement_id": "LGD_0702", "name": "Singoritol Bangali", "district": "Charaideo", "source": "LGD", "lon": 94.995046039837476, "lat": 27.016563730962297, "elevation_m": 107.51348, "slope_deg": 3.7568181, "profile_curv": 0.0035511188, "plan_curv": 0.055774231, "static_susceptibility": 0.2366039443689488, "susceptibility_tier": "low" }, "geometry": { "type": "Point", "coordinates": [ 94.995046039837476, 27.016563730962297 ] } },
{ "type": "Feature", "properties": { "settlement_id": "LGD_0703", "name": "Sonari Grant", "district": "Charaideo", "source": "LGD", "lon": 95.009187118216985, "lat": 27.007831396039908, "elevation_m": 109.84054, "slope_deg": 5.131525, "profile_curv": 8.0532685e-05, "plan_curv": 0.041407231, "static_susceptibility": 0.24548908838768416, "susceptibility_tier": "low" }, "geometry": { "type": "Point", "coordinates": [ 95.009187118216985, 27.007831396039908 ] } },
{ "type": "Feature", "properties": { "settlement_id": "LGD_0704", "name": "Barahi Grant", "district": "Charaideo", "source": "LGD", "lon": 94.998171040650504, "lat": 27.027460653332479, "elevation_m": 99.5, "slope_deg": 7.9642262, "profile_curv": -0.011146405, "plan_curv": 6.5840031e-05, "static_susceptibility": 0.26377670040312912, "susceptibility_tier": "low" }, "geometry": { "type": "Point", "coordinates": [ 94.998171040650504, 27.027460653332479 ] } },
{ "type": "Feature", "properties": { "settlement_id": "LGD_0705", "name": "Barahi Grant", "district": "Charaideo", "source": "LGD", "lon": 94.986608340976005, "lat": 27.041418566231677, "elevation_m": 104.30976, "slope_deg": 4.2790794, "profile_curv": 0.0029612018, "plan_curv": 0.071098521, "static_susceptibility": 0.2371219237493179, "susceptibility_tier": "low" }, "geometry": { "type": "Point", "coordinates": [ 94.986608340976005, 27.041418566231677 ] } },
{ "type": "Feature", "properties": { "settlement_id": "LGD_0706", "name": "Tiok Bangali", "district": "Charaideo", "source": "LGD", "lon": 95.007964926039264, "lat": 27.052324485755559, "elevation_m": 104.18775, "slope_deg": 3.346581, "profile_curv": 0.00036313906, "plan_curv": -0.00084823341, "static_susceptibility": 0.24023807976033554, "susceptibility_tier": "low" }, "geometry": { "type": "Point", "coordinates": [ 95.007964926039264, 27.052324485755559 ] } },
{ "type": "Feature", "properties": { "settlement_id": "LGD_0707", "name": "Barahi Kachari", "district": "Charaideo", "source": "LGD", "lon": 94.983943586100224, "lat": 27.057389660297847, "elevation_m": 103.56777, "slope_deg": 5.2082386, "profile_curv": 0.00041778883, "plan_curv": 0.034091782, "static_susceptibility": 0.24556167675042112, "susceptibility_tier": "low" }, "geometry": { "type": "Point", "coordinates": [ 94.983943586100224, 27.057389660297847 ] } },
{ "type": "Feature", "properties": { "settlement_id": "LGD_0708", "name": "Erabari", "district": "Charaideo", "source": "LGD", "lon": 94.975400996243849, "lat": 27.06349975120639, "elevation_m": 98.5, "slope_deg": 8.818635, "profile_curv": -0.0041457927, "plan_curv": 0.00044654551, "static_susceptibility": 0.2669658482084139, "susceptibility_tier": "low" }, "geometry": { "type": "Point", "coordinates": [ 94.975400996243849, 27.06349975120639 ] } },
{ "type": "Feature", "properties": { "settlement_id": "LGD_0709", "name": "Na-Gaon", "district": "Charaideo", "source": "LGD", "lon": 94.96647152330182, "lat": 27.049067038829055, "elevation_m": 101.17584, "slope_deg": 6.7257991, "profile_curv": 0.00041479804, "plan_curv": 0.20794252, "static_susceptibility": 0.23486757139019318, "susceptibility_tier": "low" }, "geometry": { "type": "Point", "coordinates": [ 94.96647152330182, 27.049067038829055 ] } },
{ "type": "Feature", "properties": { "settlement_id": "LGD_0710", "name": "Suffry Grant", "district": "Charaideo", "source": "LGD", "lon": 94.955667608195071, "lat": 27.034978826749601, "elevation_m": 99.985435, "slope_deg": 7.3046408, "profile_curv": -0.0014938343, "plan_curv": 0.0057774587, "static_susceptibility": 0.25857239696879813, "susceptibility_tier": "low" }, "geometry": { "type": "Point", "coordinates": [ 94.955667608195071, 27.034978826749601 ] } },
{ "type": "Feature", "properties": { "settlement_id": "LGD_0711", "name": "Buragohain Bari", "district": "Charaideo", "source": "LGD", "lon": 94.961545621047307, "lat": 27.076305683160399, "elevation_m": 101.1326, "slope_deg": 5.3151989, "profile_curv": -0.0023127138, "plan_curv": -0.019247783, "static_susceptibility": 0.25158038001873256, "susceptibility_tier": "low" }, "geometry": { "type": "Point", "coordinates": [ 94.961545621047307, 27.076305683160399 ] } },
{ "type": "Feature", "properties": { "settlement_id": "LGD_0712", "name": "Borbil No.1", "district": "Charaideo", "source": "LGD", "lon": 94.966794141894709, "lat": 27.091967464518127, "elevation_m": 100.20213, "slope_deg": 3.0312452, "profile_curv": -3.0147905e-05, "plan_curv": -0.13951376, "static_susceptibility": 0.25238184029929517, "susceptibility_tier": "low" }, "geometry": { "type": "Point", "coordinates": [ 94.966794141894709, 27.091967464518127 ] } },
{ "type": "Feature", "properties": { "settlement_id": "LGD_0713", "name": "Duwari Gaon", "district": "Charaideo", "source": "LGD", "lon": 94.99097111610817, "lat": 27.096695575650557, "elevation_m": 102.75447, "slope_deg": 4.6036882, "profile_curv": -0.0015773631, "plan_curv": -0.0007779384, "static_susceptibility": 0.24633605690243862, "susceptibility_tier": "low" }, "geometry": { "type": "Point", "coordinates": [ 94.99097111610817, 27.096695575650557 ] } },
{ "type": "Feature", "properties": { "settlement_id": "LGD_0714", "name": "Konwar Gaon", "district": "Charaideo", "source": "LGD", "lon": 94.990681797468739, "lat": 27.080460478169471, "elevation_m": 101.47664, "slope_deg": 6.8492193, "profile_curv": -0.0020950807, "plan_curv": -0.10485377, "static_susceptibility": 0.26848895314217147, "susceptibility_tier": "low" }, "geometry": { "type": "Point", "coordinates": [ 94.990681797468739, 27.080460478169471 ] } },
{ "type": "Feature", "properties": { "settlement_id": "LGD_0715", "name": "Japidhora Gaon", "district": "Charaideo", "source": "LGD", "lon": 95.019049948744779, "lat": 27.07131815714412, "elevation_m": 103.30788, "slope_deg": 8.3089781, "profile_curv": -0.00038836271, "plan_curv": -0.1239938, "static_susceptibility": 0.27828566452974374, "susceptibility_tier": "low" }, "geometry": { "type": "Point", "coordinates": [ 95.019049948744779, 27.07131815714412 ] } },
{ "type": "Feature", "properties": { "settlement_id": "LGD_0716", "name": "Kakatibari Grant", "district": "Charaideo", "source": "LGD", "lon": 95.031482381413809, "lat": 27.07642215352671, "elevation_m": 105.46578, "slope_deg": 4.0752187, "profile_curv": -0.0048001003, "plan_curv": -0.014358704, "static_susceptibility": 0.24602122784467306, "susceptibility_tier": "low" }, "geometry": { "type": "Point", "coordinates": [ 95.031482381413809, 27.07642215352671 ] } },
{ "type": "Feature", "properties": { "settlement_id": "LGD_0717", "name": "Kakatibari Habi", "district": "Charaideo", "source": "LGD", "lon": 95.031296778471059, "lat": 27.08227354120465, "elevation_m": 104.19775, "slope_deg": 2.5012503, "profile_curv": 0.00011733045, "plan_curv": -0.051620822, "static_susceptibility": 0.24135901386422401, "susceptibility_tier": "low" }, "geometry": { "type": "Point", "coordinates": [ 95.031296778471059, 27.08227354120465 ] } },
{ "type": "Feature", "properties": { "settlement_id": "LGD_0718", "name": "Lukhurakhon Gaon", "district": "Charaideo", "source": "LGD", "lon": 95.018852789998888, "lat": 27.08784694901443, "elevation_m": 102.93649, "slope_deg": 3.2355788, "profile_curv": 0.00044841832, "plan_curv": 0.048504099, "static_susceptibility": 0.23454929743446556, "susceptibility_tier": "low" }, "geometry": { "type": "Point", "coordinates": [ 95.018852789998888, 27.08784694901443 ] } },
{ "type": "Feature", "properties": { "settlement_id": "LGD_0719", "name": "Dadhora Cheleng", "district": "Charaideo", "source": "LGD", "lon": 95.012990037016962, "lat": 27.10485740471572, "elevation_m": 103.75634, "slope_deg": 6.5902195, "profile_curv": -0.0041879029, "plan_curv": -0.022789769, "static_susceptibility": 0.25900764578255664, "susceptibility_tier": "low" }, "geometry": { "type": "Point", "coordinates": [ 95.012990037016962, 27.10485740471572 ] } },
{ "type": "Feature", "properties": { "settlement_id": "LGD_0720", "name": "Deepling Pathar", "district": "Charaideo", "source": "LGD", "lon": 95.02509480171652, "lat": 27.120767734207178, "elevation_m": 109.48159, "slope_deg": 5.0867343, "profile_curv": 0.0011331924, "plan_curv": 0.0782727, "static_susceptibility": 0.24131249049080125, "susceptibility_tier": "low" }, "geometry": { "type": "Point", "coordinates": [ 95.02509480171652, 27.120767734207178 ] } },
{ "type": "Feature", "properties": { "settlement_id": "LGD_0721", "name": "Deepling Pathar", "district": "Charaideo", "source": "LGD", "lon": 95.037340831480563, "lat": 27.115768768356322, "elevation_m": 111.24762, "slope_deg": 5.5028281, "profile_curv": 0.0037085307, "plan_curv": 0.014741635, "static_susceptibility": 0.24980474040734929, "susceptibility_tier": "low" }, "geometry": { "type": "Point", "coordinates": [ 95.037340831480563, 27.115768768356322 ] } },
{ "type": "Feature", "properties": { "settlement_id": "LGD_0722", "name": "Deepling Grant", "district": "Charaideo", "source": "LGD", "lon": 95.030927397518539, "lat": 27.108048779858287, "elevation_m": 105.89829, "slope_deg": 2.1120265, "profile_curv": -0.00017137652, "plan_curv": -0.14700568, "static_susceptibility": 0.24957123118011776, "susceptibility_tier": "low" }, "geometry": { "type": "Point", "coordinates": [ 95.030927397518539, 27.108048779858287 ] } },
{ "type": "Feature", "properties": { "settlement_id": "LGD_0723", "name": "Cheleng Habi", "district": "Charaideo", "source": "LGD", "lon": 95.03224503490911, "lat": 27.09803118835196, "elevation_m": 111.71796, "slope_deg": 8.6273289, "profile_curv": 0.0070684822, "plan_curv": 0.047372084, "static_susceptibility": 0.26159939595160664, "susceptibility_tier": "low" }, "geometry": { "type": "Point", "coordinates": [ 95.03224503490911, 27.09803118835196 ] } },
{ "type": "Feature", "properties": { "settlement_id": "LGD_0724", "name": "Kakati Bari Pathar", "district": "Charaideo", "source": "LGD", "lon": 95.040311570598064, "lat": 27.097889044418036, "elevation_m": 111.35275, "slope_deg": 4.6244287, "profile_curv": 0.0032680114, "plan_curv": 0.010015815, "static_susceptibility": 0.24606700499324496, "susceptibility_tier": "low" }, "geometry": { "type": "Point", "coordinates": [ 95.040311570598064, 27.097889044418036 ] } },
{ "type": "Feature", "properties": { "settlement_id": "LGD_0725", "name": " ", "district": "Charaideo", "source": "LGD", "lon": 95.051014577288996, "lat": 27.103208754660791, "elevation_m": 105.60937, "slope_deg": 2.9338005, "profile_curv": -0.00097469398, "plan_curv": 0.030837547, "static_susceptibility": 0.23548474583344656, "susceptibility_tier": "low" }, "geometry": { "type": "Point", "coordinates": [ 95.051014577288996, 27.103208754660791 ] } },
{ "type": "Feature", "properties": { "settlement_id": "LGD_0726", "name": " ", "district": "Charaideo", "source": "LGD", "lon": 95.049718358866841, "lat": 27.115578405581743, "elevation_m": 104.44422, "slope_deg": 0.29140618, "profile_curv": -0.00027313488, "plan_curv": -0.12425552, "static_susceptibility": 0.23820931674445789, "susceptibility_tier": "low" }, "geometry": { "type": "Point", "coordinates": [ 95.049718358866841, 27.115578405581743 ] } },
{ "type": "Feature", "properties": { "settlement_id": "LGD_0727", "name": "Pohuchungi Pathar", "district": "Charaideo", "source": "LGD", "lon": 95.058366983243516, "lat": 27.118896846339705, "elevation_m": 115.7721, "slope_deg": 5.2836881, "profile_curv": 0.0046126833, "plan_curv": 0.33156836, "static_susceptibility": 0.21792558814050716, "susceptibility_tier": "low" }, "geometry": { "type": "Point", "coordinates": [ 95.058366983243516, 27.118896846339705 ] } },
{ "type": "Feature", "properties": { "settlement_id": "LGD_0728", "name": "Saru Pathar No.1", "district": "Charaideo", "source": "LGD", "lon": 95.065224920618022, "lat": 27.110579394635518, "elevation_m": 106.21931, "slope_deg": 5.3336105, "profile_curv": -0.0036229824, "plan_curv": 0.010903944, "static_susceptibility": 0.24953598182739303, "susceptibility_tier": "low" }, "geometry": { "type": "Point", "coordinates": [ 95.065224920618022, 27.110579394635518 ] } },
{ "type": "Feature", "properties": { "settlement_id": "LGD_0729", "name": "Bahboria Pathar", "district": "Charaideo", "source": "LGD", "lon": 95.068641250550257, "lat": 27.099909800496743, "elevation_m": 103.83206, "slope_deg": 6.0573549, "profile_curv": -0.00024081882, "plan_curv": -0.11004207, "static_susceptibility": 0.26512312496314733, "susceptibility_tier": "low" }, "geometry": { "type": "Point", "coordinates": [ 95.068641250550257, 27.099909800496743 ] } },
{ "type": "Feature", "properties": { "settlement_id": "LGD_0730", "name": "Chowranga Bam", "district": "Charaideo", "source": "LGD", "lon": 95.062139764690656, "lat": 27.081791790110852, "elevation_m": 104.81413, "slope_deg": 0.22448602, "profile_curv": 9.1789632e-05, "plan_curv": -0.015816294, "static_susceptibility": 0.22717300464817647, "susceptibility_tier": "low" }, "geometry": { "type": "Point", "coordinates": [ 95.062139764690656, 27.081791790110852 ] } },
{ "type": "Feature", "properties": { "settlement_id": "LGD_0731", "name": "Bahboria Habi Gaon", "district": "Charaideo", "source": "LGD", "lon": 95.054981854364726, "lat": 27.09282293258644, "elevation_m": 113.8317, "slope_deg": 6.7860818, "profile_curv": 0.0027688355, "plan_curv": 0.11959491, "static_susceptibility": 0.24579408006330702, "susceptibility_tier": "low" }, "geometry": { "type": "Point", "coordinates": [ 95.054981854364726, 27.09282293258644 ] } },
{ "type": "Feature", "properties": { "settlement_id": "LGD_0732", "name": "Hatimuria Pathar", "district": "Charaideo", "source": "LGD", "lon": 95.04335324623753, "lat": 27.085114230352541, "elevation_m": 109.33516, "slope_deg": 7.1067038, "profile_curv": 0.0016693443, "plan_curv": 0.046290334, "static_susceptibility": 0.25441188124539066, "susceptibility_tier": "low" }, "geometry": { "type": "Point", "coordinates": [ 95.04335324623753, 27.085114230352541 ] } },
{ "type": "Feature", "properties": { "settlement_id": "LGD_0733", "name": "Bhojo Gaon & Bhojo Rly. Stn.", "district": "Charaideo", "source": "LGD", "lon": 95.042792951212007, "lat": 27.069110533432344, "elevation_m": 105.5193, "slope_deg": 3.9403019, "profile_curv": -0.0030615034, "plan_curv": -0.079341978, "static_susceptibility": 0.2518712355764533, "susceptibility_tier": "low" }, "geometry": { "type": "Point", "coordinates": [ 95.042792951212007, 27.069110533432344 ] } },
{ "type": "Feature", "properties": { "settlement_id": "LGD_0734", "name": "Na-Kachari", "district": "Charaideo", "source": "LGD", "lon": 95.068686301805542, "lat": 27.037278459222485, "elevation_m": 104.14999, "slope_deg": 3.4085207, "profile_curv": 0.00067381881, "plan_curv": 0.058409348, "static_susceptibility": 0.23453878492150346, "susceptibility_tier": "low" }, "geometry": { "type": "Point", "coordinates": [ 95.068686301805542, 27.037278459222485 ] } },
{ "type": "Feature", "properties": { "settlement_id": "LGD_0735", "name": "Teok Gaon", "district": "Charaideo", "source": "LGD", "lon": 95.048293591702546, "lat": 27.051402400118381, "elevation_m": 104.8563, "slope_deg": 1.5481156, "profile_curv": -0.00013246365, "plan_curv": -0.033237215, "static_susceptibility": 0.23510231957394845, "susceptibility_tier": "low" }, "geometry": { "type": "Point", "coordinates": [ 95.048293591702546, 27.051402400118381 ] } },
{ "type": "Feature", "properties": { "settlement_id": "LGD_0736", "name": "Tiok Bangali", "district": "Charaideo", "source": "LGD", "lon": 95.023372253244247, "lat": 27.052308492359479, "elevation_m": 103.05859, "slope_deg": 1.8665965, "profile_curv": 0.00014015155, "plan_curv": 0.078917101, "static_susceptibility": 0.22525643888531943, "susceptibility_tier": "low" }, "geometry": { "type": "Point", "coordinates": [ 95.023372253244247, 27.052308492359479 ] } },
{ "type": "Feature", "properties": { "settlement_id": "LGD_0737", "name": "Sonari (MB)", "district": "Charaideo", "source": "LGD", "lon": 95.013209597261564, "lat": 27.032532823369802, "elevation_m": 105.91689, "slope_deg": 3.5333905, "profile_curv": 0.0016335275, "plan_curv": -0.00092378643, "static_susceptibility": 0.24125061041612045, "susceptibility_tier": "low" }, "geometry": { "type": "Point", "coordinates": [ 95.013209597261564, 27.032532823369802 ] } },
{ "type": "Feature", "properties": { "settlement_id": "LGD_0738", "name": "Dakhin Sonari Habi", "district": "Charaideo", "source": "LGD", "lon": 95.034857507981215, "lat": 27.023830184415065, "elevation_m": 104.24517, "slope_deg": 5.1421824, "profile_curv": -0.0014127542, "plan_curv": 0.011876793, "static_susceptibility": 0.24788066814443993, "susceptibility_tier": "low" }, "geometry": { "type": "Point", "coordinates": [ 95.034857507981215, 27.023830184415065 ] } },
{ "type": "Feature", "properties": { "settlement_id": "LGD_0739", "name": "Dakhin Sonari Habi", "district": "Charaideo", "source": "LGD", "lon": 95.028660075102493, "lat": 27.024250231581032, "elevation_m": 106.57244, "slope_deg": 7.6570449, "profile_curv": -0.0022978876, "plan_curv": -0.079518221, "static_susceptibility": 0.27079974944703716, "susceptibility_tier": "low" }, "geometry": { "type": "Point", "coordinates": [ 95.028660075102493, 27.024250231581032 ] } },
{ "type": "Feature", "properties": { "settlement_id": "LGD_0740", "name": " ", "district": "Charaideo", "source": "LGD", "lon": 95.015899914078759, "lat": 27.015506414789929, "elevation_m": 99.5, "slope_deg": 7.0877309, "profile_curv": -0.0080740293, "plan_curv": -0.16038218, "static_susceptibility": 0.27633999974051598, "susceptibility_tier": "low" }, "geometry": { "type": "Point", "coordinates": [ 95.015899914078759, 27.015506414789929 ] } },
{ "type": "Feature", "properties": { "settlement_id": "LGD_0741", "name": "Dakhin Sonari Habi", "district": "Charaideo", "source": "LGD", "lon": 95.032727757611468, "lat": 27.009335455970685, "elevation_m": 106.1459, "slope_deg": 3.7452939, "profile_curv": 0.00036641691, "plan_curv": -0.060065277, "static_susceptibility": 0.24854741953473364, "susceptibility_tier": "low" }, "geometry": { "type": "Point", "coordinates": [ 95.032727757611468, 27.009335455970685 ] } },
{ "type": "Feature", "properties": { "settlement_id": "LGD_0742", "name": "Jobok Habi Gaon", "district": "Charaideo", "source": "LGD", "lon": 95.044789675029335, "lat": 27.006658463189272, "elevation_m": 110.95853, "slope_deg": 2.9197547, "profile_curv": -0.00074760779, "plan_curv": -0.023128914, "static_susceptibility": 0.2416657854135339, "susceptibility_tier": "low" }, "geometry": { "type": "Point", "coordinates": [ 95.044789675029335, 27.006658463189272 ] } },
{ "type": "Feature", "properties": { "settlement_id": "LGD_0743", "name": "Banfera Grant", "district": "Charaideo", "source": "LGD", "lon": 95.053354436588094, "lat": 27.029565705729784, "elevation_m": 107.31879, "slope_deg": 3.1306078, "profile_curv": 0.0029526481, "plan_curv": 0.0085592112, "static_susceptibility": 0.23841295286221925, "susceptibility_tier": "low" }, "geometry": { "type": "Point", "coordinates": [ 95.053354436588094, 27.029565705729784 ] } },
{ "type": "Feature", "properties": { "settlement_id": "LGD_0744", "name": "Joboka Chah Bagicha", "district": "Charaideo", "source": "LGD", "lon": 95.058335309518711, "lat": 27.008596996574571, "elevation_m": 110.78258, "slope_deg": 3.2404475, "profile_curv": 0.0024496594, "plan_curv": 0.011458723, "static_susceptibility": 0.23925644065140497, "susceptibility_tier": "low" }, "geometry": { "type": "Point", "coordinates": [ 95.058335309518711, 27.008596996574571 ] } },
{ "type": "Feature", "properties": { "settlement_id": "LGD_0745", "name": "Raidongia Gaon", "district": "Charaideo", "source": "LGD", "lon": 95.084032183008262, "lat": 27.008523707572699, "elevation_m": 108.56293, "slope_deg": 7.1486716, "profile_curv": 8.3421117e-05, "plan_curv": 0.023025198, "static_susceptibility": 0.25716559212122292, "susceptibility_tier": "low" }, "geometry": { "type": "Point", "coordinates": [ 95.084032183008262, 27.008523707572699 ] } },
{ "type": "Feature", "properties": { "settlement_id": "LGD_0746", "name": "Laloti Pothar No.2", "district": "Charaideo", "source": "LGD", "lon": 95.088205027473705, "lat": 27.001174302814835, "elevation_m": 116.20001, "slope_deg": 6.1475062, "profile_curv": -0.00014598639, "plan_curv": -0.015480084, "static_susceptibility": 0.25751671617876787, "susceptibility_tier": "low" }, "geometry": { "type": "Point", "coordinates": [ 95.088205027473705, 27.001174302814835 ] } },
{ "type": "Feature", "properties": { "settlement_id": "LGD_0747", "name": "Bairagi Habi", "district": "Charaideo", "source": "LGD", "lon": 95.092846828852586, "lat": 27.018331115561139, "elevation_m": 106.5688, "slope_deg": 5.1268325, "profile_curv": -0.0014300323, "plan_curv": 0.010120449, "static_susceptibility": 0.24836522794523611, "susceptibility_tier": "low" }, "geometry": { "type": "Point", "coordinates": [ 95.092846828852586, 27.018331115561139 ] } },
{ "type": "Feature", "properties": { "settlement_id": "LGD_0748", "name": "Lekam Pothar Habi", "district": "Charaideo", "source": "LGD", "lon": 95.087767346223274, "lat": 27.02555835959792, "elevation_m": 106.32257, "slope_deg": 6.211329, "profile_curv": -0.00049720815, "plan_curv": 0.017553531, "static_susceptibility": 0.2527750195693928, "susceptibility_tier": "low" }, "geometry": { "type": "Point", "coordinates": [ 95.087767346223274, 27.02555835959792 ] } },
{ "type": "Feature", "properties": { "settlement_id": "LGD_0749", "name": "Raidongia Na-Kachari", "district": "Charaideo", "source": "LGD", "lon": 95.072990860893995, "lat": 27.019927428653499, "elevation_m": 109.6376, "slope_deg": 6.3616629, "profile_curv": 0.0032455479, "plan_curv": 0.0020860557, "static_susceptibility": 0.25518561460190481, "susceptibility_tier": "low" }, "geometry": { "type": "Point", "coordinates": [ 95.072990860893995, 27.019927428653499 ] } },
{ "type": "Feature", "properties": { "settlement_id": "LGD_0750", "name": "Aideubari Kathoni", "district": "Charaideo", "source": "LGD", "lon": 95.074198599153178, "lat": 27.055373717081515, "elevation_m": 105.29356, "slope_deg": 2.0676363, "profile_curv": -0.0010860701, "plan_curv": 0.064113975, "static_susceptibility": 0.2281141605761125, "susceptibility_tier": "low" }, "geometry": { "type": "Point", "coordinates": [ 95.074198599153178, 27.055373717081515 ] } },
{ "type": "Feature", "properties": { "settlement_id": "LGD_0751", "name": "Aideubari Bagicha Grant", "district": "Charaideo", "source": "LGD", "lon": 95.090901976772088, "lat": 27.048325932529639, "elevation_m": 114.91462, "slope_deg": 5.586525, "profile_curv": 0.0035848569, "plan_curv": 0.015933126, "static_susceptibility": 0.25070632248521529, "susceptibility_tier": "low" }, "geometry": { "type": "Point", "coordinates": [ 95.090901976772088, 27.048325932529639 ] } },
{ "type": "Feature", "properties": { "settlement_id": "LGD_0752", "name": "Tiokhabi Gaon", "district": "Charaideo", "source": "LGD", "lon": 95.096574784710796, "lat": 27.035681770718103, "elevation_m": 105.92712, "slope_deg": 3.5652716, "profile_curv": 0.0001766323, "plan_curv": 0.03311545, "static_susceptibility": 0.23815520329714931, "susceptibility_tier": "low" }, "geometry": { "type": "Point", "coordinates": [ 95.096574784710796, 27.035681770718103 ] } },
{ "type": "Feature", "properties": { "settlement_id": "LGD_0753", "name": "Aideu Bari Habi", "district": "Charaideo", "source": "LGD", "lon": 95.102205146536264, "lat": 27.05473616145823, "elevation_m": 110.98318, "slope_deg": 6.3626838, "profile_curv": 0.0017242496, "plan_curv": 0.005968607, "static_susceptibility": 0.25520999383564108, "susceptibility_tier": "low" }, "geometry": { "type": "Point", "coordinates": [ 95.102205146536264, 27.05473616145823 ] } },
{ "type": "Feature", "properties": { "settlement_id": "LGD_0754", "name": "Jalah Gaon", "district": "Charaideo", "source": "LGD", "lon": 95.111757733121067, "lat": 27.059694465044373, "elevation_m": 107.84902, "slope_deg": 3.3043118, "profile_curv": 0.0004159596, "plan_curv": 0.16681285, "static_susceptibility": 0.22403464414479665, "susceptibility_tier": "low" }, "geometry": { "type": "Point", "coordinates": [ 95.111757733121067, 27.059694465044373 ] } },
{ "type": "Feature", "properties": { "settlement_id": "LGD_0755", "name": "Na- Joboka", "district": "Charaideo", "source": "LGD", "lon": 95.126995299224632, "lat": 27.047553239508634, "elevation_m": 114.45622, "slope_deg": 8.1805067, "profile_curv": 0.003212064, "plan_curv": -0.031667024, "static_susceptibility": 0.26885200222937866, "susceptibility_tier": "low" }, "geometry": { "type": "Point", "coordinates": [ 95.126995299224632, 27.047553239508634 ] } },
{ "type": "Feature", "properties": { "settlement_id": "LGD_0756", "name": "Dolakharia Gaon", "district": "Charaideo", "source": "LGD", "lon": 95.117574964122198, "lat": 27.035588755126614, "elevation_m": 107.37978, "slope_deg": 5.9542952, "profile_curv": 0.00040663793, "plan_curv": 0.075226381, "static_susceptibility": 0.24558052403248951, "susceptibility_tier": "low" }, "geometry": { "type": "Point", "coordinates": [ 95.117574964122198, 27.035588755126614 ] } },
{ "type": "Feature", "properties": { "settlement_id": "LGD_0757", "name": "Purani Joboka", "district": "Charaideo", "source": "LGD", "lon": 95.120118686367945, "lat": 27.023228343558266, "elevation_m": 108.06889, "slope_deg": 5.3017993, "profile_curv": -0.00019830327, "plan_curv": -0.0036194136, "static_susceptibility": 0.25073114142354835, "susceptibility_tier": "low" }, "geometry": { "type": "Point", "coordinates": [ 95.120118686367945, 27.023228343558266 ] } },
{ "type": "Feature", "properties": { "settlement_id": "LGD_0758", "name": "Dolakharia Habi", "district": "Charaideo", "source": "LGD", "lon": 95.100478131533919, "lat": 27.027765464076097, "elevation_m": 106.27435, "slope_deg": 2.46803, "profile_curv": 3.3683071e-05, "plan_curv": -0.28174645, "static_susceptibility": 0.26567769719337458, "susceptibility_tier": "low" }, "geometry": { "type": "Point", "coordinates": [ 95.100478131533919, 27.027765464076097 ] } },
{ "type": "Feature", "properties": { "settlement_id": "LGD_0759", "name": "Bahbari Pothar", "district": "Charaideo", "source": "LGD", "lon": 95.105346573684514, "lat": 27.021019402645287, "elevation_m": 109.21795, "slope_deg": 3.815057, "profile_curv": 0.0008284392, "plan_curv": 0.034356855, "static_susceptibility": 0.23965701459310604, "susceptibility_tier": "low" }, "geometry": { "type": "Point", "coordinates": [ 95.105346573684514, 27.021019402645287 ] } },
{ "type": "Feature", "properties": { "settlement_id": "LGD_0760", "name": "Bahbari Gaon", "district": "Charaideo", "source": "LGD", "lon": 95.103832100967466, "lat": 27.010842764107434, "elevation_m": 108.24393, "slope_deg": 5.4263268, "profile_curv": -0.00013215312, "plan_curv": -0.0014521622, "static_susceptibility": 0.25113971657202028, "susceptibility_tier": "low" }, "geometry": { "type": "Point", "coordinates": [ 95.103832100967466, 27.010842764107434 ] } },
{ "type": "Feature", "properties": { "settlement_id": "LGD_0761", "name": "Tokalimora Bura Gaon", "district": "Charaideo", "source": "LGD", "lon": 95.126413544411307, "lat": 27.015366065981368, "elevation_m": 111.3979, "slope_deg": 7.4171009, "profile_curv": -0.0019082304, "plan_curv": 0.008288743, "static_susceptibility": 0.26083168268791601, "susceptibility_tier": "low" }, "geometry": { "type": "Point", "coordinates": [ 95.126413544411307, 27.015366065981368 ] } },
{ "type": "Feature", "properties": { "settlement_id": "LGD_0762", "name": "Bali Jan Grant", "district": "Charaideo", "source": "LGD", "lon": 95.142393845699786, "lat": 27.005814012687715, "elevation_m": 136.91556, "slope_deg": 8.0746861, "profile_curv": -0.0010285628, "plan_curv": -0.010864019, "static_susceptibility": 0.27046467527595203, "susceptibility_tier": "low" }, "geometry": { "type": "Point", "coordinates": [ 95.142393845699786, 27.005814012687715 ] } },
{ "type": "Feature", "properties": { "settlement_id": "LGD_0763", "name": "Kanu Gaon No.6", "district": "Charaideo", "source": "LGD", "lon": 95.146067497168204, "lat": 27.027485363363351, "elevation_m": 110.74915, "slope_deg": 2.953218, "profile_curv": -3.3854911e-05, "plan_curv": -0.084129982, "static_susceptibility": 0.24795297910534306, "susceptibility_tier": "low" }, "geometry": { "type": "Point", "coordinates": [ 95.146067497168204, 27.027485363363351 ] } },
{ "type": "Feature", "properties": { "settlement_id": "LGD_0764", "name": "Bali Jan Grant", "district": "Charaideo", "source": "LGD", "lon": 95.154112030813252, "lat": 27.015420659984969, "elevation_m": 129.68402, "slope_deg": 7.566741, "profile_curv": 0.00078182702, "plan_curv": 0.0071140896, "static_susceptibility": 0.26441637667621359, "susceptibility_tier": "low" }, "geometry": { "type": "Point", "coordinates": [ 95.154112030813252, 27.015420659984969 ] } },
{ "type": "Feature", "properties": { "settlement_id": "LGD_0765", "name": "Kanubari Gaon No.7", "district": "Charaideo", "source": "LGD", "lon": 95.181636262822735, "lat": 27.031296024937632, "elevation_m": 124.44834, "slope_deg": 4.7308364, "profile_curv": -0.0034055747, "plan_curv": 0.03263735, "static_susceptibility": 0.2472518535256516, "susceptibility_tier": "low" }, "geometry": { "type": "Point", "coordinates": [ 95.181636262822735, 27.031296024937632 ] } },
{ "type": "Feature", "properties": { "settlement_id": "LGD_0766", "name": "Lekam Pathar Habi", "district": "Charaideo", "source": "LGD", "lon": 95.171779690058287, "lat": 27.031610112276532, "elevation_m": 114.54179, "slope_deg": 3.2126672, "profile_curv": -0.00056942669, "plan_curv": 0.024793981, "static_susceptibility": 0.23876426131512965, "susceptibility_tier": "low" }, "geometry": { "type": "Point", "coordinates": [ 95.171779690058287, 27.031610112276532 ] } },
{ "type": "Feature", "properties": { "settlement_id": "LGD_0767", "name": "Kanu Gaon No.6", "district": "Charaideo", "source": "LGD", "lon": 95.16811499059844, "lat": 27.020877574516433, "elevation_m": 124.99459, "slope_deg": 10.180449, "profile_curv": 0.0023880971, "plan_curv": 0.095945582, "static_susceptibility": 0.26718470258385157, "susceptibility_tier": "low" }, "geometry": { "type": "Point", "coordinates": [ 95.16811499059844, 27.020877574516433 ] } },
{ "type": "Feature", "properties": { "settlement_id": "LGD_0768", "name": "Kanu Gaon No.2", "district": "Charaideo", "source": "LGD", "lon": 95.160541337925153, "lat": 27.028509041819444, "elevation_m": 112.25585, "slope_deg": 2.7522504, "profile_curv": -0.000445688, "plan_curv": -0.015067908, "static_susceptibility": 0.24020997459985766, "susceptibility_tier": "low" }, "geometry": { "type": "Point", "coordinates": [ 95.160541337925153, 27.028509041819444 ] } },
{ "type": "Feature", "properties": { "settlement_id": "LGD_0769", "name": "Bhogbari Gaon", "district": "Charaideo", "source": "LGD", "lon": 95.169206925087281, "lat": 27.043110720566201, "elevation_m": 112.85104, "slope_deg": 6.0834255, "profile_curv": -0.0010831304, "plan_curv": 0.01329629, "static_susceptibility": 0.25373562690635493, "susceptibility_tier": "low" }, "geometry": { "type": "Point", "coordinates": [ 95.169206925087281, 27.043110720566201 ] } },
{ "type": "Feature", "properties": { "settlement_id": "LGD_0770", "name": "Chatiyana Guri Borah", "district": "Charaideo", "source": "LGD", "lon": 95.176166049567598, "lat": 27.054667740225746, "elevation_m": 115.29062, "slope_deg": 5.5006261, "profile_curv": -0.00012930742, "plan_curv": 0.035025958, "static_susceptibility": 0.24885849394356274, "susceptibility_tier": "low" }, "geometry": { "type": "Point", "coordinates": [ 95.176166049567598, 27.054667740225746 ] } },
{ "type": "Feature", "properties": { "settlement_id": "LGD_0771", "name": "Chatiyana Guri Borah", "district": "Charaideo", "source": "LGD", "lon": 95.151155010868749, "lat": 27.056027996252169, "elevation_m": 114.22488, "slope_deg": 5.2545295, "profile_curv": -0.0064744335, "plan_curv": 0.007509219, "static_susceptibility": 0.25118451403840741, "susceptibility_tier": "low" }, "geometry": { "type": "Point", "coordinates": [ 95.151155010868749, 27.056027996252169 ] } },
{ "type": "Feature", "properties": { "settlement_id": "LGD_0772", "name": " ", "district": "Charaideo", "source": "LGD", "lon": 95.150344997611839, "lat": 27.042404314629493, "elevation_m": 106.65858, "slope_deg": 0.91347241, "profile_curv": -0.00093716383, "plan_curv": -0.10587683, "static_susceptibility": 0.23976314834018822, "susceptibility_tier": "low" }, "geometry": { "type": "Point", "coordinates": [ 95.150344997611839, 27.042404314629493 ] } },
{ "type": "Feature", "properties": { "settlement_id": "LGD_0773", "name": "Lukhurakhon", "district": "Charaideo", "source": "LGD", "lon": 95.135105299975223, "lat": 27.035684944623753, "elevation_m": 111.6164, "slope_deg": 3.3357425, "profile_curv": -0.0025213375, "plan_curv": -0.044372469, "static_susceptibility": 0.2461920911968507, "susceptibility_tier": "low" }, "geometry": { "type": "Point", "coordinates": [ 95.135105299975223, 27.035684944623753 ] } },
{ "type": "Feature", "properties": { "settlement_id": "LGD_0774", "name": "Saru Pothar Gaon", "district": "Charaideo", "source": "LGD", "lon": 95.130115036686917, "lat": 27.061691220335952, "elevation_m": 107.27922, "slope_deg": 3.3900249, "profile_curv": -0.0012274047, "plan_curv": -0.037758403, "static_susceptibility": 0.24490894373134633, "susceptibility_tier": "low" }, "geometry": { "type": "Point", "coordinates": [ 95.130115036686917, 27.061691220335952 ] } },
{ "type": "Feature", "properties": { "settlement_id": "LGD_0775", "name": "Hawfaw No.2", "district": "Charaideo", "source": "LGD", "lon": 95.13754951701398, "lat": 27.092991446146947, "elevation_m": 107.96091, "slope_deg": 2.8407004, "profile_curv": -0.0014194773, "plan_curv": -0.016345019, "static_susceptibility": 0.24021072396006249, "susceptibility_tier": "low" }, "geometry": { "type": "Point", "coordinates": [ 95.13754951701398, 27.092991446146947 ] } },
{ "type": "Feature", "properties": { "settlement_id": "LGD_0776", "name": "Garia Chiga Gaon", "district": "Charaideo", "source": "LGD", "lon": 95.144597815939463, "lat": 27.080204882518249, "elevation_m": 109.54942, "slope_deg": 6.1303353, "profile_curv": -0.00045210603, "plan_curv": -0.022360584, "static_susceptibility": 0.25709957304258574, "susceptibility_tier": "low" }, "geometry": { "type": "Point", "coordinates": [ 95.144597815939463, 27.080204882518249 ] } },
{ "type": "Feature", "properties": { "settlement_id": "LGD_0777", "name": " ", "district": "Charaideo", "source": "LGD", "lon": 95.151776826700811, "lat": 27.089446882281372, "elevation_m": 109.55933, "slope_deg": 2.8723493, "profile_curv": -0.0017860208, "plan_curv": -0.082631096, "static_susceptibility": 0.24744352131965969, "susceptibility_tier": "low" }, "geometry": { "type": "Point", "coordinates": [ 95.151776826700811, 27.089446882281372 ] } },
{ "type": "Feature", "properties": { "settlement_id": "LGD_0778", "name": "Borah Gaon", "district": "Charaideo", "source": "LGD", "lon": 95.146913775586782, "lat": 27.067625932999444, "elevation_m": 109.36159, "slope_deg": 4.8280153, "profile_curv": -0.00017785875, "plan_curv": 0.01977984, "static_susceptibility": 0.24619152689587526, "susceptibility_tier": "low" }, "geometry": { "type": "Point", "coordinates": [ 95.146913775586782, 27.067625932999444 ] } },
{ "type": "Feature", "properties": { "settlement_id": "LGD_0779", "name": "Balikhatia", "district": "Charaideo", "source": "LGD", "lon": 95.176067102642662, "lat": 27.069710556548241, "elevation_m": 109.80402, "slope_deg": 5.8738308, "profile_curv": 0.00044533354, "plan_curv": 0.18371558, "static_susceptibility": 0.23460043070452988, "susceptibility_tier": "low" }, "geometry": { "type": "Point", "coordinates": [ 95.176067102642662, 27.069710556548241 ] } },
{ "type": "Feature", "properties": { "settlement_id": "LGD_0780", "name": "Sapekhati F.V", "district": "Charaideo", "source": "LGD", "lon": 95.173979340353981, "lat": 27.086983231851956, "elevation_m": 112.00231, "slope_deg": 5.4466958, "profile_curv": -0.0018067451, "plan_curv": -0.03202324, "static_susceptibility": 0.25528848914494817, "susceptibility_tier": "low" }, "geometry": { "type": "Point", "coordinates": [ 95.173979340353981, 27.086983231851956 ] } },
{ "type": "Feature", "properties": { "settlement_id": "LGD_0781", "name": "Garia Chiga Gaon", "district": "Charaideo", "source": "LGD", "lon": 95.162038661866632, "lat": 27.079022580475648, "elevation_m": 111.37853, "slope_deg": 5.9740086, "profile_curv": 0.0010097306, "plan_curv": 0.05720488, "static_susceptibility": 0.2480986783986226, "susceptibility_tier": "low" }, "geometry": { "type": "Point", "coordinates": [ 95.162038661866632, 27.079022580475648 ] } },
{ "type": "Feature", "properties": { "settlement_id": "LGD_0782", "name": "Bortimon", "district": "Charaideo", "source": "LGD", "lon": 95.163458181720088, "lat": 27.101477260727364, "elevation_m": 109.35617, "slope_deg": 3.6162536, "profile_curv": -0.00035110177, "plan_curv": 0.040475909, "static_susceptibility": 0.23826555729210108, "susceptibility_tier": "low" }, "geometry": { "type": "Point", "coordinates": [ 95.163458181720088, 27.101477260727364 ] } },
{ "type": "Feature", "properties": { "settlement_id": "LGD_0783", "name": "Konwari Pothar", "district": "Charaideo", "source": "LGD", "lon": 95.182052079896366, "lat": 27.10037381719529, "elevation_m": 111.26988, "slope_deg": 1.9966713, "profile_curv": -0.00022795284, "plan_curv": -0.050874069, "static_susceptibility": 0.24002680126631601, "susceptibility_tier": "low" }, "geometry": { "type": "Point", "coordinates": [ 95.182052079896366, 27.10037381719529 ] } },
{ "type": "Feature", "properties": { "settlement_id": "LGD_0784", "name": "Ghorajan T.E.No.2", "district": "Charaideo", "source": "LGD", "lon": 95.182304835819252, "lat": 27.112641418211471, "elevation_m": 112.07441, "slope_deg": 4.4872584, "profile_curv": 0.00072061829, "plan_curv": 0.14387445, "static_susceptibility": 0.23235291146618345, "susceptibility_tier": "low" }, "geometry": { "type": "Point", "coordinates": [ 95.182304835819252, 27.112641418211471 ] } },
{ "type": "Feature", "properties": { "settlement_id": "LGD_0785", "name": "Kathia Khunda No.2", "district": "Charaideo", "source": "LGD", "lon": 95.180080330182122, "lat": 27.124520604939391, "elevation_m": 110.19332, "slope_deg": 0.66647404, "profile_curv": -0.00050650176, "plan_curv": -0.71738952, "static_susceptibility": 0.30604802136094267, "susceptibility_tier": "low" }, "geometry": { "type": "Point", "coordinates": [ 95.180080330182122, 27.124520604939391 ] } },
{ "type": "Feature", "properties": { "settlement_id": "LGD_0786", "name": "Kathia Khunda No.1", "district": "Charaideo", "source": "LGD", "lon": 95.154549137118735, "lat": 27.113363373662789, "elevation_m": 112.2335, "slope_deg": 3.7729535, "profile_curv": 0.001763068, "plan_curv": 0.039806958, "static_susceptibility": 0.23925970709014274, "susceptibility_tier": "low" }, "geometry": { "type": "Point", "coordinates": [ 95.154549137118735, 27.113363373662789 ] } },
{ "type": "Feature", "properties": { "settlement_id": "LGD_0787", "name": "Hawfaw No.3", "district": "Charaideo", "source": "LGD", "lon": 95.129993410628728, "lat": 27.099165166072481, "elevation_m": 116.61244, "slope_deg": 3.7305093, "profile_curv": 0.0086338306, "plan_curv": 0.12360875, "static_susceptibility": 0.23050953118202275, "susceptibility_tier": "low" }, "geometry": { "type": "Point", "coordinates": [ 95.129993410628728, 27.099165166072481 ] } },
{ "type": "Feature", "properties": { "settlement_id": "LGD_0788", "name": "Rohan Pothar No.2", "district": "Charaideo", "source": "LGD", "lon": 95.124620794934856, "lat": 27.120452696412492, "elevation_m": 108.16562, "slope_deg": 1.9001131, "profile_curv": -0.00027849083, "plan_curv": -0.11908948, "static_susceptibility": 0.24602941915373353, "susceptibility_tier": "low" }, "geometry": { "type": "Point", "coordinates": [ 95.124620794934856, 27.120452696412492 ] } },
{ "type": "Feature", "properties": { "settlement_id": "LGD_0789", "name": "Timon Bortani", "district": "Charaideo", "source": "LGD", "lon": 95.101868341628418, "lat": 27.110034020084569, "elevation_m": 107.37666, "slope_deg": 2.1727591, "profile_curv": 4.7695379e-05, "plan_curv": 0.025443992, "static_susceptibility": 0.23258112887583698, "susceptibility_tier": "low" }, "geometry": { "type": "Point", "coordinates": [ 95.101868341628418, 27.110034020084569 ] } },
{ "type": "Feature", "properties": { "settlement_id": "LGD_0790", "name": "Hati Pukhuri No.1", "district": "Charaideo", "source": "LGD", "lon": 95.115482398307478, "lat": 27.083876660536781, "elevation_m": 106.43836, "slope_deg": 6.8232512, "profile_curv": -0.0017061463, "plan_curv": 0.034170836, "static_susceptibility": 0.25425567118737635, "susceptibility_tier": "low" }, "geometry": { "type": "Point", "coordinates": [ 95.115482398307478, 27.083876660536781 ] } },
{ "type": "Feature", "properties": { "settlement_id": "LGD_0791", "name": "Halua Gaon", "district": "Charaideo", "source": "LGD", "lon": 95.128047193522534, "lat": 27.079835880135871, "elevation_m": 107.3856, "slope_deg": 5.7981973, "profile_curv": -0.003700926, "plan_curv": -0.0049483515, "static_susceptibility": 0.25368966103679746, "susceptibility_tier": "low" }, "geometry": { "type": "Point", "coordinates": [ 95.128047193522534, 27.079835880135871 ] } },
{ "type": "Feature", "properties": { "settlement_id": "LGD_0792", "name": "Hati Pukhuri No.2", "district": "Charaideo", "source": "LGD", "lon": 95.111882200505278, "lat": 27.087433913003501, "elevation_m": 107.10952, "slope_deg": 5.8024707, "profile_curv": 0.00092916086, "plan_curv": 0.085072957, "static_susceptibility": 0.24372239169163282, "susceptibility_tier": "low" }, "geometry": { "type": "Point", "coordinates": [ 95.111882200505278, 27.087433913003501 ] } },
{ "type": "Feature", "properties": { "settlement_id": "LGD_0793", "name": "Ujan Longpotia No.1", "district": "Charaideo", "source": "LGD", "lon": 95.10196852983637, "lat": 27.094367251136411, "elevation_m": 106.25424, "slope_deg": 5.7674971, "profile_curv": -0.001554753, "plan_curv": -0.062128644, "static_susceptibility": 0.25910067078710558, "susceptibility_tier": "low" }, "geometry": { "type": "Point", "coordinates": [ 95.10196852983637, 27.094367251136411 ] } },
{ "type": "Feature", "properties": { "settlement_id": "LGD_0794", "name": "Ujan Longpotia No.1", "district": "Charaideo", "source": "LGD", "lon": 95.099364195048253, "lat": 27.087683392063749, "elevation_m": 107.66332, "slope_deg": 4.7530198, "profile_curv": -0.0022510202, "plan_curv": -0.0012886021, "static_susceptibility": 0.24800006386329643, "susceptibility_tier": "low" }, "geometry": { "type": "Point", "coordinates": [ 95.099364195048253, 27.087683392063749 ] } },
{ "type": "Feature", "properties": { "settlement_id": "LGD_0795", "name": "Longpotia Habi Gaon", "district": "Charaideo", "source": "LGD", "lon": 95.099345671428438, "lat": 27.075183568727908, "elevation_m": 107.64636, "slope_deg": 4.2682571, "profile_curv": 0.00084231066, "plan_curv": 0.0036777968, "static_susceptibility": 0.24471152448040931, "susceptibility_tier": "low" }, "geometry": { "type": "Point", "coordinates": [ 95.099345671428438, 27.075183568727908 ] } },
{ "type": "Feature", "properties": { "settlement_id": "LGD_0796", "name": "Borhulla Habi Gaon", "district": "Charaideo", "source": "LGD", "lon": 95.090645362528079, "lat": 27.067330854343396, "elevation_m": 105.62137, "slope_deg": 7.7262521, "profile_curv": -0.0032888823, "plan_curv": -0.16134493, "static_susceptibility": 0.28019414921652613, "susceptibility_tier": "low" }, "geometry": { "type": "Point", "coordinates": [ 95.090645362528079, 27.067330854343396 ] } },
{ "type": "Feature", "properties": { "settlement_id": "LGD_0797", "name": "Chowranga Bam", "district": "Charaideo", "source": "LGD", "lon": 95.085340117720705, "lat": 27.074181668131381, "elevation_m": 105.23865, "slope_deg": 3.3527563, "profile_curv": 7.3115363e-05, "plan_curv": 0.053367864, "static_susceptibility": 0.2350245360486031, "susceptibility_tier": "low" }, "geometry": { "type": "Point", "coordinates": [ 95.085340117720705, 27.074181668131381 ] } },
{ "type": "Feature", "properties": { "settlement_id": "LGD_0798", "name": "Longpotia & Longpotia Rly. Stn.", "district": "Charaideo", "source": "LGD", "lon": 95.083781166023982, "lat": 27.089239486309467, "elevation_m": 109.75561, "slope_deg": 5.7795501, "profile_curv": -0.0026371886, "plan_curv": 0.020974178, "static_susceptibility": 0.25112936876193398, "susceptibility_tier": "low" }, "geometry": { "type": "Point", "coordinates": [ 95.083781166023982, 27.089239486309467 ] } },
{ "type": "Feature", "properties": { "settlement_id": "LGD_0799", "name": "Timon Habi Grant", "district": "Charaideo", "source": "LGD", "lon": 95.08581303841909, "lat": 27.111416559334682, "elevation_m": 106.81557, "slope_deg": 7.2980185, "profile_curv": 0.0028577023, "plan_curv": 0.011203825, "static_susceptibility": 0.25850102331017338, "susceptibility_tier": "low" }, "geometry": { "type": "Point", "coordinates": [ 95.08581303841909, 27.111416559334682 ] } },
{ "type": "Feature", "properties": { "settlement_id": "LGD_0800", "name": "Rongswal Pathar", "district": "Charaideo", "source": "LGD", "lon": 95.080406548344939, "lat": 27.118781502265271, "elevation_m": 105.9013, "slope_deg": 3.9197443, "profile_curv": -0.00029276151, "plan_curv": -0.064460509, "static_susceptibility": 0.24990926800908767, "susceptibility_tier": "low" }, "geometry": { "type": "Point", "coordinates": [ 95.080406548344939, 27.118781502265271 ] } },
{ "type": "Feature", "properties": { "settlement_id": "LGD_0801", "name": "Rangabam Habi Gaon", "district": "Charaideo", "source": "LGD", "lon": 95.080474194532457, "lat": 27.129706521016239, "elevation_m": 450.0, "slope_deg": 0.0, "profile_curv": 0.0, "plan_curv": 0.0, "static_susceptibility": 0.28096200578475433, "susceptibility_tier": "low" }, "geometry": { "type": "Point", "coordinates": [ 95.080474194532457, 27.129706521016239 ] } },
{ "type": "Feature", "properties": { "settlement_id": "LGD_0802", "name": "Hatibondha Pathar", "district": "Charaideo", "source": "LGD", "lon": 95.090452942258665, "lat": 27.127748875071763, "elevation_m": 450.0, "slope_deg": 0.0, "profile_curv": 0.0, "plan_curv": 0.0, "static_susceptibility": 0.28096200578475433, "susceptibility_tier": "low" }, "geometry": { "type": "Point", "coordinates": [ 95.090452942258665, 27.127748875071763 ] } },
{ "type": "Feature", "properties": { "settlement_id": "LGD_0803", "name": "Naharani Bam", "district": "Charaideo", "source": "LGD", "lon": 95.101045536700255, "lat": 27.132907934104807, "elevation_m": 450.0, "slope_deg": 0.0, "profile_curv": 0.0, "plan_curv": 0.0, "static_susceptibility": 0.28096200578475433, "susceptibility_tier": "low" }, "geometry": { "type": "Point", "coordinates": [ 95.101045536700255, 27.132907934104807 ] } },
{ "type": "Feature", "properties": { "settlement_id": "LGD_0804", "name": "Bhalukaguri Habi Gaon", "district": "Charaideo", "source": "LGD", "lon": 95.104239577767629, "lat": 27.123655357814854, "elevation_m": 108.18457, "slope_deg": 5.8379822, "profile_curv": -0.0063086743, "plan_curv": 0.0059980219, "static_susceptibility": 0.25322282489749481, "susceptibility_tier": "low" }, "geometry": { "type": "Point", "coordinates": [ 95.104239577767629, 27.123655357814854 ] } },
{ "type": "Feature", "properties": { "settlement_id": "LGD_0805", "name": "Rohon Pothar No.1", "district": "Charaideo", "source": "LGD", "lon": 95.143639643369156, "lat": 27.128857957060081, "elevation_m": 122.95301, "slope_deg": 7.3760233, "profile_curv": 0.0048145028, "plan_curv": 0.32027802, "static_susceptibility": 0.22961288758738155, "susceptibility_tier": "low" }, "geometry": { "type": "Point", "coordinates": [ 95.143639643369156, 27.128857957060081 ] } },
{ "type": "Feature", "properties": { "settlement_id": "LGD_0806", "name": "Sapekhati Gaon", "district": "Charaideo", "source": "LGD", "lon": 95.180767682455667, "lat": 27.142394251352744, "elevation_m": 114.04192, "slope_deg": 7.0400162, "profile_curv": -0.0060392097, "plan_curv": -0.039775923, "static_susceptibility": 0.26509358036060326, "susceptibility_tier": "low" }, "geometry": { "type": "Point", "coordinates": [ 95.180767682455667, 27.142394251352744 ] } },
{ "type": "Feature", "properties": { "settlement_id": "LGD_0807", "name": "Pohuchungi Gaon", "district": "Charaideo", "source": "LGD", "lon": 95.070408314309844, "lat": 27.125824249766733, "elevation_m": 450.0, "slope_deg": 0.0, "profile_curv": 0.0, "plan_curv": 0.0, "static_susceptibility": 0.28096200578475433, "susceptibility_tier": "low" }, "geometry": { "type": "Point", "coordinates": [ 95.070408314309844, 27.125824249766733 ] } },
{ "type": "Feature", "properties": { "settlement_id": "LGD_0808", "name": "Khomon Gaon", "district": "Charaideo", "source": "LGD", "lon": 95.063884214030622, "lat": 27.132550674756089, "elevation_m": 450.0, "slope_deg": 0.0, "profile_curv": 0.0, "plan_curv": 0.0, "static_susceptibility": 0.28096200578475433, "susceptibility_tier": "low" }, "geometry": { "type": "Point", "coordinates": [ 95.063884214030622, 27.132550674756089 ] } },
{ "type": "Feature", "properties": { "settlement_id": "LGD_0809", "name": "Disaw F.V", "district": "Charaideo", "source": "LGD", "lon": 94.99442126798003, "lat": 27.128094684882665, "elevation_m": 105.96098, "slope_deg": 5.8108635, "profile_curv": -0.0024223262, "plan_curv": 0.011127844, "static_susceptibility": 0.25166355550926939, "susceptibility_tier": "low" }, "geometry": { "type": "Point", "coordinates": [ 94.99442126798003, 27.128094684882665 ] } },
{ "type": "Feature", "properties": { "settlement_id": "LGD_0810", "name": " ", "district": "Charaideo", "source": "LGD", "lon": 94.960309815188268, "lat": 27.168774405851547, "elevation_m": 103.01234, "slope_deg": 2.2426109, "profile_curv": -0.00080026971, "plan_curv": -0.011824944, "static_susceptibility": 0.23604746625442694, "susceptibility_tier": "low" }, "geometry": { "type": "Point", "coordinates": [ 94.960309815188268, 27.168774405851547 ] } },
{ "type": "Feature", "properties": { "settlement_id": "LGD_0811", "name": "Solmari Gaon", "district": "Charaideo", "source": "LGD", "lon": 94.97380198315949, "lat": 27.184891290711331, "elevation_m": 450.0, "slope_deg": 0.0, "profile_curv": 0.0, "plan_curv": 0.0, "static_susceptibility": 0.28096200578475433, "susceptibility_tier": "low" }, "geometry": { "type": "Point", "coordinates": [ 94.97380198315949, 27.184891290711331 ] } },
{ "type": "Feature", "properties": { "settlement_id": "LGD_0812", "name": "Bokpora", "district": "Charaideo", "source": "LGD", "lon": 94.951608887450305, "lat": 27.191857362140929, "elevation_m": 109.20132, "slope_deg": 6.0781984, "profile_curv": 0.0050657601, "plan_curv": 0.048687786, "static_susceptibility": 0.24859741125497195, "susceptibility_tier": "low" }, "geometry": { "type": "Point", "coordinates": [ 94.951608887450305, 27.191857362140929 ] } },
{ "type": "Feature", "properties": { "settlement_id": "LGD_0813", "name": "Dakhin Borpothar", "district": "Charaideo", "source": "LGD", "lon": 94.95916559419112, "lat": 27.202230504527623, "elevation_m": 450.0, "slope_deg": 4.5568504, "profile_curv": 0.0015343954, "plan_curv": -0.047140453, "static_susceptibility": 0.31110352341164971, "susceptibility_tier": "low" }, "geometry": { "type": "Point", "coordinates": [ 94.95916559419112, 27.202230504527623 ] } },
{ "type": "Feature", "properties": { "settlement_id": "LGD_0814", "name": "Majpothar", "district": "Charaideo", "source": "LGD", "lon": 94.963028186689584, "lat": 27.217497350227131, "elevation_m": 450.0, "slope_deg": 0.0, "profile_curv": 0.0, "plan_curv": 0.0, "static_susceptibility": 0.28096200578475433, "susceptibility_tier": "low" }, "geometry": { "type": "Point", "coordinates": [ 94.963028186689584, 27.217497350227131 ] } },
{ "type": "Feature", "properties": { "settlement_id": "LGD_0815", "name": "Borpothar", "district": "Charaideo", "source": "LGD", "lon": 94.969276317317934, "lat": 27.208290956102289, "elevation_m": 450.0, "slope_deg": 0.0, "profile_curv": 0.0, "plan_curv": 0.0, "static_susceptibility": 0.28096200578475433, "susceptibility_tier": "low" }, "geometry": { "type": "Point", "coordinates": [ 94.969276317317934, 27.208290956102289 ] } },
{ "type": "Feature", "properties": { "settlement_id": "LGD_0816", "name": "Noloni Bam", "district": "Charaideo", "source": "LGD", "lon": 94.971223238905125, "lat": 27.198078086508783, "elevation_m": 450.0, "slope_deg": 0.0, "profile_curv": 0.0, "plan_curv": 0.0, "static_susceptibility": 0.28096200578475433, "susceptibility_tier": "low" }, "geometry": { "type": "Point", "coordinates": [ 94.971223238905125, 27.198078086508783 ] } },
{ "type": "Feature", "properties": { "settlement_id": "LGD_0817", "name": "Bhekuri Chapari", "district": "Sivasagar", "source": "LGD", "lon": 94.737393634792568, "lat": 27.264719082863923, "elevation_m": 450.0, "slope_deg": 15.0, "profile_curv": 0.0, "plan_curv": 0.0, "static_susceptibility": 0.36686112951077654, "susceptibility_tier": "low" }, "geometry": { "type": "Point", "coordinates": [ 94.737393634792568, 27.264719082863923 ] } },
{ "type": "Feature", "properties": { "settlement_id": "LGD_0818", "name": "Lai Bill", "district": "Sivasagar", "source": "LGD", "lon": 94.724312301251445, "lat": 27.259654562329192, "elevation_m": 450.0, "slope_deg": 15.0, "profile_curv": 0.0, "plan_curv": 0.0, "static_susceptibility": 0.36686112951077654, "susceptibility_tier": "low" }, "geometry": { "type": "Point", "coordinates": [ 94.724312301251445, 27.259654562329192 ] } },
{ "type": "Feature", "properties": { "settlement_id": "SOI_0000", "name": "LOKHO", "district": "Mon", "source": "SoI", "lon": 95.2027883, "lat": 26.9162679, "elevation_m": 742.52728, "slope_deg": 36.264259, "profile_curv": -0.0059076776, "plan_curv": 0.0040123458, "static_susceptibility": 0.56670372033958827, "susceptibility_tier": "moderate" }, "geometry": { "type": "Point", "coordinates": [ 95.2027883, 26.9162679 ] } },
{ "type": "Feature", "properties": { "settlement_id": "SOI_0001", "name": "NOKYAN", "district": "Mon", "source": "SoI", "lon": 95.1990743, "lat": 26.8964415, "elevation_m": 826.94568, "slope_deg": 36.469261, "profile_curv": 0.0042465441, "plan_curv": 0.059427798, "static_susceptibility": 0.57664100271808205, "susceptibility_tier": "moderate" }, "geometry": { "type": "Point", "coordinates": [ 95.1990743, 26.8964415 ] } },
{ "type": "Feature", "properties": { "settlement_id": "SOI_0002", "name": "YANNYU", "district": "Mon", "source": "SoI", "lon": 95.201473, "lat": 26.8822633, "elevation_m": 893.74237, "slope_deg": 32.677219, "profile_curv": 0.0050759637, "plan_curv": 0.0039237621, "static_susceptibility": 0.57382790236060477, "susceptibility_tier": "moderate" }, "geometry": { "type": "Point", "coordinates": [ 95.201473, 26.8822633 ] } },
{ "type": "Feature", "properties": { "settlement_id": "SOI_0003", "name": "Angphang", "district": "Mon", "source": "SoI", "lon": 94.9807748, "lat": 26.4988197, "elevation_m": 1642.3546, "slope_deg": 29.202665, "profile_curv": -0.00061800209, "plan_curv": -0.072437555, "static_susceptibility": 0.71128222041868561, "susceptibility_tier": "high" }, "geometry": { "type": "Point", "coordinates": [ 94.9807748, 26.4988197 ] } },
{ "type": "Feature", "properties": { "settlement_id": "SOI_0004", "name": "Chingtang(Changlang)", "district": "Mon", "source": "SoI", "lon": 94.9540787, "lat": 26.4983488, "elevation_m": 1440.1765, "slope_deg": 27.673679, "profile_curv": 0.00054673501, "plan_curv": 0.012141833, "static_susceptibility": 0.65440527465270748, "susceptibility_tier": "high" }, "geometry": { "type": "Point", "coordinates": [ 94.9540787, 26.4983488 ] } },
{ "type": "Feature", "properties": { "settlement_id": "SOI_0005", "name": "Yangching", "district": "Mon", "source": "SoI", "lon": 94.9508727, "lat": 26.4938759, "elevation_m": 1428.3131, "slope_deg": 32.957214, "profile_curv": -0.0037489098, "plan_curv": 0.012899416, "static_susceptibility": 0.6834350426601824, "susceptibility_tier": "high" }, "geometry": { "type": "Point", "coordinates": [ 94.9508727, 26.4938759 ] } },
{ "type": "Feature", "properties": { "settlement_id": "SOI_0006", "name": "Angcangya", "district": "Mon", "source": "SoI", "lon": 94.9491392, "lat": 26.483151, "elevation_m": 1229.3997, "slope_deg": 22.100721, "profile_curv": -0.00039698751, "plan_curv": -0.0029786809, "static_susceptibility": 0.57893739963657276, "susceptibility_tier": "moderate" }, "geometry": { "type": "Point", "coordinates": [ 94.9491392, 26.483151 ] } },
{ "type": "Feature", "properties": { "settlement_id": "SOI_0007", "name": "Chuchung", "district": "Mon", "source": "SoI", "lon": 94.9413396, "lat": 26.4768194, "elevation_m": 1203.1036, "slope_deg": 30.344166, "profile_curv": -0.0051562525, "plan_curv": -0.0098210545, "static_susceptibility": 0.62699198363415776, "susceptibility_tier": "high" }, "geometry": { "type": "Point", "coordinates": [ 94.9413396, 26.4768194 ] } },
{ "type": "Feature", "properties": { "settlement_id": "SOI_0008", "name": "Jakphang", "district": "Mon", "source": "SoI", "lon": 94.931435, "lat": 26.4610257, "elevation_m": 1159.709, "slope_deg": 28.194992, "profile_curv": 0.0054905973, "plan_curv": -0.0084136361, "static_susceptibility": 0.60273458303255978, "susceptibility_tier": "moderate" }, "geometry": { "type": "Point", "coordinates": [ 94.931435, 26.4610257 ] } },
{ "type": "Feature", "properties": { "settlement_id": "SOI_0009", "name": "Piphima Basa", "district": "Kohima", "source": "SoI", "lon": 93.9489311, "lat": 25.7473433, "elevation_m": 811.87549, "slope_deg": 27.557335, "profile_curv": 0.0038403315, "plan_curv": 0.076190963, "static_susceptibility": 0.51320973598194397, "susceptibility_tier": "moderate" }, "geometry": { "type": "Point", "coordinates": [ 93.9489311, 25.7473433 ] } },
{ "type": "Feature", "properties": { "settlement_id": "SOI_0010", "name": "Piphima Bawe", "district": "Kohima", "source": "SoI", "lon": 93.9682222, "lat": 25.7466015, "elevation_m": 1103.6342, "slope_deg": 30.751389, "profile_curv": 0.0049307058, "plan_curv": 0.072827078, "static_susceptibility": 0.59646633646534897, "susceptibility_tier": "moderate" }, "geometry": { "type": "Point", "coordinates": [ 93.9682222, 25.7466015 ] } },
{ "type": "Feature", "properties": { "settlement_id": "SOI_0011", "name": "Sirhima", "district": "Kohima", "source": "SoI", "lon": 93.8945163, "lat": 25.7396244, "elevation_m": 397.16595, "slope_deg": 9.1395845, "profile_curv": -0.00040958775, "plan_curv": -0.013906872, "static_susceptibility": 0.32356530775824788, "susceptibility_tier": "low" }, "geometry": { "type": "Point", "coordinates": [ 93.8945163, 25.7396244 ] } },
{ "type": "Feature", "properties": { "settlement_id": "SOI_0012", "name": "New Souilanoma", "district": "Dimapur", "source": "SoI", "lon": 93.8676035, "lat": 25.721023, "elevation_m": 377.74268, "slope_deg": 1.8265424, "profile_curv": 0.00050517684, "plan_curv": 0.024874194, "static_susceptibility": 0.27517703478283173, "susceptibility_tier": "low" }, "geometry": { "type": "Point", "coordinates": [ 93.8676035, 25.721023 ] } },
{ "type": "Feature", "properties": { "settlement_id": "SOI_0013", "name": "Khaibung", "district": "Dimapur", "source": "SoI", "lon": 93.8642757, "lat": 25.7121013, "elevation_m": 389.85672, "slope_deg": 1.9464377, "profile_curv": -0.00046191592, "plan_curv": -0.0017110483, "static_susceptibility": 0.2810154262807017, "susceptibility_tier": "low" }, "geometry": { "type": "Point", "coordinates": [ 93.8642757, 25.7121013 ] } },
{ "type": "Feature", "properties": { "settlement_id": "SOI_0014", "name": "Sachenobama", "district": "Dimapur", "source": "SoI", "lon": 93.8751722, "lat": 25.7239451, "elevation_m": 389.88541, "slope_deg": 7.3192902, "profile_curv": 0.0012521589, "plan_curv": 0.083055854, "static_susceptibility": 0.3001662041052755, "susceptibility_tier": "low" }, "geometry": { "type": "Point", "coordinates": [ 93.8751722, 25.7239451 ] } },
{ "type": "Feature", "properties": { "settlement_id": "SOI_0015", "name": "Zhuikhu Bawe", "district": "Dimapur", "source": "SoI", "lon": 93.8848461, "lat": 25.7024413, "elevation_m": 600.39532, "slope_deg": 24.214653, "profile_curv": 0.0025741593, "plan_curv": 0.010699694, "static_susceptibility": 0.45485644915609175, "susceptibility_tier": "moderate" }, "geometry": { "type": "Point", "coordinates": [ 93.8848461, 25.7024413 ] } },
{ "type": "Feature", "properties": { "settlement_id": "SOI_0016", "name": "New Maova", "district": "Dimapur", "source": "SoI", "lon": 93.8638762, "lat": 25.6889709, "elevation_m": 436.0769, "slope_deg": 5.1386461, "profile_curv": 0.0018917071, "plan_curv": 0.078173883, "static_susceptibility": 0.29702830193171376, "susceptibility_tier": "low" }, "geometry": { "type": "Point", "coordinates": [ 93.8638762, 25.6889709 ] } },
{ "type": "Feature", "properties": { "settlement_id": "SOI_0017", "name": "Tsuuma", "district": "Dimapur", "source": "SoI", "lon": 93.8691109, "lat": 25.6876629, "elevation_m": 459.73029, "slope_deg": 8.7866678, "profile_curv": 0.0023183569, "plan_curv": 0.051442783, "static_susceptibility": 0.32505227568978723, "susceptibility_tier": "low" }, "geometry": { "type": "Point", "coordinates": [ 93.8691109, 25.6876629 ] } },
{ "type": "Feature", "properties": { "settlement_id": "SOI_0018", "name": "Hekhezhe", "district": "Dimapur", "source": "SoI", "lon": 93.8765375, "lat": 25.6900535, "elevation_m": 515.88898, "slope_deg": 17.114538, "profile_curv": 0.00059103611, "plan_curv": -0.0048666345, "static_susceptibility": 0.39394248570346113, "susceptibility_tier": "low" }, "geometry": { "type": "Point", "coordinates": [ 93.8765375, 25.6900535 ] } },
{ "type": "Feature", "properties": { "settlement_id": "SOI_0019", "name": "Zhuikhun Basa", "district": "Dimapur", "source": "SoI", "lon": 93.874409, "lat": 25.6886257, "elevation_m": 496.23203, "slope_deg": 15.888652, "profile_curv": -0.0008948652, "plan_curv": -0.0088819154, "static_susceptibility": 0.38302660817506734, "susceptibility_tier": "low" }, "geometry": { "type": "Point", "coordinates": [ 93.874409, 25.6886257 ] } },
{ "type": "Feature", "properties": { "settlement_id": "SOI_0020", "name": "Thekrezenama", "district": "Kohima", "source": "SoI", "lon": 93.9306709, "lat": 25.701415, "elevation_m": 869.57208, "slope_deg": 24.290279, "profile_curv": 5.7721019e-05, "plan_curv": -0.01068762, "static_susceptibility": 0.51697619653473048, "susceptibility_tier": "moderate" }, "geometry": { "type": "Point", "coordinates": [ 93.9306709, 25.701415 ] } },
{ "type": "Feature", "properties": { "settlement_id": "SOI_0021", "name": "Mezoma Basa", "district": "Kohima", "source": "SoI", "lon": 93.9790308, "lat": 25.706251, "elevation_m": 1655.8624, "slope_deg": 30.801651, "profile_curv": -0.00060092588, "plan_curv": -0.0088979071, "static_susceptibility": 0.71505988754925776, "susceptibility_tier": "high" }, "geometry": { "type": "Point", "coordinates": [ 93.9790308, 25.706251 ] } },
{ "type": "Feature", "properties": { "settlement_id": "SOI_0022", "name": "Lalmati", "district": "Kohima", "source": "SoI", "lon": 93.9928658, "lat": 25.7356551, "elevation_m": 927.18915, "slope_deg": 21.347239, "profile_curv": 0.0090269698, "plan_curv": 0.018522017, "static_susceptibility": 0.50449273377221504, "susceptibility_tier": "moderate" }, "geometry": { "type": "Point", "coordinates": [ 93.9928658, 25.7356551 ] } },
{ "type": "Feature", "properties": { "settlement_id": "SOI_0023", "name": "Dzulake (PWD)", "district": "Kohima", "source": "SoI", "lon": 93.9558668, "lat": 25.6210019, "elevation_m": 1792.6963, "slope_deg": 26.26054, "profile_curv": 0.0010515451, "plan_curv": 0.0092260838, "static_susceptibility": 0.71263268432931481, "susceptibility_tier": "high" }, "geometry": { "type": "Point", "coordinates": [ 93.9558668, 25.6210019 ] } },
{ "type": "Feature", "properties": { "settlement_id": "SOI_0024", "name": "Micro Hydel", "district": "Peren", "source": "SoI", "lon": 93.915956, "lat": 25.6112283, "elevation_m": 1483.2063, "slope_deg": 39.749672, "profile_curv": -0.0057823844, "plan_curv": 0.011453023, "static_susceptibility": 0.73063699082416755, "susceptibility_tier": "critical" }, "geometry": { "type": "Point", "coordinates": [ 93.915956, 25.6112283 ] } },
{ "type": "Feature", "properties": { "settlement_id": "SOI_0025", "name": "Zekwera", "district": "Dimapur", "source": "SoI", "lon": 93.9211605, "lat": 25.6201451, "elevation_m": 1736.2581, "slope_deg": 33.779598, "profile_curv": -0.0012565352, "plan_curv": 0.032785691, "static_susceptibility": 0.73988286004790449, "susceptibility_tier": "critical" }, "geometry": { "type": "Point", "coordinates": [ 93.9211605, 25.6201451 ] } },
{ "type": "Feature", "properties": { "settlement_id": "SOI_0026", "name": "Zekwera", "district": "Peren", "source": "SoI", "lon": 93.9009325, "lat": 25.6047785, "elevation_m": 1564.9242, "slope_deg": 29.610472, "profile_curv": 0.0017026525, "plan_curv": 0.013743458, "static_susceptibility": 0.68906752834069485, "susceptibility_tier": "high" }, "geometry": { "type": "Point", "coordinates": [ 93.9009325, 25.6047785 ] } },
{ "type": "Feature", "properties": { "settlement_id": "SOI_0027", "name": "Poilwa (Kenoma)", "district": "Peren", "source": "SoI", "lon": 93.9092434, "lat": 25.5802024, "elevation_m": 1830.8708, "slope_deg": 35.143654, "profile_curv": 0.0065321326, "plan_curv": 0.013412314, "static_susceptibility": 0.76285259433728758, "susceptibility_tier": "critical" }, "geometry": { "type": "Point", "coordinates": [ 93.9092434, 25.5802024 ] } },
{ "type": "Feature", "properties": { "settlement_id": "SOI_0028", "name": "Benreu", "district": "Peren", "source": "SoI", "lon": 93.8585656, "lat": 25.5729369, "elevation_m": 1883.0031, "slope_deg": 33.850822, "profile_curv": -0.00042629911, "plan_curv": 0.014143564, "static_susceptibility": 0.76570019690495561, "susceptibility_tier": "critical" }, "geometry": { "type": "Point", "coordinates": [ 93.8585656, 25.5729369 ] } },
{ "type": "Feature", "properties": { "settlement_id": "SOI_0029", "name": "New Poilwa", "district": "Kohima", "source": "SoI", "lon": 93.9260531, "lat": 25.5823875, "elevation_m": 1891.9459, "slope_deg": 25.602194, "profile_curv": 0.0033815068, "plan_curv": 0.032424267, "static_susceptibility": 0.72360737544941101, "susceptibility_tier": "critical" }, "geometry": { "type": "Point", "coordinates": [ 93.9260531, 25.5823875 ] } },
{ "type": "Feature", "properties": { "settlement_id": "SOI_0030", "name": "Helegam", "district": "Kohima", "source": "SoI", "lon": 93.958241, "lat": 25.5547197, "elevation_m": 1411.0596, "slope_deg": 31.766939, "profile_curv": 0.005930495, "plan_curv": 0.0024163025, "static_susceptibility": 0.67310767507014102, "susceptibility_tier": "high" }, "geometry": { "type": "Point", "coordinates": [ 93.958241, 25.5547197 ] } },
{ "type": "Feature", "properties": { "settlement_id": "SOI_0031", "name": "IMPAI (NAGA)", "district": "Peren", "source": "SoI", "lon": 93.7180831, "lat": 25.4166682, "elevation_m": 1302.7286, "slope_deg": 39.514816, "profile_curv": 0.0092560695, "plan_curv": -0.010252438, "static_susceptibility": 0.69773003582841453, "susceptibility_tier": "high" }, "geometry": { "type": "Point", "coordinates": [ 93.7180831, 25.4166682 ] } },
{ "type": "Feature", "properties": { "settlement_id": "SOI_0032", "name": "NKIALWA NAGA", "district": "Peren", "source": "SoI", "lon": 93.6438748, "lat": 25.4311642, "elevation_m": 1600.7004, "slope_deg": 18.828417, "profile_curv": 0.0034040564, "plan_curv": 0.12205231, "static_susceptibility": 0.61829342615255845, "susceptibility_tier": "moderate" }, "geometry": { "type": "Point", "coordinates": [ 93.6438748, 25.4311642 ] } },
{ "type": "Feature", "properties": { "settlement_id": "SOI_0033", "name": "BAUPUNGWA NAGA", "district": "Peren", "source": "SoI", "lon": 93.6549761, "lat": 25.4079909, "elevation_m": 1228.1874, "slope_deg": 19.590969, "profile_curv": -0.0068885908, "plan_curv": -0.024343614, "static_susceptibility": 0.56658405185406058, "susceptibility_tier": "moderate" }, "geometry": { "type": "Point", "coordinates": [ 93.6549761, 25.4079909 ] } },
{ "type": "Feature", "properties": { "settlement_id": "SOI_0034", "name": "AZAILONG (NAGA)", "district": "Peren", "source": "SoI", "lon": 93.6439254, "lat": 25.4179233, "elevation_m": 1614.6915, "slope_deg": 25.167263, "profile_curv": 0.0021555871, "plan_curv": 0.027236113, "static_susceptibility": 0.67137228758282763, "susceptibility_tier": "high" }, "geometry": { "type": "Point", "coordinates": [ 93.6439254, 25.4179233 ] } },
{ "type": "Feature", "properties": { "settlement_id": "SOI_0035", "name": "RANI COLONY NAGA", "district": "Peren", "source": "SoI", "lon": 93.6411067, "lat": 25.4093879, "elevation_m": 1431.9586, "slope_deg": 19.886978, "profile_curv": -0.00084301241, "plan_curv": 0.038315866, "static_susceptibility": 0.6018771456500619, "susceptibility_tier": "moderate" }, "geometry": { "type": "Point", "coordinates": [ 93.6411067, 25.4093879 ] } },
{ "type": "Feature", "properties": { "settlement_id": "SOI_0036", "name": "TAPEIN (DUPEMA) NAGA", "district": "Peren", "source": "SoI", "lon": 93.6593757, "lat": 25.3463184, "elevation_m": 900.85785, "slope_deg": 31.781786, "profile_curv": 0.0019583644, "plan_curv": -0.010886959, "static_susceptibility": 0.57213713543334987, "susceptibility_tier": "moderate" }, "geometry": { "type": "Point", "coordinates": [ 93.6593757, 25.3463184 ] } },
{ "type": "Feature", "properties": { "settlement_id": "SOI_0037", "name": "KANDUNG (NAGA)", "district": "Peren", "source": "SoI", "lon": 93.7053332, "lat": 25.3763743, "elevation_m": 1036.3032, "slope_deg": 34.536934, "profile_curv": 0.0026866598, "plan_curv": 0.024130926, "static_susceptibility": 0.61311537415024797, "susceptibility_tier": "moderate" }, "geometry": { "type": "Point", "coordinates": [ 93.7053332, 25.3763743 ] } },
{ "type": "Feature", "properties": { "settlement_id": "SOI_0038", "name": "NZAO NAGA", "district": "Peren", "source": "SoI", "lon": 93.6374917, "lat": 25.3128306, "elevation_m": 1318.9656, "slope_deg": 47.432693, "profile_curv": -0.00066796044, "plan_curv": -0.007415161, "static_susceptibility": 0.74346939219728225, "susceptibility_tier": "critical" }, "geometry": { "type": "Point", "coordinates": [ 93.6374917, 25.3128306 ] } },
{ "type": "Feature", "properties": { "settlement_id": "SOI_0039", "name": "New Khunophung", "district": "Peren", "source": "SoI", "lon": 93.6133551, "lat": 25.2131966, "elevation_m": 298.72363, "slope_deg": 10.893527, "profile_curv": 0.00081147364, "plan_curv": 0.10009056, "static_susceptibility": 0.30136932919258186, "susceptibility_tier": "low" }, "geometry": { "type": "Point", "coordinates": [ 93.6133551, 25.2131966 ] } },
{ "type": "Feature", "properties": { "settlement_id": "SOI_0040", "name": "Ngaulong", "district": "Peren", "source": "SoI", "lon": 93.4765339, "lat": 25.3246767, "elevation_m": 1312.021, "slope_deg": 29.793154, "profile_curv": 0.0079986937, "plan_curv": -0.0012036174, "static_susceptibility": 0.64224034303030786, "susceptibility_tier": "high" }, "geometry": { "type": "Point", "coordinates": [ 93.4765339, 25.3246767 ] } },
{ "type": "Feature", "properties": { "settlement_id": "SOI_0041", "name": "NAMTSI NGAULONG NAGA", "district": "Peren", "source": "SoI", "lon": 93.5052142, "lat": 25.2988301, "elevation_m": 1497.6128, "slope_deg": 37.432465, "profile_curv": -0.005784377, "plan_curv": -0.060002256, "static_susceptibility": 0.7289104872108626, "susceptibility_tier": "critical" }, "geometry": { "type": "Point", "coordinates": [ 93.5052142, 25.2988301 ] } },
{ "type": "Feature", "properties": { "settlement_id": "SOI_0042", "name": "LALONG NAGA", "district": "Peren", "source": "SoI", "lon": 93.5399071, "lat": 25.2854146, "elevation_m": 1572.9315, "slope_deg": 33.918499, "profile_curv": -0.0016111581, "plan_curv": 0.011201235, "static_susceptibility": 0.71496833829048245, "susceptibility_tier": "high" }, "geometry": { "type": "Point", "coordinates": [ 93.5399071, 25.2854146 ] } },
{ "type": "Feature", "properties": { "settlement_id": "SOI_0043", "name": "Njauna", "district": "Peren", "source": "SoI", "lon": 93.5704613, "lat": 25.2425713, "elevation_m": 1300.6705, "slope_deg": 35.801189, "profile_curv": 2.3448682e-05, "plan_curv": 0.0083594508, "static_susceptibility": 0.67556563095073441, "susceptibility_tier": "high" }, "geometry": { "type": "Point", "coordinates": [ 93.5704613, 25.2425713 ] } },
{ "type": "Feature", "properties": { "settlement_id": "SOI_0044", "name": "NTU (INTUMA) NAGA", "district": "Peren", "source": "SoI", "lon": 93.6116884, "lat": 25.2668519, "elevation_m": 1089.9861, "slope_deg": 34.130814, "profile_curv": 0.0011007036, "plan_curv": 0.0010515272, "static_susceptibility": 0.62485998391435815, "susceptibility_tier": "high" }, "geometry": { "type": "Point", "coordinates": [ 93.6116884, 25.2668519 ] } },
{ "type": "Feature", "properties": { "settlement_id": "SOI_0045", "name": "CHAMCHA NAGA", "district": "Peren", "source": "SoI", "lon": 93.6066253, "lat": 25.3040071, "elevation_m": 1211.8865, "slope_deg": 40.249123, "profile_curv": 0.0023920895, "plan_curv": -0.056602377, "static_susceptibility": 0.69160884099166986, "susceptibility_tier": "high" }, "geometry": { "type": "Point", "coordinates": [ 93.6066253, 25.3040071 ] } },
{ "type": "Feature", "properties": { "settlement_id": "SOI_0046", "name": "NSUNG NAGA", "district": "Peren", "source": "SoI", "lon": 93.5558516, "lat": 25.3213001, "elevation_m": 1258.1069, "slope_deg": 25.17918, "profile_curv": -0.001792166, "plan_curv": -0.0059289904, "static_susceptibility": 0.60510722756262858, "susceptibility_tier": "moderate" }, "geometry": { "type": "Point", "coordinates": [ 93.5558516, 25.3213001 ] } },
{ "type": "Feature", "properties": { "settlement_id": "SOI_0047", "name": "MECHANGBUNG", "district": "Peren", "source": "SoI", "lon": 93.5244718, "lat": 25.3364693, "elevation_m": 1484.1122, "slope_deg": 37.32066, "profile_curv": 0.0096542314, "plan_curv": 0.012554367, "static_susceptibility": 0.71569277207279658, "susceptibility_tier": "high" }, "geometry": { "type": "Point", "coordinates": [ 93.5244718, 25.3364693 ] } },
{ "type": "Feature", "properties": { "settlement_id": "SOI_0048", "name": "NKIO (INKYO) NAGA", "district": "Peren", "source": "SoI", "lon": 93.5743644, "lat": 25.3931571, "elevation_m": 1633.495, "slope_deg": 32.502205, "profile_curv": -0.0047213016, "plan_curv": -0.053402819, "static_susceptibility": 0.72571391030986854, "susceptibility_tier": "critical" }, "geometry": { "type": "Point", "coordinates": [ 93.5743644, 25.3931571 ] } },
{ "type": "Feature", "properties": { "settlement_id": "SOI_0049", "name": "TENING (HEIMA)", "district": "Peren", "source": "SoI", "lon": 93.6033982, "lat": 25.3544675, "elevation_m": 1331.4089, "slope_deg": 35.008759, "profile_curv": 0.0017959557, "plan_curv": -0.0014543565, "static_susceptibility": 0.67775525285550731, "susceptibility_tier": "high" }, "geometry": { "type": "Point", "coordinates": [ 93.6033982, 25.3544675 ] } },
{ "type": "Feature", "properties": { "settlement_id": "SOI_0050", "name": "TENING (HEIMA) NAGA", "district": "Peren", "source": "SoI", "lon": 93.618098, "lat": 25.3586118, "elevation_m": 1441.8529, "slope_deg": 40.714851, "profile_curv": -0.0035226778, "plan_curv": -0.022275031, "static_susceptibility": 0.7319311904135215, "susceptibility_tier": "critical" }, "geometry": { "type": "Point", "coordinates": [ 93.618098, 25.3586118 ] } },
{ "type": "Feature", "properties": { "settlement_id": "SOI_0051", "name": "NCHANGRAMNAGA", "district": "Peren", "source": "SoI", "lon": 93.63377, "lat": 25.3980262, "elevation_m": 1370.1439, "slope_deg": 29.611818, "profile_curv": 0.0049279099, "plan_curv": -0.021132383, "static_susceptibility": 0.65565052948779778, "susceptibility_tier": "high" }, "geometry": { "type": "Point", "coordinates": [ 93.63377, 25.3980262 ] } },
{ "type": "Feature", "properties": { "settlement_id": "SOI_0052", "name": "Phaikulum", "district": "Peren", "source": "SoI", "lon": 93.4707785, "lat": 25.4380619, "elevation_m": 729.97754, "slope_deg": 22.124786, "profile_curv": 0.00078625104, "plan_curv": 0.019216741, "static_susceptibility": 0.46827614705522086, "susceptibility_tier": "moderate" }, "geometry": { "type": "Point", "coordinates": [ 93.4707785, 25.4380619 ] } },
{ "type": "Feature", "properties": { "settlement_id": "SOI_0053", "name": "Sangau", "district": "Peren", "source": "SoI", "lon": 93.4632733, "lat": 25.4094075, "elevation_m": 654.44586, "slope_deg": 81.35125, "profile_curv": -0.0016852005, "plan_curv": -0.0044117006, "static_susceptibility": 0.79866272274021111, "susceptibility_tier": "critical" }, "geometry": { "type": "Point", "coordinates": [ 93.4632733, 25.4094075 ] } },
{ "type": "Feature", "properties": { "settlement_id": "SOI_0054", "name": "Nkio", "district": "Peren", "source": "SoI", "lon": 93.44854, "lat": 25.4430622, "elevation_m": 481.61871, "slope_deg": 83.566399, "profile_curv": -0.088644691, "plan_curv": 0.0039797719, "static_susceptibility": 0.7931188051341479, "susceptibility_tier": "critical" }, "geometry": { "type": "Point", "coordinates": [ 93.44854, 25.4430622 ] } },
{ "type": "Feature", "properties": { "settlement_id": "SOI_0055", "name": "Phaikulum", "district": "Peren", "source": "SoI", "lon": 93.4501367, "lat": 25.4392324, "elevation_m": 450.0, "slope_deg": 0.0, "profile_curv": 0.0, "plan_curv": 0.0, "static_susceptibility": 0.28096200578475433, "susceptibility_tier": "low" }, "geometry": { "type": "Point", "coordinates": [ 93.4501367, 25.4392324 ] } },
{ "type": "Feature", "properties": { "settlement_id": "SOI_0056", "name": "Sailhem", "district": "Peren", "source": "SoI", "lon": 93.438264, "lat": 25.451264, "elevation_m": 440.20117, "slope_deg": 76.515533, "profile_curv": -0.00097813015, "plan_curv": -0.039572228, "static_susceptibility": 0.74728775449220641, "susceptibility_tier": "critical" }, "geometry": { "type": "Point", "coordinates": [ 93.438264, 25.451264 ] } },
{ "type": "Feature", "properties": { "settlement_id": "SOI_0057", "name": "Khelma", "district": "Peren", "source": "SoI", "lon": 93.4133636, "lat": 25.4656034, "elevation_m": 462.83102, "slope_deg": 15.664588, "profile_curv": -0.0059865098, "plan_curv": -0.026063219, "static_susceptibility": 0.3779175585131605, "susceptibility_tier": "low" }, "geometry": { "type": "Point", "coordinates": [ 93.4133636, 25.4656034 ] } },
{ "type": "Feature", "properties": { "settlement_id": "SOI_0058", "name": "Ikesingram", "district": "Peren", "source": "SoI", "lon": 93.4576149, "lat": 25.4852226, "elevation_m": 532.43335, "slope_deg": 32.197887, "profile_curv": 0.010878318, "plan_curv": 0.040772807, "static_susceptibility": 0.48677591766684852, "susceptibility_tier": "moderate" }, "geometry": { "type": "Point", "coordinates": [ 93.4576149, 25.4852226 ] } },
{ "type": "Feature", "properties": { "settlement_id": "SOI_0059", "name": "KHALJANG KUKI", "district": "Peren", "source": "SoI", "lon": 93.5178192, "lat": 25.4635588, "elevation_m": 552.43982, "slope_deg": 16.765469, "profile_curv": -0.002833101, "plan_curv": -0.01142298, "static_susceptibility": 0.40079135804219251, "susceptibility_tier": "low" }, "geometry": { "type": "Point", "coordinates": [ 93.5178192, 25.4635588 ] } },
{ "type": "Feature", "properties": { "settlement_id": "SOI_0060", "name": "Soget", "district": "Peren", "source": "SoI", "lon": 93.4673285, "lat": 25.4919272, "elevation_m": 445.13657, "slope_deg": 15.331081, "profile_curv": 0.00071622379, "plan_curv": 0.0085184528, "static_susceptibility": 0.36668575888323762, "susceptibility_tier": "low" }, "geometry": { "type": "Point", "coordinates": [ 93.4673285, 25.4919272 ] } },
{ "type": "Feature", "properties": { "settlement_id": "SOI_0061", "name": "Pellhang", "district": "Peren", "source": "SoI", "lon": 93.5671735, "lat": 25.561308, "elevation_m": 439.28964, "slope_deg": 20.645597, "profile_curv": -0.00044186856, "plan_curv": 0.006507738, "static_susceptibility": 0.3989128272812586, "susceptibility_tier": "low" }, "geometry": { "type": "Point", "coordinates": [ 93.5671735, 25.561308 ] } },
{ "type": "Feature", "properties": { "settlement_id": "SOI_0062", "name": "Lilen", "district": "Peren", "source": "SoI", "lon": 93.6069194, "lat": 25.6429039, "elevation_m": 253.95663, "slope_deg": 4.1646914, "profile_curv": -0.00049714645, "plan_curv": 0.038470894, "static_susceptibility": 0.26478713332357523, "susceptibility_tier": "low" }, "geometry": { "type": "Point", "coordinates": [ 93.6069194, 25.6429039 ] } },
{ "type": "Feature", "properties": { "settlement_id": "SOI_0063", "name": "Phanjang", "district": "Peren", "source": "SoI", "lon": 93.6240155, "lat": 25.643126, "elevation_m": 272.68509, "slope_deg": 5.6892829, "profile_curv": 0.00036111122, "plan_curv": 0.043995682, "static_susceptibility": 0.27515370188103339, "susceptibility_tier": "low" }, "geometry": { "type": "Point", "coordinates": [ 93.6240155, 25.643126 ] } },
{ "type": "Feature", "properties": { "settlement_id": "SOI_0064", "name": "Phaizol", "district": "Peren", "source": "SoI", "lon": 93.6082278, "lat": 25.6140158, "elevation_m": 321.40881, "slope_deg": 8.1904678, "profile_curv": -0.0015122216, "plan_curv": 0.026361268, "static_susceptibility": 0.29952142846008012, "susceptibility_tier": "low" }, "geometry": { "type": "Point", "coordinates": [ 93.6082278, 25.6140158 ] } },
{ "type": "Feature", "properties": { "settlement_id": "SOI_0065", "name": "New Chalkot", "district": "Peren", "source": "SoI", "lon": 93.6253186, "lat": 25.6094744, "elevation_m": 396.9317, "slope_deg": 26.094137, "profile_curv": -0.0027582124, "plan_curv": -0.10396722, "static_susceptibility": 0.44011404705732526, "susceptibility_tier": "moderate" }, "geometry": { "type": "Point", "coordinates": [ 93.6253186, 25.6094744 ] } },
{ "type": "Feature", "properties": { "settlement_id": "SOI_0066", "name": "Vongkithen", "district": "Peren", "source": "SoI", "lon": 93.5908469, "lat": 25.599972, "elevation_m": 404.21799, "slope_deg": 14.252402, "profile_curv": -0.0009194992, "plan_curv": 0.030691843, "static_susceptibility": 0.34946502452906625, "susceptibility_tier": "low" }, "geometry": { "type": "Point", "coordinates": [ 93.5908469, 25.599972 ] } },
{ "type": "Feature", "properties": { "settlement_id": "SOI_0067", "name": "Inbung", "district": "Peren", "source": "SoI", "lon": 93.6096144, "lat": 25.5570203, "elevation_m": 701.63745, "slope_deg": 21.081135, "profile_curv": 0.00096306979, "plan_curv": 0.013423584, "static_susceptibility": 0.45612276323834172, "susceptibility_tier": "moderate" }, "geometry": { "type": "Point", "coordinates": [ 93.6096144, 25.5570203 ] } },
{ "type": "Feature", "properties": { "settlement_id": "SOI_0068", "name": "Athibung", "district": "Peren", "source": "SoI", "lon": 93.6203662, "lat": 25.547671, "elevation_m": 728.18024, "slope_deg": 16.527458, "profile_curv": -0.01683763, "plan_curv": -0.018482527, "static_susceptibility": 0.43975869061085432, "susceptibility_tier": "moderate" }, "geometry": { "type": "Point", "coordinates": [ 93.6203662, 25.547671 ] } },
{ "type": "Feature", "properties": { "settlement_id": "SOI_0069", "name": "Songlhuh", "district": "Peren", "source": "SoI", "lon": 93.6133713, "lat": 25.5467204, "elevation_m": 704.78174, "slope_deg": 17.218979, "profile_curv": 0.0024473872, "plan_curv": 0.083769768, "static_susceptibility": 0.42195750438139629, "susceptibility_tier": "low" }, "geometry": { "type": "Point", "coordinates": [ 93.6133713, 25.5467204 ] } },
{ "type": "Feature", "properties": { "settlement_id": "SOI_0070", "name": "New Beisumpui", "district": "Peren", "source": "SoI", "lon": 93.5418457, "lat": 25.5403771, "elevation_m": 347.53067, "slope_deg": 7.0253983, "profile_curv": -0.0024243409, "plan_curv": -0.064256214, "static_susceptibility": 0.30860705258324306, "susceptibility_tier": "low" }, "geometry": { "type": "Point", "coordinates": [ 93.5418457, 25.5403771 ] } },
{ "type": "Feature", "properties": { "settlement_id": "SOI_0071", "name": "Bongkolong", "district": "Peren", "source": "SoI", "lon": 93.5286594, "lat": 25.5376965, "elevation_m": 363.6937, "slope_deg": 7.4696732, "profile_curv": 0.0030487161, "plan_curv": 0.074613929, "static_susceptibility": 0.29694952324255364, "susceptibility_tier": "low" }, "geometry": { "type": "Point", "coordinates": [ 93.5286594, 25.5376965 ] } },
{ "type": "Feature", "properties": { "settlement_id": "SOI_0072", "name": "Pasompui (Nisampi)", "district": "Peren", "source": "SoI", "lon": 93.5490362, "lat": 25.5105307, "elevation_m": 819.42743, "slope_deg": 34.693909, "profile_curv": -0.0015093241, "plan_curv": 0.039032836, "static_susceptibility": 0.56740545061549452, "susceptibility_tier": "moderate" }, "geometry": { "type": "Point", "coordinates": [ 93.5490362, 25.5105307 ] } },
{ "type": "Feature", "properties": { "settlement_id": "SOI_0073", "name": "Tatpuiluwa", "district": "Peren", "source": "SoI", "lon": 93.5609571, "lat": 25.5175283, "elevation_m": 753.32318, "slope_deg": 22.482809, "profile_curv": 0.0074540311, "plan_curv": -0.0020473327, "static_susceptibility": 0.4774152149189686, "susceptibility_tier": "moderate" }, "geometry": { "type": "Point", "coordinates": [ 93.5609571, 25.5175283 ] } },
{ "type": "Feature", "properties": { "settlement_id": "SOI_0074", "name": "Old Beisumpui", "district": "Peren", "source": "SoI", "lon": 93.5684057, "lat": 25.5203605, "elevation_m": 896.2489, "slope_deg": 30.708208, "profile_curv": -0.00226122, "plan_curv": -0.0068040546, "static_susceptibility": 0.56442359230823269, "susceptibility_tier": "moderate" }, "geometry": { "type": "Point", "coordinates": [ 93.5684057, 25.5203605 ] } },
{ "type": "Feature", "properties": { "settlement_id": "SOI_0075", "name": "SONGSANG", "district": "Peren", "source": "SoI", "lon": 93.6178576, "lat": 25.4626063, "elevation_m": 1397.1447, "slope_deg": 24.159876, "profile_curv": 0.0047068498, "plan_curv": 0.038561642, "static_susceptibility": 0.62039834396758364, "susceptibility_tier": "high" }, "geometry": { "type": "Point", "coordinates": [ 93.6178576, 25.4626063 ] } },
{ "type": "Feature", "properties": { "settlement_id": "SOI_0076", "name": "MBAULWA (NAGA)", "district": "Peren", "source": "SoI", "lon": 93.6464891, "lat": 25.4547137, "elevation_m": 1450.8612, "slope_deg": 28.667463, "profile_curv": 0.0015789587, "plan_curv": 0.019026844, "static_susceptibility": 0.66133971932659275, "susceptibility_tier": "high" }, "geometry": { "type": "Point", "coordinates": [ 93.6464891, 25.4547137 ] } },
{ "type": "Feature", "properties": { "settlement_id": "SOI_0077", "name": "TESEN BAMGO (NAGA)", "district": "Peren", "source": "SoI", "lon": 93.6702567, "lat": 25.4663662, "elevation_m": 1409.8696, "slope_deg": 42.991928, "profile_curv": -0.00044788109, "plan_curv": 0.043364067, "static_susceptibility": 0.73065217970660679, "susceptibility_tier": "critical" }, "geometry": { "type": "Point", "coordinates": [ 93.6702567, 25.4663662 ] } },
{ "type": "Feature", "properties": { "settlement_id": "SOI_0078", "name": "New Peren", "district": "Peren", "source": "SoI", "lon": 93.6652694, "lat": 25.539398, "elevation_m": 897.76428, "slope_deg": 25.85463, "profile_curv": -0.0067809178, "plan_curv": -0.0074561159, "static_susceptibility": 0.53408645830084323, "susceptibility_tier": "moderate" }, "geometry": { "type": "Point", "coordinates": [ 93.6652694, 25.539398 ] } },
{ "type": "Feature", "properties": { "settlement_id": "SOI_0079", "name": "Peren", "district": "Peren", "source": "SoI", "lon": 93.734617, "lat": 25.5382862, "elevation_m": 1343.3999, "slope_deg": 21.044323, "profile_curv": 0.0013196636, "plan_curv": 0.012433346, "static_susceptibility": 0.59380613399902504, "susceptibility_tier": "moderate" }, "geometry": { "type": "Point", "coordinates": [ 93.734617, 25.5382862 ] } },
{ "type": "Feature", "properties": { "settlement_id": "SOI_0080", "name": "Old Peren", "district": "Peren", "source": "SoI", "lon": 93.7385731, "lat": 25.5120436, "elevation_m": 1442.8666, "slope_deg": 31.360851, "profile_curv": 0.0039282111, "plan_curv": 0.16644691, "static_susceptibility": 0.65693568387647261, "susceptibility_tier": "high" }, "geometry": { "type": "Point", "coordinates": [ 93.7385731, 25.5120436 ] } },
{ "type": "Feature", "properties": { "settlement_id": "SOI_0081", "name": "Puilwa", "district": "Peren", "source": "SoI", "lon": 93.7576896, "lat": 25.4730424, "elevation_m": 1311.1307, "slope_deg": 28.363651, "profile_curv": -0.00023561918, "plan_curv": -0.044649862, "static_susceptibility": 0.64032096669617888, "susceptibility_tier": "high" }, "geometry": { "type": "Point", "coordinates": [ 93.7576896, 25.4730424 ] } },
{ "type": "Feature", "properties": { "settlement_id": "SOI_0082", "name": "Namtsi Puilwa", "district": "Peren", "source": "SoI", "lon": 93.7912135, "lat": 25.4795894, "elevation_m": 1042.7784, "slope_deg": 15.802256, "profile_curv": 0.0027731822, "plan_curv": 0.016981956, "static_susceptibility": 0.49446496254320371, "susceptibility_tier": "moderate" }, "geometry": { "type": "Point", "coordinates": [ 93.7912135, 25.4795894 ] } },
{ "type": "Feature", "properties": { "settlement_id": "SOI_0083", "name": "Peletkie(Lakema)", "district": "Peren", "source": "SoI", "lon": 93.7583205, "lat": 25.5640194, "elevation_m": 1346.9479, "slope_deg": 30.375858, "profile_curv": 0.007599093, "plan_curv": 0.029705007, "static_susceptibility": 0.64881486081354145, "susceptibility_tier": "high" }, "geometry": { "type": "Point", "coordinates": [ 93.7583205, 25.5640194 ] } },
{ "type": "Feature", "properties": { "settlement_id": "SOI_0084", "name": "Lamhai", "district": "Peren", "source": "SoI", "lon": 93.7821405, "lat": 25.6005007, "elevation_m": 1283.4642, "slope_deg": 31.128103, "profile_curv": -0.0099274451, "plan_curv": 0.0059828847, "static_susceptibility": 0.64662562643973154, "susceptibility_tier": "high" }, "geometry": { "type": "Point", "coordinates": [ 93.7821405, 25.6005007 ] } },
{ "type": "Feature", "properties": { "settlement_id": "SOI_0085", "name": "Ndunglwa", "district": "Peren", "source": "SoI", "lon": 93.7913234, "lat": 25.5611103, "elevation_m": 1541.7704, "slope_deg": 22.793442, "profile_curv": 0.0028436615, "plan_curv": 0.012302092, "static_susceptibility": 0.64488242888297165, "susceptibility_tier": "high" }, "geometry": { "type": "Point", "coordinates": [ 93.7913234, 25.5611103 ] } },
{ "type": "Feature", "properties": { "settlement_id": "SOI_0086", "name": "Pedi (PWD)", "district": "Peren", "source": "SoI", "lon": 93.828115, "lat": 25.5958037, "elevation_m": 1577.83, "slope_deg": 31.170303, "profile_curv": 0.00083102606, "plan_curv": 0.01363728, "static_susceptibility": 0.70027424956613382, "susceptibility_tier": "high" }, "geometry": { "type": "Point", "coordinates": [ 93.828115, 25.5958037 ] } },
{ "type": "Feature", "properties": { "settlement_id": "SOI_0087", "name": "Ngwalwa", "district": "Peren", "source": "SoI", "lon": 93.8197699, "lat": 25.6117007, "elevation_m": 1372.9401, "slope_deg": 43.586975, "profile_curv": 0.0027324175, "plan_curv": 0.065851569, "static_susceptibility": 0.7244825625587058, "susceptibility_tier": "critical" }, "geometry": { "type": "Point", "coordinates": [ 93.8197699, 25.6117007 ] } },
{ "type": "Feature", "properties": { "settlement_id": "SOI_0088", "name": "Gaili", "district": "Peren", "source": "SoI", "lon": 93.8331864, "lat": 25.6220584, "elevation_m": 1062.5811, "slope_deg": 35.506531, "profile_curv": 0.0060957777, "plan_curv": 0.014841784, "static_susceptibility": 0.62513175038549129, "susceptibility_tier": "high" }, "geometry": { "type": "Point", "coordinates": [ 93.8331864, 25.6220584 ] } },
{ "type": "Feature", "properties": { "settlement_id": "SOI_0089", "name": "New Gaili", "district": "Peren", "source": "SoI", "lon": 93.8176119, "lat": 25.6530548, "elevation_m": 653.50165, "slope_deg": 21.382168, "profile_curv": 0.00038578044, "plan_curv": 0.015267759, "static_susceptibility": 0.44759458812758379, "susceptibility_tier": "moderate" }, "geometry": { "type": "Point", "coordinates": [ 93.8176119, 25.6530548 ] } },
{ "type": "Feature", "properties": { "settlement_id": "SOI_0090", "name": "Gaili", "district": "Peren", "source": "SoI", "lon": 93.8086199, "lat": 25.657964, "elevation_m": 493.12503, "slope_deg": 8.3635139, "profile_curv": -0.00038217515, "plan_curv": 0.028005728, "static_susceptibility": 0.33228064721498629, "susceptibility_tier": "low" }, "geometry": { "type": "Point", "coordinates": [ 93.8086199, 25.657964 ] } },
{ "type": "Feature", "properties": { "settlement_id": "SOI_0091", "name": "Hetageme Agricultural Farm", "district": "Peren", "source": "SoI", "lon": 93.7819037, "lat": 25.6518983, "elevation_m": 491.43329, "slope_deg": 19.484499, "profile_curv": -0.0046594492, "plan_curv": -0.01767318, "static_susceptibility": 0.40639998859695414, "susceptibility_tier": "low" }, "geometry": { "type": "Point", "coordinates": [ 93.7819037, 25.6518983 ] } },
{ "type": "Feature", "properties": { "settlement_id": "SOI_0092", "name": "Hainakui", "district": "Peren", "source": "SoI", "lon": 93.7813182, "lat": 25.6103722, "elevation_m": 937.69696, "slope_deg": 18.672194, "profile_curv": 0.0021435092, "plan_curv": -0.0047327946, "static_susceptibility": 0.4936585725968719, "susceptibility_tier": "moderate" }, "geometry": { "type": "Point", "coordinates": [ 93.7813182, 25.6103722 ] } },
{ "type": "Feature", "properties": { "settlement_id": "SOI_0093", "name": "Dungki", "district": "Peren", "source": "SoI", "lon": 93.7367064, "lat": 25.6399304, "elevation_m": 550.97217, "slope_deg": 11.666527, "profile_curv": 0.0037197864, "plan_curv": 0.52954167, "static_susceptibility": 0.30111620812083267, "susceptibility_tier": "low" }, "geometry": { "type": "Point", "coordinates": [ 93.7367064, 25.6399304 ] } },
{ "type": "Feature", "properties": { "settlement_id": "SOI_0094", "name": "Deukoram", "district": "Peren", "source": "SoI", "lon": 93.7346079, "lat": 25.6160528, "elevation_m": 525.77759, "slope_deg": 20.38928, "profile_curv": 0.0012295255, "plan_curv": -0.0019858256, "static_susceptibility": 0.41623778903869529, "susceptibility_tier": "low" }, "geometry": { "type": "Point", "coordinates": [ 93.7346079, 25.6160528 ] } },
{ "type": "Feature", "properties": { "settlement_id": "SOI_0095", "name": "Upper Jalukie", "district": "Peren", "source": "SoI", "lon": 93.7286152, "lat": 25.5702408, "elevation_m": 1129.552, "slope_deg": 40.025867, "profile_curv": -0.0051915566, "plan_curv": -0.013220953, "static_susceptibility": 0.67079419195608236, "susceptibility_tier": "high" }, "geometry": { "type": "Point", "coordinates": [ 93.7286152, 25.5702408 ] } },
{ "type": "Feature", "properties": { "settlement_id": "SOI_0096", "name": "Lower Jalukie", "district": "Peren", "source": "SoI", "lon": 93.709251, "lat": 25.5931431, "elevation_m": 651.48352, "slope_deg": 19.895937, "profile_curv": -0.005160891, "plan_curv": -0.015741972, "static_susceptibility": 0.44274657694077796, "susceptibility_tier": "moderate" }, "geometry": { "type": "Point", "coordinates": [ 93.709251, 25.5931431 ] } },
{ "type": "Feature", "properties": { "settlement_id": "SOI_0097", "name": "Kejang Lo", "district": "Peren", "source": "SoI", "lon": 93.6817121, "lat": 25.5860055, "elevation_m": 721.26233, "slope_deg": 23.319469, "profile_curv": 0.001706333, "plan_curv": 0.0020125443, "static_susceptibility": 0.47642721180550268, "susceptibility_tier": "moderate" }, "geometry": { "type": "Point", "coordinates": [ 93.6817121, 25.5860055 ] } },
{ "type": "Feature", "properties": { "settlement_id": "SOI_0098", "name": "Chalkot", "district": "Peren", "source": "SoI", "lon": 93.6369763, "lat": 25.5528073, "elevation_m": 740.92902, "slope_deg": 20.962772, "profile_curv": 0.011137888, "plan_curv": 0.0082209064, "static_susceptibility": 0.4627199892367157, "susceptibility_tier": "moderate" }, "geometry": { "type": "Point", "coordinates": [ 93.6369763, 25.5528073 ] } },
{ "type": "Feature", "properties": { "settlement_id": "SOI_0099", "name": "Saijang", "district": "Peren", "source": "SoI", "lon": 93.6456633, "lat": 25.6172745, "elevation_m": 383.13202, "slope_deg": 16.420006, "profile_curv": 0.0053252736, "plan_curv": -0.0047918977, "static_susceptibility": 0.36180739191700689, "susceptibility_tier": "low" }, "geometry": { "type": "Point", "coordinates": [ 93.6456633, 25.6172745 ] } },
{ "type": "Feature", "properties": { "settlement_id": "SOI_0100", "name": "Thenjol", "district": "Peren", "source": "SoI", "lon": 93.6621002, "lat": 25.6096758, "elevation_m": 378.16434, "slope_deg": 11.215002, "profile_curv": -0.0012748, "plan_curv": 0.015571937, "static_susceptibility": 0.32846829815365564, "susceptibility_tier": "low" }, "geometry": { "type": "Point", "coordinates": [ 93.6621002, 25.6096758 ] } },
{ "type": "Feature", "properties": { "settlement_id": "SOI_0101", "name": "Jalukie B", "district": "Peren", "source": "SoI", "lon": 93.6837177, "lat": 25.6246595, "elevation_m": 363.60303, "slope_deg": 3.6704514, "profile_curv": -0.00075570587, "plan_curv": -0.0024755378, "static_susceptibility": 0.28571779528610569, "susceptibility_tier": "low" }, "geometry": { "type": "Point", "coordinates": [ 93.6837177, 25.6246595 ] } },
{ "type": "Feature", "properties": { "settlement_id": "SOI_0102", "name": "Jaluke", "district": "Dimapur", "source": "SoI", "lon": 93.666598, "lat": 25.6510079, "elevation_m": 339.8222, "slope_deg": 7.5944772, "profile_curv": -0.0036705958, "plan_curv": -0.0044071586, "static_susceptibility": 0.30350411397517119, "susceptibility_tier": "low" }, "geometry": { "type": "Point", "coordinates": [ 93.666598, 25.6510079 ] } },
{ "type": "Feature", "properties": { "settlement_id": "SOI_0103", "name": "Samjuram", "district": "Peren", "source": "SoI", "lon": 93.6526638, "lat": 25.6352502, "elevation_m": 334.03235, "slope_deg": 2.8782389, "profile_curv": -0.00049201748, "plan_curv": -0.032080982, "static_susceptibility": 0.27959103796466211, "susceptibility_tier": "low" }, "geometry": { "type": "Point", "coordinates": [ 93.6526638, 25.6352502 ] } },
{ "type": "Feature", "properties": { "settlement_id": "SOI_0104", "name": "Jalukie Lo", "district": "Dimapur", "source": "SoI", "lon": 93.6515425, "lat": 25.6776251, "elevation_m": 315.5101, "slope_deg": 17.327473, "profile_curv": 0.0078819068, "plan_curv": -0.013888229, "static_susceptibility": 0.35454965879407896, "susceptibility_tier": "low" }, "geometry": { "type": "Point", "coordinates": [ 93.6515425, 25.6776251 ] } },
{ "type": "Feature", "properties": { "settlement_id": "SOI_0105", "name": "KIYEVI", "district": "Dimapur", "source": "SoI", "lon": 93.6839926, "lat": 25.6825126, "elevation_m": 360.79935, "slope_deg": 23.261173, "profile_curv": -0.0041847657, "plan_curv": -0.0070377244, "static_susceptibility": 0.40151527679595078, "susceptibility_tier": "low" }, "geometry": { "type": "Point", "coordinates": [ 93.6839926, 25.6825126 ] } },
{ "type": "Feature", "properties": { "settlement_id": "SOI_0106", "name": "Ghoto", "district": "Dimapur", "source": "SoI", "lon": 93.6480929, "lat": 25.720642, "elevation_m": 214.35635, "slope_deg": 4.8263807, "profile_curv": 0.0023287977, "plan_curv": 0.13466974, "static_susceptibility": 0.25095201110862936, "susceptibility_tier": "low" }, "geometry": { "type": "Point", "coordinates": [ 93.6480929, 25.720642 ] } },
{ "type": "Feature", "properties": { "settlement_id": "SOI_0107", "name": "Akaheto", "district": "Dimapur", "source": "SoI", "lon": 93.6857302, "lat": 25.739596, "elevation_m": 207.11473, "slope_deg": 6.7827983, "profile_curv": 0.00071969576, "plan_curv": -0.012538714, "static_susceptibility": 0.27574577602707406, "susceptibility_tier": "low" }, "geometry": { "type": "Point", "coordinates": [ 93.6857302, 25.739596 ] } },
{ "type": "Feature", "properties": { "settlement_id": "SOI_0108", "name": "Pimla", "district": "Dimapur", "source": "SoI", "lon": 93.6634068, "lat": 25.7371357, "elevation_m": 204.23103, "slope_deg": 5.6582594, "profile_curv": 0.0006452041, "plan_curv": 0.076324657, "static_susceptibility": 0.25981765777610299, "susceptibility_tier": "low" }, "geometry": { "type": "Point", "coordinates": [ 93.6634068, 25.7371357 ] } },
{ "type": "Feature", "properties": { "settlement_id": "SOI_0109", "name": "Zutovi", "district": "Dimapur", "source": "SoI", "lon": 93.6651418, "lat": 25.7322271, "elevation_m": 205.28307, "slope_deg": 3.9533875, "profile_curv": -0.0032228811, "plan_curv": -0.053724363, "static_susceptibility": 0.26582399924859679, "susceptibility_tier": "low" }, "geometry": { "type": "Point", "coordinates": [ 93.6651418, 25.7322271 ] } },
{ "type": "Feature", "properties": { "settlement_id": "SOI_0110", "name": "Mhainamtsi", "district": "Dimapur", "source": "SoI", "lon": 93.70345, "lat": 25.6710028, "elevation_m": 324.43771, "slope_deg": 4.0959315, "profile_curv": 0.00015150635, "plan_curv": -0.046524681, "static_susceptibility": 0.28592122466787473, "susceptibility_tier": "low" }, "geometry": { "type": "Point", "coordinates": [ 93.70345, 25.6710028 ] } },
{ "type": "Feature", "properties": { "settlement_id": "SOI_0111", "name": "New Jaluke", "district": "Dimapur", "source": "SoI", "lon": 93.6962441, "lat": 25.6627968, "elevation_m": 325.00748, "slope_deg": 4.2670836, "profile_curv": 0.00086354173, "plan_curv": 0.11947059, "static_susceptibility": 0.26838507889586471, "susceptibility_tier": "low" }, "geometry": { "type": "Point", "coordinates": [ 93.6962441, 25.6627968 ] } },
{ "type": "Feature", "properties": { "settlement_id": "SOI_0112", "name": "Kureh", "district": "Dimapur", "source": "SoI", "lon": 93.6923285, "lat": 25.6635166, "elevation_m": 319.91422, "slope_deg": 4.8301134, "profile_curv": -0.0012884316, "plan_curv": 0.029481225, "static_susceptibility": 0.28069313445492716, "susceptibility_tier": "low" }, "geometry": { "type": "Point", "coordinates": [ 93.6923285, 25.6635166 ] } },
{ "type": "Feature", "properties": { "settlement_id": "SOI_0113", "name": "Kiyevi", "district": "Peren", "source": "SoI", "lon": 93.7287684, "lat": 25.6700433, "elevation_m": 440.88388, "slope_deg": 12.821216, "profile_curv": -0.0011592973, "plan_curv": -0.062099721, "static_susceptibility": 0.35995084203849331, "susceptibility_tier": "low" }, "geometry": { "type": "Point", "coordinates": [ 93.7287684, 25.6700433 ] } },
{ "type": "Feature", "properties": { "settlement_id": "SOI_0114", "name": "New Poilwa", "district": "Peren", "source": "SoI", "lon": 93.7637022, "lat": 25.6645241, "elevation_m": 415.23071, "slope_deg": 21.013416, "profile_curv": -0.012909329, "plan_curv": -0.0047152229, "static_susceptibility": 0.39985782519791768, "susceptibility_tier": "low" }, "geometry": { "type": "Point", "coordinates": [ 93.7637022, 25.6645241 ] } },
{ "type": "Feature", "properties": { "settlement_id": "SOI_0115", "name": "Poilwa", "district": "Peren", "source": "SoI", "lon": 93.7597226, "lat": 25.6716414, "elevation_m": 398.02637, "slope_deg": 26.438046, "profile_curv": -0.0014173815, "plan_curv": -0.084754296, "static_susceptibility": 0.43971267895772936, "susceptibility_tier": "moderate" }, "geometry": { "type": "Point", "coordinates": [ 93.7597226, 25.6716414 ] } },
{ "type": "Feature", "properties": { "settlement_id": "SOI_0116", "name": "Heningkunglwa", "district": "Peren", "source": "SoI", "lon": 93.775007, "lat": 25.6682956, "elevation_m": 501.21729, "slope_deg": 8.1464682, "profile_curv": 0.0041638282, "plan_curv": 1.0183895, "static_susceptibility": 0.22288457363472375, "susceptibility_tier": "low" }, "geometry": { "type": "Point", "coordinates": [ 93.775007, 25.6682956 ] } },
{ "type": "Feature", "properties": { "settlement_id": "SOI_0117", "name": "New Ngwalwa", "district": "Peren", "source": "SoI", "lon": 93.783755, "lat": 25.6620159, "elevation_m": 519.79486, "slope_deg": 10.250361, "profile_curv": -0.00074225385, "plan_curv": -0.015944565, "static_susceptibility": 0.35421047780757764, "susceptibility_tier": "low" }, "geometry": { "type": "Point", "coordinates": [ 93.783755, 25.6620159 ] } },
{ "type": "Feature", "properties": { "settlement_id": "SOI_0118", "name": "Itwopungluzai", "district": "Peren", "source": "SoI", "lon": 93.7943164, "lat": 25.6629699, "elevation_m": 509.68237, "slope_deg": 9.8521433, "profile_curv": 0.0019764164, "plan_curv": 0.037005909, "static_susceptibility": 0.34273939546271753, "susceptibility_tier": "low" }, "geometry": { "type": "Point", "coordinates": [ 93.7943164, 25.6629699 ] } },
{ "type": "Feature", "properties": { "settlement_id": "SOI_0119", "name": "Punglwa", "district": "Dimapur", "source": "SoI", "lon": 93.8546262, "lat": 25.6626846, "elevation_m": 689.87848, "slope_deg": 23.099655, "profile_curv": 0.00095129112, "plan_curv": 0.0041772812, "static_susceptibility": 0.46804300950477562, "susceptibility_tier": "moderate" }, "geometry": { "type": "Point", "coordinates": [ 93.8546262, 25.6626846 ] } },
{ "type": "Feature", "properties": { "settlement_id": "SOI_0120", "name": "Punglwa", "district": "Dimapur", "source": "SoI", "lon": 93.8441411, "lat": 25.6750414, "elevation_m": 455.56641, "slope_deg": 9.4544363, "profile_curv": -0.0031600047, "plan_curv": -0.070566811, "static_susceptibility": 0.34408205231440042, "susceptibility_tier": "low" }, "geometry": { "type": "Point", "coordinates": [ 93.8441411, 25.6750414 ] } },
{ "type": "Feature", "properties": { "settlement_id": "SOI_0121", "name": "Maova", "district": "Dimapur", "source": "SoI", "lon": 93.84722, "lat": 25.7017893, "elevation_m": 363.91827, "slope_deg": 7.3721676, "profile_curv": -0.002634357, "plan_curv": -0.10063061, "static_susceptibility": 0.31799378854297072, "susceptibility_tier": "low" }, "geometry": { "type": "Point", "coordinates": [ 93.84722, 25.7017893 ] } },
{ "type": "Feature", "properties": { "settlement_id": "SOI_0122", "name": "New Ruzaphema", "district": "Dimapur", "source": "SoI", "lon": 93.8351886, "lat": 25.7085052, "elevation_m": 332.50046, "slope_deg": 2.1911457, "profile_curv": 0.00031076575, "plan_curv": 0.0097159715, "static_susceptibility": 0.27098829031689703, "susceptibility_tier": "low" }, "geometry": { "type": "Point", "coordinates": [ 93.8351886, 25.7085052 ] } },
{ "type": "Feature", "properties": { "settlement_id": "SOI_0123", "name": "Chathe", "district": "Dimapur", "source": "SoI", "lon": 93.8456963, "lat": 25.7125603, "elevation_m": 355.66367, "slope_deg": 2.4265506, "profile_curv": -0.0014806499, "plan_curv": -0.0025813626, "static_susceptibility": 0.27782992137541312, "susceptibility_tier": "low" }, "geometry": { "type": "Point", "coordinates": [ 93.8456963, 25.7125603 ] } },
{ "type": "Feature", "properties": { "settlement_id": "SOI_0124", "name": "Bungsang", "district": "Dimapur", "source": "SoI", "lon": 93.8324666, "lat": 25.7358555, "elevation_m": 419.88727, "slope_deg": 16.211311, "profile_curv": -0.0008203538, "plan_curv": 0.044026464, "static_susceptibility": 0.36266422168433132, "susceptibility_tier": "low" }, "geometry": { "type": "Point", "coordinates": [ 93.8324666, 25.7358555 ] } },
{ "type": "Feature", "properties": { "settlement_id": "SOI_0125", "name": "Molvon", "district": "Dimapur", "source": "SoI", "lon": 93.8486197, "lat": 25.7381593, "elevation_m": 403.30286, "slope_deg": 23.017374, "profile_curv": 0.0013689374, "plan_curv": 0.012609783, "static_susceptibility": 0.40526477331979138, "susceptibility_tier": "low" }, "geometry": { "type": "Point", "coordinates": [ 93.8486197, 25.7381593 ] } },
{ "type": "Feature", "properties": { "settlement_id": "SOI_0126", "name": "Razepema", "district": "Dimapur", "source": "SoI", "lon": 93.7897835, "lat": 25.7155214, "elevation_m": 512.00909, "slope_deg": 23.504688, "profile_curv": -0.01190741, "plan_curv": 0.0023556477, "static_susceptibility": 0.43502951197888773, "susceptibility_tier": "moderate" }, "geometry": { "type": "Point", "coordinates": [ 93.7897835, 25.7155214 ] } },
{ "type": "Feature", "properties": { "settlement_id": "SOI_0127", "name": "Old Dayapur", "district": "Dimapur", "source": "SoI", "lon": 93.6039632, "lat": 25.7469031, "elevation_m": 178.02402, "slope_deg": 6.1172152, "profile_curv": -0.0038026483, "plan_curv": 0.01989942, "static_susceptibility": 0.2644207667263751, "susceptibility_tier": "low" }, "geometry": { "type": "Point", "coordinates": [ 93.6039632, 25.7469031 ] } },
{ "type": "Feature", "properties": { "settlement_id": "SOI_0128", "name": "Toshozu", "district": "Dimapur", "source": "SoI", "lon": 93.5928666, "lat": 25.7164111, "elevation_m": 232.16139, "slope_deg": 9.9754601, "profile_curv": -0.0015258106, "plan_curv": -0.029598456, "static_susceptibility": 0.29963688302388802, "susceptibility_tier": "low" }, "geometry": { "type": "Point", "coordinates": [ 93.5928666, 25.7164111 ] } },
{ "type": "Feature", "properties": { "settlement_id": "SOI_0129", "name": "Lothavi", "district": "Dimapur", "source": "SoI", "lon": 93.6184503, "lat": 25.7375315, "elevation_m": 191.88681, "slope_deg": 6.0495911, "profile_curv": -0.0038792049, "plan_curv": -0.014622965, "static_susceptibility": 0.27018592767852961, "susceptibility_tier": "low" }, "geometry": { "type": "Point", "coordinates": [ 93.6184503, 25.7375315 ] } },
{ "type": "Feature", "properties": { "settlement_id": "SOI_0130", "name": "Jalukie zangdi", "district": "Dimapur", "source": "SoI", "lon": 93.5593521, "lat": 25.7006883, "elevation_m": 215.39799, "slope_deg": 15.527608, "profile_curv": 0.0067520896, "plan_curv": 0.032606158, "static_susceptibility": 0.31905134396080781, "susceptibility_tier": "low" }, "geometry": { "type": "Point", "coordinates": [ 93.5593521, 25.7006883 ] } },
{ "type": "Feature", "properties": { "settlement_id": "SOI_0131", "name": "Livemphai", "district": "Dimapur", "source": "SoI", "lon": 93.5647293, "lat": 25.6856076, "elevation_m": 202.84866, "slope_deg": 11.610752, "profile_curv": -0.00013569476, "plan_curv": 0.021914883, "static_susceptibility": 0.29712168958355234, "susceptibility_tier": "low" }, "geometry": { "type": "Point", "coordinates": [ 93.5647293, 25.6856076 ] } },
{ "type": "Feature", "properties": { "settlement_id": "SOI_0132", "name": "Buisumpuikam", "district": "Dimapur", "source": "SoI", "lon": 93.5421476, "lat": 25.6962346, "elevation_m": 200.96207, "slope_deg": 11.055675, "profile_curv": 0.0015147979, "plan_curv": 0.025804302, "static_susceptibility": 0.29305479787106486, "susceptibility_tier": "low" }, "geometry": { "type": "Point", "coordinates": [ 93.5421476, 25.6962346 ] } },
{ "type": "Feature", "properties": { "settlement_id": "SOI_0133", "name": "Manglumukh", "district": "Dimapur", "source": "SoI", "lon": 93.5476466, "lat": 25.722925, "elevation_m": 198.54997, "slope_deg": 7.2256389, "profile_curv": 0.0056550447, "plan_curv": 0.17962806, "static_susceptibility": 0.25511216649495738, "susceptibility_tier": "low" }, "geometry": { "type": "Point", "coordinates": [ 93.5476466, 25.722925 ] } },
{ "type": "Feature", "properties": { "settlement_id": "SOI_0134", "name": "Hajadisa", "district": "Dimapur", "source": "SoI", "lon": 93.5572906, "lat": 25.733131, "elevation_m": 188.69676, "slope_deg": 13.898848, "profile_curv": -0.0026415021, "plan_curv": -0.0061662216, "static_susceptibility": 0.31091375071747041, "susceptibility_tier": "low" }, "geometry": { "type": "Point", "coordinates": [ 93.5572906, 25.733131 ] } },
{ "type": "Feature", "properties": { "settlement_id": "SOI_0135", "name": "New Hajadisa", "district": "Dimapur", "source": "SoI", "lon": 93.5664591, "lat": 25.7424569, "elevation_m": 176.64052, "slope_deg": 85.052437, "profile_curv": -0.059621871, "plan_curv": -0.059672598, "static_susceptibility": 0.75639426576020719, "susceptibility_tier": "critical" }, "geometry": { "type": "Point", "coordinates": [ 93.5664591, 25.7424569 ] } },
{ "type": "Feature", "properties": { "settlement_id": "SOI_0136", "name": "WANGLA", "district": "Mon", "source": "SoI", "lon": 95.0054331, "lat": 26.8070937, "elevation_m": 762.35187, "slope_deg": 34.994083, "profile_curv": -0.001660848, "plan_curv": -0.0081593674, "static_susceptibility": 0.56364078137865115, "susceptibility_tier": "moderate" }, "geometry": { "type": "Point", "coordinates": [ 95.0054331, 26.8070937 ] } },
{ "type": "Feature", "properties": { "settlement_id": "SOI_0137", "name": "HONGPHOI", "district": "Mon", "source": "SoI", "lon": 95.0215224, "lat": 26.7815019, "elevation_m": 694.6283, "slope_deg": 22.031994, "profile_curv": 0.0025455896, "plan_curv": 0.020113176, "static_susceptibility": 0.45961239983271207, "susceptibility_tier": "moderate" }, "geometry": { "type": "Point", "coordinates": [ 95.0215224, 26.7815019 ] } },
{ "type": "Feature", "properties": { "settlement_id": "SOI_0138", "name": "TUIMEI", "district": "Mon", "source": "SoI", "lon": 95.0747687, "lat": 26.8163273, "elevation_m": 552.52936, "slope_deg": 20.453529, "profile_curv": -0.0028471535, "plan_curv": -0.062169146, "static_susceptibility": 0.43117098874177323, "susceptibility_tier": "moderate" }, "geometry": { "type": "Point", "coordinates": [ 95.0747687, 26.8163273 ] } },
{ "type": "Feature", "properties": { "settlement_id": "SOI_0139", "name": "PHUKTONG", "district": "Mon", "source": "SoI", "lon": 95.069306, "lat": 26.7795099, "elevation_m": 1002.6547, "slope_deg": 38.318584, "profile_curv": -0.0028904942, "plan_curv": -0.0046550953, "static_susceptibility": 0.6342589716214625, "susceptibility_tier": "high" }, "geometry": { "type": "Point", "coordinates": [ 95.069306, 26.7795099 ] } },
{ "type": "Feature", "properties": { "settlement_id": "SOI_0140", "name": "LONGPHO", "district": "Mon", "source": "SoI", "lon": 95.1221747, "lat": 26.7599998, "elevation_m": 1109.5259, "slope_deg": 28.309301, "profile_curv": -0.0073347674, "plan_curv": 0.061203573, "static_susceptibility": 0.58587539499346819, "susceptibility_tier": "moderate" }, "geometry": { "type": "Point", "coordinates": [ 95.1221747, 26.7599998 ] } },
{ "type": "Feature", "properties": { "settlement_id": "SOI_0141", "name": "NYASA", "district": "Mon", "source": "SoI", "lon": 95.1785187, "lat": 26.7672068, "elevation_m": 1234.0608, "slope_deg": 31.451221, "profile_curv": -0.0032186683, "plan_curv": 0.00044387791, "static_susceptibility": 0.63834138343302227, "susceptibility_tier": "high" }, "geometry": { "type": "Point", "coordinates": [ 95.1785187, 26.7672068 ] } },
{ "type": "Feature", "properties": { "settlement_id": "SOI_0142", "name": "ZANGKHAM", "district": "Mon", "source": "SoI", "lon": 95.1872201, "lat": 26.8126842, "elevation_m": 1098.0751, "slope_deg": 37.125366, "profile_curv": -0.004475384, "plan_curv": 0.014326805, "static_susceptibility": 0.64394345681227705, "susceptibility_tier": "high" }, "geometry": { "type": "Point", "coordinates": [ 95.1872201, 26.8126842 ] } },
{ "type": "Feature", "properties": { "settlement_id": "SOI_0143", "name": "SANGNYU", "district": "Mon", "source": "SoI", "lon": 95.1354734, "lat": 26.7722206, "elevation_m": 1087.6003, "slope_deg": 15.720531, "profile_curv": 0.0030292817, "plan_curv": 0.015227362, "static_susceptibility": 0.50383969904952308, "susceptibility_tier": "moderate" }, "geometry": { "type": "Point", "coordinates": [ 95.1354734, 26.7722206 ] } },
{ "type": "Feature", "properties": { "settlement_id": "SOI_0144", "name": "ZAKHO", "district": "Mon", "source": "SoI", "lon": 95.1010381, "lat": 26.8229862, "elevation_m": 561.21381, "slope_deg": 31.073994, "profile_curv": -0.0020895647, "plan_curv": 0.044231374, "static_susceptibility": 0.48747134754074561, "susceptibility_tier": "moderate" }, "geometry": { "type": "Point", "coordinates": [ 95.1010381, 26.8229862 ] } },
{ "type": "Feature", "properties": { "settlement_id": "SOI_0145", "name": "TIKANG", "district": "Mon", "source": "SoI", "lon": 95.0897484, "lat": 26.8609233, "elevation_m": 365.08087, "slope_deg": 19.442335, "profile_curv": 0.0018428682, "plan_curv": -0.056098837, "static_susceptibility": 0.38394037571677248, "susceptibility_tier": "low" }, "geometry": { "type": "Point", "coordinates": [ 95.0897484, 26.8609233 ] } },
{ "type": "Feature", "properties": { "settlement_id": "SOI_0146", "name": "SANGSA", "district": "Mon", "source": "SoI", "lon": 95.1248703, "lat": 26.8494846, "elevation_m": 739.85553, "slope_deg": 29.592463, "profile_curv": 0.0037746308, "plan_curv": 0.018362056, "static_susceptibility": 0.51898585216099935, "susceptibility_tier": "moderate" }, "geometry": { "type": "Point", "coordinates": [ 95.1248703, 26.8494846 ] } },
{ "type": "Feature", "properties": { "settlement_id": "SOI_0147", "name": "ZANGKNAM", "district": "Mon", "source": "SoI", "lon": 95.1722708, "lat": 26.8418566, "elevation_m": 938.75024, "slope_deg": 29.550152, "profile_curv": 0.0026857299, "plan_curv": 0.067335539, "static_susceptibility": 0.55500643322108145, "susceptibility_tier": "moderate" }, "geometry": { "type": "Point", "coordinates": [ 95.1722708, 26.8418566 ] } },
{ "type": "Feature", "properties": { "settlement_id": "SOI_0148", "name": "LONGTING", "district": "Mon", "source": "SoI", "lon": 95.1657948, "lat": 26.8952079, "elevation_m": 842.22107, "slope_deg": 37.263012, "profile_curv": 0.012089937, "plan_curv": -0.019491114, "static_susceptibility": 0.59417195157135128, "susceptibility_tier": "moderate" }, "geometry": { "type": "Point", "coordinates": [ 95.1657948, 26.8952079 ] } },
{ "type": "Feature", "properties": { "settlement_id": "SOI_0149", "name": "TELLA", "district": "Mon", "source": "SoI", "lon": 95.1378103, "lat": 26.9088898, "elevation_m": 336.89001, "slope_deg": 22.487333, "profile_curv": -0.001125662, "plan_curv": -0.027573289, "static_susceptibility": 0.39388525676438407, "susceptibility_tier": "low" }, "geometry": { "type": "Point", "coordinates": [ 95.1378103, 26.9088898 ] } },
{ "type": "Feature", "properties": { "settlement_id": "SOI_0150", "name": "SANGSA", "district": "Mon", "source": "SoI", "lon": 95.102554, "lat": 26.8852873, "elevation_m": 258.95972, "slope_deg": 27.327702, "profile_curv": -0.0045622331, "plan_curv": -0.011545456, "static_susceptibility": 0.40664263365896614, "susceptibility_tier": "low" }, "geometry": { "type": "Point", "coordinates": [ 95.102554, 26.8852873 ] } },
{ "type": "Feature", "properties": { "settlement_id": "SOI_0151", "name": "LAPALAMPONG", "district": "Mon", "source": "SoI", "lon": 95.0619219, "lat": 26.9179395, "elevation_m": 117.25484, "slope_deg": 2.28758, "profile_curv": 0.00022033, "plan_curv": -0.0098160217, "static_susceptibility": 0.23816106863377831, "susceptibility_tier": "low" }, "geometry": { "type": "Point", "coordinates": [ 95.0619219, 26.9179395 ] } },
{ "type": "Feature", "properties": { "settlement_id": "SOI_0152", "name": "LAPA", "district": "Mon", "source": "SoI", "lon": 95.0323713, "lat": 26.8990936, "elevation_m": 521.25391, "slope_deg": 19.354965, "profile_curv": 0.00061790913, "plan_curv": 0.0010428821, "static_susceptibility": 0.40840380546892341, "susceptibility_tier": "low" }, "geometry": { "type": "Point", "coordinates": [ 95.0323713, 26.8990936 ] } },
{ "type": "Feature", "properties": { "settlement_id": "SOI_0153", "name": "TIZIT", "district": "Mon", "source": "SoI", "lon": 95.0774036, "lat": 26.8899366, "elevation_m": 144.00241, "slope_deg": 6.6069365, "profile_curv": 0.00052639318, "plan_curv": -0.016094927, "static_susceptibility": 0.26446567888477013, "susceptibility_tier": "low" }, "geometry": { "type": "Point", "coordinates": [ 95.0774036, 26.8899366 ] } },
{ "type": "Feature", "properties": { "settlement_id": "SOI_0154", "name": "TIKANG", "district": "Mon", "source": "SoI", "lon": 95.0722176, "lat": 26.8579229, "elevation_m": 175.78772, "slope_deg": 14.407528, "profile_curv": -0.0074547278, "plan_curv": 0.0015666707, "static_susceptibility": 0.31119735682837207, "susceptibility_tier": "low" }, "geometry": { "type": "Point", "coordinates": [ 95.0722176, 26.8579229 ] } },
{ "type": "Feature", "properties": { "settlement_id": "SOI_0155", "name": "TAKUMPATHAR", "district": "Mon", "source": "SoI", "lon": 95.0087738, "lat": 26.9172378, "elevation_m": 116.21147, "slope_deg": 3.7557631, "profile_curv": 0.0008193244, "plan_curv": -0.039896801, "static_susceptibility": 0.24807984647027739, "susceptibility_tier": "low" }, "geometry": { "type": "Point", "coordinates": [ 95.0087738, 26.9172378 ] } },
{ "type": "Feature", "properties": { "settlement_id": "SOI_0156", "name": "YANPAN", "district": "Mon", "source": "SoI", "lon": 95.1070307, "lat": 26.9477998, "elevation_m": 125.60546, "slope_deg": 9.5108643, "profile_curv": -0.0065335743, "plan_curv": -0.16051041, "static_susceptibility": 0.29370797992520442, "susceptibility_tier": "low" }, "geometry": { "type": "Point", "coordinates": [ 95.1070307, 26.9477998 ] } },
{ "type": "Feature", "properties": { "settlement_id": "SOI_0157", "name": "SAKO", "district": "Mon", "source": "SoI", "lon": 95.1205348, "lat": 26.978334, "elevation_m": 174.17493, "slope_deg": 21.453873, "profile_curv": 0.022923455, "plan_curv": 0.025306677, "static_susceptibility": 0.34395303372358776, "susceptibility_tier": "low" }, "geometry": { "type": "Point", "coordinates": [ 95.1205348, 26.978334 ] } },
{ "type": "Feature", "properties": { "settlement_id": "SOI_0158", "name": "NAITONG", "district": "Mon", "source": "SoI", "lon": 95.1421812, "lat": 26.9356517, "elevation_m": 169.00081, "slope_deg": 5.115222, "profile_curv": -0.0054014758, "plan_curv": -0.0060809297, "static_susceptibility": 0.26082025687308213, "susceptibility_tier": "low" }, "geometry": { "type": "Point", "coordinates": [ 95.1421812, 26.9356517 ] } },
{ "type": "Feature", "properties": { "settlement_id": "SOI_0159", "name": "JOBOKA", "district": "Mon", "source": "SoI", "lon": 95.1514919, "lat": 26.9341217, "elevation_m": 184.5132, "slope_deg": 22.254562, "profile_curv": -0.0063193222, "plan_curv": -0.031896017, "static_susceptibility": 0.36282761316725443, "susceptibility_tier": "low" }, "geometry": { "type": "Point", "coordinates": [ 95.1514919, 26.9341217 ] } },
{ "type": "Feature", "properties": { "settlement_id": "SOI_0160", "name": "YANSA (JABAKA)", "district": "Mon", "source": "SoI", "lon": 95.1787959, "lat": 26.932164, "elevation_m": 806.81958, "slope_deg": 30.683945, "profile_curv": -0.0037804879, "plan_curv": -0.0068236701, "static_susceptibility": 0.54539129228030858, "susceptibility_tier": "moderate" }, "geometry": { "type": "Point", "coordinates": [ 95.1787959, 26.932164 ] } },
{ "type": "Feature", "properties": { "settlement_id": "SOI_0161", "name": "NOKJONG", "district": "Mon", "source": "SoI", "lon": 95.1833143, "lat": 26.9682041, "elevation_m": 423.81085, "slope_deg": 35.043564, "profile_curv": 0.0016508623, "plan_curv": 0.0043483675, "static_susceptibility": 0.48861711921385464, "susceptibility_tier": "moderate" }, "geometry": { "type": "Point", "coordinates": [ 95.1833143, 26.9682041 ] } },
{ "type": "Feature", "properties": { "settlement_id": "PMGSY_0000", "name": "Diezephe", "district": "Dimapur", "source": "PMGSY", "lon": 93.704409166666494, "lat": 25.83706249999975, "elevation_m": 155.41747, "slope_deg": 5.3812938, "profile_curv": 0.00071554224, "plan_curv": -0.15214568, "static_susceptibility": 0.27490338213183613, "susceptibility_tier": "low" }, "geometry": { "type": "Point", "coordinates": [ 93.704409166666494, 25.83706249999975 ] } },
{ "type": "Feature", "properties": { "settlement_id": "PMGSY_0001", "name": "Dhansiripar", "district": "Dimapur", "source": "PMGSY", "lon": 93.624743541666376, "lat": 25.782141458333001, "elevation_m": 167.86919, "slope_deg": 4.6992002, "profile_curv": 0.0016205532, "plan_curv": 0.04533774, "static_susceptibility": 0.25215596151064018, "susceptibility_tier": "low" }, "geometry": { "type": "Point", "coordinates": [ 93.624743541666376, 25.782141458333001 ] } },
{ "type": "Feature", "properties": { "settlement_id": "PMGSY_0002", "name": "Darogapathar", "district": "Dimapur", "source": "PMGSY", "lon": 93.756972380951851, "lat": 25.889911190475569, "elevation_m": 148.85114, "slope_deg": 4.918469, "profile_curv": -0.0019568284, "plan_curv": -0.1083876, "static_susceptibility": 0.26696320485991293, "susceptibility_tier": "low" }, "geometry": { "type": "Point", "coordinates": [ 93.756972380951851, 25.889911190475569 ] } },
{ "type": "Feature", "properties": { "settlement_id": "PMGSY_0003", "name": "Darogajan", "district": "Dimapur", "source": "PMGSY", "lon": 93.751402499999742, "lat": 25.922425, "elevation_m": 144.7375, "slope_deg": 6.7398257, "profile_curv": -0.00057781895, "plan_curv": -0.045902845, "static_susceptibility": 0.26865804169539986, "susceptibility_tier": "low" }, "geometry": { "type": "Point", "coordinates": [ 93.751402499999742, 25.922425 ] } },
{ "type": "Feature", "properties": { "settlement_id": "PMGSY_0004", "name": "Chumukedima Village", "district": "Dimapur", "source": "PMGSY", "lon": 93.76305, "lat": 25.789983333332998, "elevation_m": 195.89757, "slope_deg": 7.3910856, "profile_curv": 0.006639034, "plan_curv": 0.10137279, "static_susceptibility": 0.26370505344359912, "susceptibility_tier": "low" }, "geometry": { "type": "Point", "coordinates": [ 93.76305, 25.789983333332998 ] } },
{ "type": "Feature", "properties": { "settlement_id": "PMGSY_0005", "name": "Chumukedima New", "district": "Dimapur", "source": "PMGSY", "lon": 93.805795555555335, "lat": 25.771267777777336, "elevation_m": 236.79091, "slope_deg": 32.124538, "profile_curv": 0.0012176175, "plan_curv": 0.012567405, "static_susceptibility": 0.42834939259783134, "susceptibility_tier": "low" }, "geometry": { "type": "Point", "coordinates": [ 93.805795555555335, 25.771267777777336 ] } },
{ "type": "Feature", "properties": { "settlement_id": "PMGSY_0006", "name": "Chekiye village", "district": "Dimapur", "source": "PMGSY", "lon": 93.758856333333, "lat": 25.874659, "elevation_m": 165.75209, "slope_deg": 4.3073721, "profile_curv": 0.0019295976, "plan_curv": -0.033869527, "static_susceptibility": 0.25815526708396791, "susceptibility_tier": "low" }, "geometry": { "type": "Point", "coordinates": [ 93.758856333333, 25.874658999999703 ] } },
{ "type": "Feature", "properties": { "settlement_id": "PMGSY_0007", "name": "Bamunpukhri", "district": "Dimapur", "source": "PMGSY", "lon": 93.782763888888667, "lat": 25.927468333333, "elevation_m": 139.86246, "slope_deg": 3.9236741, "profile_curv": -0.00088632829, "plan_curv": -0.0095531, "static_susceptibility": 0.24982045289673174, "susceptibility_tier": "low" }, "geometry": { "type": "Point", "coordinates": [ 93.782763888888667, 25.927468333333 ] } },
{ "type": "Feature", "properties": { "settlement_id": "PMGSY_0008", "name": "Eralibil", "district": "Dimapur", "source": "PMGSY", "lon": 93.77516055555499, "lat": 25.888223333333002, "elevation_m": 151.6301, "slope_deg": 8.0225439, "profile_curv": -0.006134334, "plan_curv": -0.012021999, "static_susceptibility": 0.27356945739559801, "susceptibility_tier": "low" }, "geometry": { "type": "Point", "coordinates": [ 93.77516055555499, 25.888223333333002 ] } },
{ "type": "Feature", "properties": { "settlement_id": "PMGSY_0009", "name": "Ekranipathar", "district": "Dimapur", "source": "PMGSY", "lon": 93.783958333333004, "lat": 25.898749166666498, "elevation_m": 153.46283, "slope_deg": 4.6538887, "profile_curv": -0.0022319818, "plan_curv": 0.24280608, "static_susceptibility": 0.23013365324669882, "susceptibility_tier": "low" }, "geometry": { "type": "Point", "coordinates": [ 93.783958333333004, 25.898749166666498 ] } },
{ "type": "Feature", "properties": { "settlement_id": "PMGSY_0010", "name": "Dubagaon", "district": "Dimapur", "source": "PMGSY", "lon": 93.784692, "lat": 25.902241, "elevation_m": 151.39777, "slope_deg": 5.1036391, "profile_curv": 0.0014445187, "plan_curv": -0.091604076, "static_susceptibility": 0.26605113390486629, "susceptibility_tier": "low" }, "geometry": { "type": "Point", "coordinates": [ 93.784691999999794, 25.902240999999599 ] } },
{ "type": "Feature", "properties": { "settlement_id": "PMGSY_0011", "name": "Doyapur", "district": "Dimapur", "source": "PMGSY", "lon": 93.604158888888335, "lat": 25.761635555555163, "elevation_m": 181.46091, "slope_deg": 6.0731058, "profile_curv": 0.0020284776, "plan_curv": 0.010081381, "static_susceptibility": 0.26502333738842365, "susceptibility_tier": "low" }, "geometry": { "type": "Point", "coordinates": [ 93.604158888888335, 25.761635555555163 ] } },
{ "type": "Feature", "properties": { "settlement_id": "PMGSY_0012", "name": "Domokhia", "district": "Dimapur", "source": "PMGSY", "lon": 93.773829444443663, "lat": 25.960763333332995, "elevation_m": 139.77008, "slope_deg": 82.375671, "profile_curv": -0.045129567, "plan_curv": 0.046652947, "static_susceptibility": 0.72340766364949871, "susceptibility_tier": "critical" }, "geometry": { "type": "Point", "coordinates": [ 93.773829444443663, 25.960763333332995 ] } },
{ "type": "Feature", "properties": { "settlement_id": "PMGSY_0013", "name": "Diphupar B", "district": "Dimapur", "source": "PMGSY", "lon": 93.755309444443824, "lat": 25.854533888888835, "elevation_m": 180.27849, "slope_deg": 5.4479871, "profile_curv": -0.0026837748, "plan_curv": -0.0042143841, "static_susceptibility": 0.26382726369529036, "susceptibility_tier": "low" }, "geometry": { "type": "Point", "coordinates": [ 93.755309444443824, 25.854533888888835 ] } },
{ "type": "Feature", "properties": { "settlement_id": "PMGSY_0014", "name": "7th Mile Model Village", "district": "Dimapur", "source": "PMGSY", "lon": 93.777958333333174, "lat": 25.830622499999503, "elevation_m": 178.80777, "slope_deg": 4.4574275, "profile_curv": -0.00037029246, "plan_curv": -0.029890792, "static_susceptibility": 0.26098004930277879, "susceptibility_tier": "low" }, "geometry": { "type": "Point", "coordinates": [ 93.777958333333174, 25.830622499999503 ] } },
{ "type": "Feature", "properties": { "settlement_id": "PMGSY_0015", "name": "Tsungiki", "district": "Wokha", "source": "PMGSY", "lon": 94.339375833333008, "lat": 26.111531666666501, "elevation_m": 1015.081, "slope_deg": 31.116604, "profile_curv": 0.0026306396, "plan_curv": 0.0010730597, "static_susceptibility": 0.59025386518559775, "susceptibility_tier": "moderate" }, "geometry": { "type": "Point", "coordinates": [ 94.339375833333008, 26.111531666666501 ] } },
{ "type": "Feature", "properties": { "settlement_id": "PMGSY_0016", "name": "Sungro", "district": "Wokha", "source": "PMGSY", "lon": 94.33526611111067, "lat": 26.267601666666334, "elevation_m": 967.25305, "slope_deg": 26.735134, "profile_curv": -0.0005687559, "plan_curv": -0.0009609749, "static_susceptibility": 0.55277365240951393, "susceptibility_tier": "moderate" }, "geometry": { "type": "Point", "coordinates": [ 94.33526611111067, 26.267601666666334 ] } },
{ "type": "Feature", "properties": { "settlement_id": "PMGSY_0017", "name": "Khaibung", "district": "Dimapur", "source": "PMGSY", "lon": 93.872196666666497, "lat": 25.709715, "elevation_m": 414.95639, "slope_deg": 17.369183, "profile_curv": -0.00074720825, "plan_curv": -0.0023960806, "static_susceptibility": 0.37472595801082736, "susceptibility_tier": "low" }, "geometry": { "type": "Point", "coordinates": [ 93.872196666666497, 25.709715 ] } },
{ "type": "Feature", "properties": { "settlement_id": "PMGSY_0018", "name": "Kashiram Ao", "district": "Dimapur", "source": "PMGSY", "lon": 93.688547499999501, "lat": 25.899557499999503, "elevation_m": 177.20372, "slope_deg": 11.494669, "profile_curv": -0.0020465949, "plan_curv": 0.026113003, "static_susceptibility": 0.29167050175341019, "susceptibility_tier": "low" }, "geometry": { "type": "Point", "coordinates": [ 93.688547499999501, 25.899557499999503 ] } },
{ "type": "Feature", "properties": { "settlement_id": "PMGSY_0019", "name": "Kacharigaon", "district": "Dimapur", "source": "PMGSY", "lon": 93.693415833333006, "lat": 25.895075833333003, "elevation_m": 184.91164, "slope_deg": 14.508524, "profile_curv": -0.0021851028, "plan_curv": 0.063806742, "static_susceptibility": 0.30528818410355701, "susceptibility_tier": "low" }, "geometry": { "type": "Point", "coordinates": [ 93.693415833333006, 25.895075833333003 ] } },
{ "type": "Feature", "properties": { "settlement_id": "PMGSY_0020", "name": "Jornapani", "district": "Dimapur", "source": "PMGSY", "lon": 93.846307499999497, "lat": 25.75648041666625, "elevation_m": 322.96381, "slope_deg": 33.834526, "profile_curv": -0.0099589899, "plan_curv": 0.0026093198, "static_susceptibility": 0.46121358878872848, "susceptibility_tier": "moderate" }, "geometry": { "type": "Point", "coordinates": [ 93.846307499999497, 25.75648041666625 ] } },
{ "type": "Feature", "properties": { "settlement_id": "PMGSY_0021", "name": "Englan", "district": "Wokha", "source": "PMGSY", "lon": 94.251946666666001, "lat": 26.173443333332997, "elevation_m": 879.83295, "slope_deg": 31.191303, "profile_curv": -0.001983929, "plan_curv": -0.024838392, "static_susceptibility": 0.56645282025752897, "susceptibility_tier": "moderate" }, "geometry": { "type": "Point", "coordinates": [ 94.251946666666001, 26.173443333332997 ] } },
{ "type": "Feature", "properties": { "settlement_id": "PMGSY_0022", "name": "Elumyo", "district": "Wokha", "source": "PMGSY", "lon": 94.195383333332998, "lat": 26.087628333333001, "elevation_m": 941.98993, "slope_deg": 29.467342, "profile_curv": -0.0031505432, "plan_curv": 0.011659259, "static_susceptibility": 0.56379910640408937, "susceptibility_tier": "moderate" }, "geometry": { "type": "Point", "coordinates": [ 94.195383333332998, 26.087628333333001 ] } },
{ "type": "Feature", "properties": { "settlement_id": "PMGSY_0023", "name": "Doyang", "district": "Wokha", "source": "PMGSY", "lon": 94.263045277777337, "lat": 26.233188611110833, "elevation_m": 324.0, "slope_deg": 23.570681, "profile_curv": 0.0, "plan_curv": 0.0, "static_susceptibility": 0.39416889308711422, "susceptibility_tier": "low" }, "geometry": { "type": "Point", "coordinates": [ 94.263045277777337, 26.233188611110833 ] } },
{ "type": "Feature", "properties": { "settlement_id": "PMGSY_0024", "name": "Chukitong", "district": "Wokha", "source": "PMGSY", "lon": 94.31849312499962, "lat": 26.1147568749995, "elevation_m": 1132.5575, "slope_deg": 13.951356, "profile_curv": 0.0031768, "plan_curv": 0.012336324, "static_susceptibility": 0.50234044840742387, "susceptibility_tier": "moderate" }, "geometry": { "type": "Point", "coordinates": [ 94.31849312499962, 26.1147568749995 ] } },
{ "type": "Feature", "properties": { "settlement_id": "PMGSY_0025", "name": "Bhandari HQ", "district": "Wokha", "source": "PMGSY", "lon": 94.120262053749997, "lat": 26.286794996249874, "elevation_m": 309.19104, "slope_deg": 23.128649, "profile_curv": -0.007293378, "plan_curv": -0.0081511168, "static_susceptibility": 0.39066045502648222, "susceptibility_tier": "low" }, "geometry": { "type": "Point", "coordinates": [ 94.120262053749997, 26.286794996249874 ] } },
{ "type": "Feature", "properties": { "settlement_id": "PMGSY_0026", "name": "Baghty", "district": "Wokha", "source": "PMGSY", "lon": 94.195698851428574, "lat": 26.248676196666715, "elevation_m": 304.29672, "slope_deg": 17.421286, "profile_curv": -0.0051604509, "plan_curv": 0.030435501, "static_susceptibility": 0.34941588025437542, "susceptibility_tier": "low" }, "geometry": { "type": "Point", "coordinates": [ 94.195698851428574, 26.248676196666715 ] } },
{ "type": "Feature", "properties": { "settlement_id": "PMGSY_0027", "name": "Akuk Old", "district": "Wokha", "source": "PMGSY", "lon": 94.244743333333005, "lat": 26.25696, "elevation_m": 930.0083, "slope_deg": 42.175659, "profile_curv": 0.0056665735, "plan_curv": 0.0060762521, "static_susceptibility": 0.64032966036533534, "susceptibility_tier": "high" }, "geometry": { "type": "Point", "coordinates": [ 94.244743333333005, 26.25696 ] } },
{ "type": "Feature", "properties": { "settlement_id": "PMGSY_0028", "name": "Aitepyong", "district": "Wokha", "source": "PMGSY", "lon": 94.251471666666504, "lat": 26.3021841666665, "elevation_m": 1093.121, "slope_deg": 26.983812, "profile_curv": 0.0067099412, "plan_curv": 0.0045883008, "static_susceptibility": 0.57914208905770126, "susceptibility_tier": "moderate" }, "geometry": { "type": "Point", "coordinates": [ 94.251471666666504, 26.3021841666665 ] } },
{ "type": "Feature", "properties": { "settlement_id": "PMGSY_0029", "name": "Yikhum", "district": "Wokha", "source": "PMGSY", "lon": 94.243049999999499, "lat": 26.162316666666001, "elevation_m": 865.84027, "slope_deg": 35.340527, "profile_curv": -0.0032191679, "plan_curv": -0.032158718, "static_susceptibility": 0.59126262781849215, "susceptibility_tier": "moderate" }, "geometry": { "type": "Point", "coordinates": [ 94.243049999999499, 26.162316666666001 ] } },
{ "type": "Feature", "properties": { "settlement_id": "PMGSY_0030", "name": "Sankitong", "district": "Wokha", "source": "PMGSY", "lon": 94.17204, "lat": 26.017140833333002, "elevation_m": 1169.563, "slope_deg": 34.311935, "profile_curv": -0.003714561, "plan_curv": -0.054119255, "static_susceptibility": 0.64976443812377771, "susceptibility_tier": "high" }, "geometry": { "type": "Point", "coordinates": [ 94.17204, 26.017140833333002 ] } },
{ "type": "Feature", "properties": { "settlement_id": "PMGSY_0031", "name": "Vankhosung", "district": "Wokha", "source": "PMGSY", "lon": 94.2433649999995, "lat": 26.11266, "elevation_m": 1483.7488, "slope_deg": 28.132988, "profile_curv": -0.0014440812, "plan_curv": -0.0040172976, "static_susceptibility": 0.66789514800321803, "susceptibility_tier": "high" }, "geometry": { "type": "Point", "coordinates": [ 94.2433649999995, 26.112659999999501 ] } },
{ "type": "Feature", "properties": { "settlement_id": "PMGSY_0032", "name": "Ruchayan", "district": "Wokha", "source": "PMGSY", "lon": 94.011238333332997, "lat": 26.149448333333002, "elevation_m": 141.05881, "slope_deg": 20.851151, "profile_curv": -0.0018197105, "plan_curv": -0.0039964551, "static_susceptibility": 0.34156421755824518, "susceptibility_tier": "low" }, "geometry": { "type": "Point", "coordinates": [ 94.011238333332997, 26.149448333333002 ] } },
{ "type": "Feature", "properties": { "settlement_id": "PMGSY_0033", "name": "Riphyim Old", "district": "Wokha", "source": "PMGSY", "lon": 94.264545, "lat": 26.181245833333001, "elevation_m": 1068.8545, "slope_deg": 32.507767, "profile_curv": 0.012284981, "plan_curv": 0.067279562, "static_susceptibility": 0.59978339857450913, "susceptibility_tier": "moderate" }, "geometry": { "type": "Point", "coordinates": [ 94.264544999999501, 26.181245833333001 ] } },
{ "type": "Feature", "properties": { "settlement_id": "PMGSY_0034", "name": "Zhavame Zhamai", "district": "Phek", "source": "PMGSY", "lon": 94.308471791666662, "lat": 25.51584806, "elevation_m": 1940.158, "slope_deg": 21.162115, "profile_curv": -0.00096383586, "plan_curv": -0.00092671387, "static_susceptibility": 0.71283594708971243, "susceptibility_tier": "high" }, "geometry": { "type": "Point", "coordinates": [ 94.308471791666662, 25.51584806 ] } },
{ "type": "Feature", "properties": { "settlement_id": "PMGSY_0035", "name": "Ralan New", "district": "Wokha", "source": "PMGSY", "lon": 94.014180014999994, "lat": 26.01603674, "elevation_m": 725.83057, "slope_deg": 28.82579, "profile_curv": 0.0051776059, "plan_curv": -0.085610017, "static_susceptibility": 0.52506090187758325, "susceptibility_tier": "moderate" }, "geometry": { "type": "Point", "coordinates": [ 94.014180015, 26.01603674 ] } },
{ "type": "Feature", "properties": { "settlement_id": "PMGSY_0036", "name": "Pongitong", "district": "Wokha", "source": "PMGSY", "lon": 94.187623333333008, "lat": 26.0584, "elevation_m": 854.62463, "slope_deg": 26.866354, "profile_curv": -0.0029118191, "plan_curv": 0.0010705909, "static_susceptibility": 0.52952541989751767, "susceptibility_tier": "moderate" }, "geometry": { "type": "Point", "coordinates": [ 94.187623333333008, 26.058399999999665 ] } },
{ "type": "Feature", "properties": { "settlement_id": "PMGSY_0037", "name": "Industrial Village", "district": "Dimapur", "source": "PMGSY", "lon": 93.698350555555336, "lat": 25.90589, "elevation_m": 167.63037, "slope_deg": 5.529768, "profile_curv": -0.0026319537, "plan_curv": 0.020370318, "static_susceptibility": 0.25948347632386742, "susceptibility_tier": "low" }, "geometry": { "type": "Point", "coordinates": [ 93.698350555555336, 25.905889999999669 ] } },
{ "type": "Feature", "properties": { "settlement_id": "PMGSY_0038", "name": "Ikishe", "district": "Dimapur", "source": "PMGSY", "lon": 93.742438333333325, "lat": 25.85029888888867, "elevation_m": 194.87906, "slope_deg": 11.482569, "profile_curv": 0.0030746935, "plan_curv": 0.0054900856, "static_susceptibility": 0.29639869538092772, "susceptibility_tier": "low" }, "geometry": { "type": "Point", "coordinates": [ 93.742438333333325, 25.85029888888867 ] } },
{ "type": "Feature", "properties": { "settlement_id": "PMGSY_0039", "name": "Zavachu", "district": "Phek", "source": "PMGSY", "lon": 94.24721614000001, "lat": 25.53470917, "elevation_m": 1626.3737, "slope_deg": 36.982597, "profile_curv": -0.0044519329, "plan_curv": 0.0059782807, "static_susceptibility": 0.74103905049454533, "susceptibility_tier": "critical" }, "geometry": { "type": "Point", "coordinates": [ 94.24721614, 25.53470917 ] } },
{ "type": "Feature", "properties": { "settlement_id": "PMGSY_0040", "name": "Zapami", "district": "Phek", "source": "PMGSY", "lon": 94.250951265435603, "lat": 25.531317175347201, "elevation_m": 1626.4504, "slope_deg": 34.476128, "profile_curv": -0.0083959159, "plan_curv": -0.017386058, "static_susceptibility": 0.73133015786767896, "susceptibility_tier": "critical" }, "geometry": { "type": "Point", "coordinates": [ 94.250951265435603, 25.531317175347201 ] } },
{ "type": "Feature", "properties": { "settlement_id": "PMGSY_0041", "name": "Hovishe", "district": "Dimapur", "source": "PMGSY", "lon": 93.979211666666671, "lat": 25.931877777777999, "elevation_m": 206.20068, "slope_deg": 12.800448, "profile_curv": -0.0009535182, "plan_curv": -0.033199988, "static_susceptibility": 0.31093646013254028, "susceptibility_tier": "low" }, "geometry": { "type": "Point", "coordinates": [ 93.979211666666671, 25.931877777777999 ] } },
{ "type": "Feature", "properties": { "settlement_id": "PMGSY_0042", "name": "Yoruba", "district": "Phek", "source": "PMGSY", "lon": 94.338476471999996, "lat": 25.738241816000006, "elevation_m": 1683.3572, "slope_deg": 24.627928, "profile_curv": 0.011725368, "plan_curv": 0.017168364, "static_susceptibility": 0.6810280318543408, "susceptibility_tier": "high" }, "geometry": { "type": "Point", "coordinates": [ 94.338476472, 25.738241816 ] } },
{ "type": "Feature", "properties": { "settlement_id": "PMGSY_0043", "name": "Manglamukh", "district": "Dimapur", "source": "PMGSY", "lon": 93.547538333332668, "lat": 25.719751111110668, "elevation_m": 191.12022, "slope_deg": 6.9261289, "profile_curv": -0.0026341942, "plan_curv": -0.038236517, "static_susceptibility": 0.27705468286079543, "susceptibility_tier": "low" }, "geometry": { "type": "Point", "coordinates": [ 93.547538333332668, 25.719751111110668 ] } },
{ "type": "Feature", "properties": { "settlement_id": "PMGSY_0044", "name": "Yesisotha", "district": "Phek", "source": "PMGSY", "lon": 94.716821666666505, "lat": 25.696025833333, "elevation_m": 1000.1184, "slope_deg": 23.56234, "profile_curv": 0.0010724521, "plan_curv": 0.033986442, "static_susceptibility": 0.53406949420158667, "susceptibility_tier": "moderate" }, "geometry": { "type": "Point", "coordinates": [ 94.716821666666505, 25.696025833333 ] } },
{ "type": "Feature", "properties": { "settlement_id": "PMGSY_0045", "name": "L. Hotovi", "district": "Dimapur", "source": "PMGSY", "lon": 93.769568333332998, "lat": 25.949043333333002, "elevation_m": 141.8674, "slope_deg": 52.56282, "profile_curv": -0.0024649815, "plan_curv": 0.0031396456, "static_susceptibility": 0.54334335890596663, "susceptibility_tier": "moderate" }, "geometry": { "type": "Point", "coordinates": [ 93.769568333332998, 25.949043333333002 ] } },
{ "type": "Feature", "properties": { "settlement_id": "PMGSY_0046", "name": "Kushiabil", "district": "Dimapur", "source": "PMGSY", "lon": 93.753487777777323, "lat": 25.932092222221666, "elevation_m": 144.76259, "slope_deg": 4.9134974, "profile_curv": 8.7792454e-05, "plan_curv": 0.0020173662, "static_susceptibility": 0.25418124081293519, "susceptibility_tier": "low" }, "geometry": { "type": "Point", "coordinates": [ 93.753487777777323, 25.932092222221666 ] } },
{ "type": "Feature", "properties": { "settlement_id": "PMGSY_0047", "name": "Kukidolong", "district": "Dimapur", "source": "PMGSY", "lon": 93.824256666666258, "lat": 25.766099583332746, "elevation_m": 272.81366, "slope_deg": 15.007062, "profile_curv": -0.00057867548, "plan_curv": 0.0083146561, "static_susceptibility": 0.33107575624226349, "susceptibility_tier": "low" }, "geometry": { "type": "Point", "coordinates": [ 93.824256666666258, 25.766099583332746 ] } },
{ "type": "Feature", "properties": { "settlement_id": "PMGSY_0048", "name": "Kiyeto", "district": "Dimapur", "source": "PMGSY", "lon": 93.630278333332996, "lat": 25.79236, "elevation_m": 161.38908, "slope_deg": 5.7102213, "profile_curv": -0.00029741545, "plan_curv": -0.28712016, "static_susceptibility": 0.29307233344761296, "susceptibility_tier": "low" }, "geometry": { "type": "Point", "coordinates": [ 93.630278333332996, 25.792359999999501 ] } },
{ "type": "Feature", "properties": { "settlement_id": "PMGSY_0049", "name": "Bade", "district": "Dimapur", "source": "PMGSY", "lon": 93.673710416666253, "lat": 25.8224441666665, "elevation_m": 158.05345, "slope_deg": 8.2402315, "profile_curv": -0.0019073398, "plan_curv": -0.11193241, "static_susceptibility": 0.28640098564240518, "susceptibility_tier": "low" }, "geometry": { "type": "Point", "coordinates": [ 93.673710416666253, 25.8224441666665 ] } },
{ "type": "Feature", "properties": { "settlement_id": "PMGSY_0050", "name": "Khriezephe", "district": "Dimapur", "source": "PMGSY", "lon": 93.729740833333011, "lat": 25.831851666666502, "elevation_m": 153.48412, "slope_deg": 1.1331221, "profile_curv": 0.00041001369, "plan_curv": -0.024276111, "static_susceptibility": 0.23979180956980189, "susceptibility_tier": "low" }, "geometry": { "type": "Point", "coordinates": [ 93.729740833333011, 25.831851666666502 ] } },
{ "type": "Feature", "properties": { "settlement_id": "PMGSY_0051", "name": "Aoyimkum", "district": "Dimapur", "source": "PMGSY", "lon": 93.693961666666496, "lat": 25.885066666665999, "elevation_m": 184.41492, "slope_deg": 10.90011, "profile_curv": 0.0028477893, "plan_curv": 0.0054027815, "static_susceptibility": 0.29138517036310624, "susceptibility_tier": "low" }, "geometry": { "type": "Point", "coordinates": [ 93.693961666666496, 25.885066666665999 ] } },
{ "type": "Feature", "properties": { "settlement_id": "PMGSY_0052", "name": "Aoiyimti", "district": "Dimapur", "source": "PMGSY", "lon": 93.765508749999242, "lat": 25.889276666666248, "elevation_m": 150.57394, "slope_deg": 3.8831437, "profile_curv": 0.00089037471, "plan_curv": -0.011096066, "static_susceptibility": 0.25128637100050105, "susceptibility_tier": "low" }, "geometry": { "type": "Point", "coordinates": [ 93.765508749999242, 25.889276666666248 ] } },
{ "type": "Feature", "properties": { "settlement_id": "PMGSY_0053", "name": "7th Mile village", "district": "Dimapur", "source": "PMGSY", "lon": 93.774224444443647, "lat": 25.844343333333331, "elevation_m": 183.59967, "slope_deg": 4.6166649, "profile_curv": 0.00054012227, "plan_curv": 0.0083061205, "static_susceptibility": 0.25838622632069447, "susceptibility_tier": "low" }, "geometry": { "type": "Point", "coordinates": [ 93.774224444443647, 25.844343333333331 ] } },
{ "type": "Feature", "properties": { "settlement_id": "PMGSY_0054", "name": "Yanthamo", "district": "Wokha", "source": "PMGSY", "lon": 94.286237916666252, "lat": 26.068556666666495, "elevation_m": 1405.8428, "slope_deg": 22.127199, "profile_curv": -0.00025437627, "plan_curv": -0.012509911, "static_susceptibility": 0.61709898588606993, "susceptibility_tier": "moderate" }, "geometry": { "type": "Point", "coordinates": [ 94.286237916666252, 26.068556666666495 ] } },
{ "type": "Feature", "properties": { "settlement_id": "PMGSY_0055", "name": "Tsungza", "district": "Wokha", "source": "PMGSY", "lon": 94.184530833333497, "lat": 26.0616525, "elevation_m": 746.74475, "slope_deg": 19.548321, "profile_curv": 0.002485994, "plan_curv": 0.0057290592, "static_susceptibility": 0.45662419606317572, "susceptibility_tier": "moderate" }, "geometry": { "type": "Point", "coordinates": [ 94.184530833333497, 26.0616525 ] } },
{ "type": "Feature", "properties": { "settlement_id": "PMGSY_0056", "name": "Hekishe", "district": "Dimapur", "source": "PMGSY", "lon": 93.875250833332998, "lat": 25.692223333332997, "elevation_m": 458.93915, "slope_deg": 18.544247, "profile_curv": -0.016111843, "plan_curv": -0.016816281, "static_susceptibility": 0.39555474523562068, "susceptibility_tier": "low" }, "geometry": { "type": "Point", "coordinates": [ 93.875250833332998, 25.692223333332997 ] } },
{ "type": "Feature", "properties": { "settlement_id": "PMGSY_0057", "name": "Phiro", "district": "Wokha", "source": "PMGSY", "lon": 94.182703333332995, "lat": 26.000141666666, "elevation_m": 1319.7449, "slope_deg": 29.807453, "profile_curv": 0.011768508, "plan_curv": -0.015535648, "static_susceptibility": 0.64506673167331541, "susceptibility_tier": "high" }, "geometry": { "type": "Point", "coordinates": [ 94.182703333332995, 26.000141666666 ] } },
{ "type": "Feature", "properties": { "settlement_id": "PMGSY_0058", "name": "Naharbari", "district": "Dimapur", "source": "PMGSY", "lon": 93.75156685185145, "lat": 25.900403333332999, "elevation_m": 147.6682, "slope_deg": 7.0174251, "profile_curv": -0.0028688356, "plan_curv": -0.024685843, "static_susceptibility": 0.26860034370886721, "susceptibility_tier": "low" }, "geometry": { "type": "Point", "coordinates": [ 93.75156685185145, 25.900403333332999 ] } },
{ "type": "Feature", "properties": { "settlement_id": "PMGSY_0059", "name": "Nagarjan", "district": "Dimapur", "source": "PMGSY", "lon": 93.733446888888466, "lat": 25.894014666666401, "elevation_m": 150.58861, "slope_deg": 4.3849978, "profile_curv": 0.0030885139, "plan_curv": -0.024761457, "static_susceptibility": 0.25491582714656003, "susceptibility_tier": "low" }, "geometry": { "type": "Point", "coordinates": [ 93.733446888888466, 25.894014666666401 ] } },
{ "type": "Feature", "properties": { "settlement_id": "PMGSY_0060", "name": "Niroyo", "district": "Wokha", "source": "PMGSY", "lon": 94.266053333333005, "lat": 26.062948333333001, "elevation_m": 1672.4989, "slope_deg": 30.734665, "profile_curv": 0.0039061524, "plan_curv": -0.02356709, "static_susceptibility": 0.71862702673269574, "susceptibility_tier": "critical" }, "geometry": { "type": "Point", "coordinates": [ 94.266053333333005, 26.062948333333001 ] } },
{ "type": "Feature", "properties": { "settlement_id": "PMGSY_0061", "name": "Murise", "district": "Dimapur", "source": "PMGSY", "lon": 93.694945416666243, "lat": 25.841162916666249, "elevation_m": 166.89243, "slope_deg": 7.4391494, "profile_curv": -0.0036905955, "plan_curv": -0.010236523, "static_susceptibility": 0.27261081354096767, "susceptibility_tier": "low" }, "geometry": { "type": "Point", "coordinates": [ 93.694945416666243, 25.841162916666249 ] } },
{ "type": "Feature", "properties": { "settlement_id": "PMGSY_0062", "name": "Molvum", "district": "Dimapur", "source": "PMGSY", "lon": 93.855753, "lat": 25.736039666666404, "elevation_m": 354.71414, "slope_deg": 12.634331, "profile_curv": 0.0016479585, "plan_curv": 0.00057690835, "static_susceptibility": 0.33360030950832742, "susceptibility_tier": "low" }, "geometry": { "type": "Point", "coordinates": [ 93.855752999999609, 25.736039666666404 ] } },
{ "type": "Feature", "properties": { "settlement_id": "PMGSY_0063", "name": "Model village 5th Mile", "district": "Dimapur", "source": "PMGSY", "lon": 93.769171111110325, "lat": 25.858762777777333, "elevation_m": 164.25175, "slope_deg": 3.9187996, "profile_curv": -0.00021611484, "plan_curv": 0.021669088, "static_susceptibility": 0.25042542709726417, "susceptibility_tier": "low" }, "geometry": { "type": "Point", "coordinates": [ 93.769171111110325, 25.858762777777333 ] } },
{ "type": "Feature", "properties": { "settlement_id": "PMGSY_0064", "name": "Moava", "district": "Dimapur", "source": "PMGSY", "lon": 93.852995, "lat": 25.69759249999975, "elevation_m": 379.98334, "slope_deg": 3.7702081, "profile_curv": -0.0039507789, "plan_curv": -0.050169654, "static_susceptibility": 0.295103453934286, "susceptibility_tier": "low" }, "geometry": { "type": "Point", "coordinates": [ 93.852994999999751, 25.69759249999975 ] } },
{ "type": "Feature", "properties": { "settlement_id": "PMGSY_0065", "name": "Medziphema village", "district": "Dimapur", "source": "PMGSY", "lon": 93.882100555554999, "lat": 25.759017666666271, "elevation_m": 460.86096, "slope_deg": 9.9629021, "profile_curv": -0.0064228019, "plan_curv": -0.00092857413, "static_susceptibility": 0.33995649122051114, "susceptibility_tier": "low" }, "geometry": { "type": "Point", "coordinates": [ 93.882100555554999, 25.759017666666271 ] } },
{ "type": "Feature", "properties": { "settlement_id": "PMGSY_0066", "name": "Ruzaphema", "district": "Dimapur", "source": "PMGSY", "lon": 93.793031666666394, "lat": 25.709451333332801, "elevation_m": 499.59567, "slope_deg": 33.012512, "profile_curv": 0.0025388426, "plan_curv": 0.017624626, "static_susceptibility": 0.48970566808023169, "susceptibility_tier": "moderate" }, "geometry": { "type": "Point", "coordinates": [ 93.793031666666394, 25.709451333332801 ] } },
{ "type": "Feature", "properties": { "settlement_id": "PMGSY_0067", "name": "Razaphe", "district": "Dimapur", "source": "PMGSY", "lon": 93.677571666665997, "lat": 25.787072222221997, "elevation_m": 168.35506, "slope_deg": 7.2306385, "profile_curv": -0.0036935434, "plan_curv": -0.01589044, "static_susceptibility": 0.27239832226148958, "susceptibility_tier": "low" }, "geometry": { "type": "Point", "coordinates": [ 93.677571666665997, 25.787072222221997 ] } },
{ "type": "Feature", "properties": { "settlement_id": "PMGSY_0068", "name": "Purana Bazar", "district": "Dimapur", "source": "PMGSY", "lon": 93.750376929824256, "lat": 25.907530877192734, "elevation_m": 147.16116, "slope_deg": 3.2631578, "profile_curv": 0.0018088027, "plan_curv": -0.011040743, "static_susceptibility": 0.2475552622896334, "susceptibility_tier": "low" }, "geometry": { "type": "Point", "coordinates": [ 93.750376929824256, 25.907530877192734 ] } },
{ "type": "Feature", "properties": { "settlement_id": "PMGSY_0069", "name": "New Wokha Village", "district": "Wokha", "source": "PMGSY", "lon": 94.282321111110662, "lat": 26.119916666666331, "elevation_m": 1240.3644, "slope_deg": 24.523083, "profile_curv": 0.0050670309, "plan_curv": -0.014836721, "static_susceptibility": 0.59729628328712914, "susceptibility_tier": "moderate" }, "geometry": { "type": "Point", "coordinates": [ 94.282321111110662, 26.119916666666331 ] } },
{ "type": "Feature", "properties": { "settlement_id": "PMGSY_0070", "name": "Waziho", "district": "Phek", "source": "PMGSY", "lon": 94.715913333332992, "lat": 25.672811666666, "elevation_m": 1210.4114, "slope_deg": 31.038177, "profile_curv": -0.0030478018, "plan_curv": -0.010623351, "static_susceptibility": 0.63247175268465083, "susceptibility_tier": "high" }, "geometry": { "type": "Point", "coordinates": [ 94.715913333332992, 25.672811666666 ] } },
{ "type": "Feature", "properties": { "settlement_id": "PMGSY_0071", "name": "Upper Khomi", "district": "Phek", "source": "PMGSY", "lon": 94.400274704999987, "lat": 25.664748175, "elevation_m": 1541.0806, "slope_deg": 31.816387, "profile_curv": 0.004881206, "plan_curv": 0.014255303, "static_susceptibility": 0.69645581509809629, "susceptibility_tier": "high" }, "geometry": { "type": "Point", "coordinates": [ 94.400274704999987, 25.664748175 ] } },
{ "type": "Feature", "properties": { "settlement_id": "PMGSY_0072", "name": "Tsupfume Chobami", "district": "Phek", "source": "PMGSY", "lon": 94.319975592736995, "lat": 25.548953939124502, "elevation_m": 1907.7827, "slope_deg": 19.369156, "profile_curv": 0.00047322939, "plan_curv": 0.1141011, "static_susceptibility": 0.68335505840595878, "susceptibility_tier": "high" }, "geometry": { "type": "Point", "coordinates": [ 94.319975592736995, 25.548953939124502 ] } },
{ "type": "Feature", "properties": { "settlement_id": "PMGSY_0073", "name": "Thipuzu", "district": "Phek", "source": "PMGSY", "lon": 94.272655501870688, "lat": 25.629233518091002, "elevation_m": 1718.0952, "slope_deg": 39.892368, "profile_curv": 0.0047574197, "plan_curv": 0.020280095, "static_susceptibility": 0.7672424737192951, "susceptibility_tier": "critical" }, "geometry": { "type": "Point", "coordinates": [ 94.272655501870688, 25.629233518091002 ] } },
{ "type": "Feature", "properties": { "settlement_id": "PMGSY_0074", "name": "Thevopisu", "district": "Phek", "source": "PMGSY", "lon": 94.34438353, "lat": 25.704857778000001, "elevation_m": 1834.9126, "slope_deg": 30.564074, "profile_curv": -0.011156351, "plan_curv": -0.051477548, "static_susceptibility": 0.75030196490391166, "susceptibility_tier": "critical" }, "geometry": { "type": "Point", "coordinates": [ 94.34438353, 25.704857778 ] } },
{ "type": "Feature", "properties": { "settlement_id": "PMGSY_0075", "name": "Thetsumi", "district": "Phek", "source": "PMGSY", "lon": 94.392842373609994, "lat": 25.552696317480336, "elevation_m": 1762.0713, "slope_deg": 31.361139, "profile_curv": 0.0079464754, "plan_curv": -0.0026922454, "static_susceptibility": 0.73444751163390043, "susceptibility_tier": "critical" }, "geometry": { "type": "Point", "coordinates": [ 94.392842373609994, 25.552696317480336 ] } },
{ "type": "Feature", "properties": { "settlement_id": "PMGSY_0076", "name": "Thenyizumi", "district": "Phek", "source": "PMGSY", "lon": 94.251268393333319, "lat": 25.6570126, "elevation_m": 1597.3773, "slope_deg": 22.562088, "profile_curv": 0.004131455, "plan_curv": 0.013309747, "static_susceptibility": 0.65413603611162707, "susceptibility_tier": "high" }, "geometry": { "type": "Point", "coordinates": [ 94.251268393333319, 25.6570126 ] } },
{ "type": "Feature", "properties": { "settlement_id": "PMGSY_0077", "name": "Terhutsesemi", "district": "Phek", "source": "PMGSY", "lon": 94.370159269176753, "lat": 25.797962514141251, "elevation_m": 1474.5006, "slope_deg": 36.555435, "profile_curv": -0.00018664567, "plan_curv": 0.00091907568, "static_susceptibility": 0.71264196985777639, "susceptibility_tier": "high" }, "geometry": { "type": "Point", "coordinates": [ 94.370159269176753, 25.797962514141251 ] } },
{ "type": "Feature", "properties": { "settlement_id": "PMGSY_0078", "name": "Longtsung", "district": "Wokha", "source": "PMGSY", "lon": 94.12144, "lat": 26.1106125, "elevation_m": 622.32599, "slope_deg": 35.117565, "profile_curv": -0.0016879403, "plan_curv": 0.0018829704, "static_susceptibility": 0.53301562103523814, "susceptibility_tier": "moderate" }, "geometry": { "type": "Point", "coordinates": [ 94.12144, 26.1106125 ] } },
{ "type": "Feature", "properties": { "settlement_id": "PMGSY_0079", "name": "Longsachung", "district": "Wokha", "source": "PMGSY", "lon": 94.263577499999499, "lat": 26.040365, "elevation_m": 1516.0216, "slope_deg": 44.205372, "profile_curv": -0.0021608374, "plan_curv": -0.026676286, "static_susceptibility": 0.76167586234678297, "susceptibility_tier": "critical" }, "geometry": { "type": "Point", "coordinates": [ 94.263577499999499, 26.0403649999995 ] } },
{ "type": "Feature", "properties": { "settlement_id": "PMGSY_0080", "name": "Longsa", "district": "Wokha", "source": "PMGSY", "lon": 94.252384583332997, "lat": 26.061357083332751, "elevation_m": 1392.564, "slope_deg": 33.846653, "profile_curv": -0.00039954958, "plan_curv": 0.0028503046, "static_susceptibility": 0.68247093376783374, "susceptibility_tier": "high" }, "geometry": { "type": "Point", "coordinates": [ 94.252384583332997, 26.061357083332751 ] } },
{ "type": "Feature", "properties": { "settlement_id": "PMGSY_0081", "name": "Liphi", "district": "Wokha", "source": "PMGSY", "lon": 94.26028, "lat": 26.09233, "elevation_m": 1406.0642, "slope_deg": 19.315832, "profile_curv": -0.0012442162, "plan_curv": -0.009910346, "static_susceptibility": 0.59937657563069036, "susceptibility_tier": "moderate" }, "geometry": { "type": "Point", "coordinates": [ 94.26028, 26.09233 ] } },
{ "type": "Feature", "properties": { "settlement_id": "PMGSY_0082", "name": "Lakhuti", "district": "Wokha", "source": "PMGSY", "lon": 94.241987777777339, "lat": 26.29566, "elevation_m": 803.41498, "slope_deg": 38.718029, "profile_curv": 0.0079703657, "plan_curv": 0.02168454, "static_susceptibility": 0.59047523653682743, "susceptibility_tier": "moderate" }, "geometry": { "type": "Point", "coordinates": [ 94.241987777777339, 26.29566 ] } },
{ "type": "Feature", "properties": { "settlement_id": "PMGSY_0083", "name": "L. Yanthung", "district": "Wokha", "source": "PMGSY", "lon": 94.115995, "lat": 26.04908, "elevation_m": 284.78586, "slope_deg": 15.219866, "profile_curv": 0.0025811158, "plan_curv": 0.015838876, "static_susceptibility": 0.33319141293973858, "susceptibility_tier": "low" }, "geometry": { "type": "Point", "coordinates": [ 94.115994999999501, 26.04908 ] } },
{ "type": "Feature", "properties": { "settlement_id": "PMGSY_0084", "name": "Koro", "district": "Wokha", "source": "PMGSY", "lon": 94.308068333332997, "lat": 26.12209, "elevation_m": 1230.6057, "slope_deg": 44.102398, "profile_curv": 0.00085069617, "plan_curv": 0.020973833, "static_susceptibility": 0.7074807040284139, "susceptibility_tier": "high" }, "geometry": { "type": "Point", "coordinates": [ 94.308068333332997, 26.12209 ] } },
{ "type": "Feature", "properties": { "settlement_id": "PMGSY_0085", "name": "Humtso", "district": "Wokha", "source": "PMGSY", "lon": 94.205968333332748, "lat": 26.090242499999501, "elevation_m": 1094.1707, "slope_deg": 38.475586, "profile_curv": -0.0029725784, "plan_curv": -0.0047951969, "static_susceptibility": 0.65342510288787603, "susceptibility_tier": "high" }, "geometry": { "type": "Point", "coordinates": [ 94.205968333332748, 26.090242499999501 ] } },
{ "type": "Feature", "properties": { "settlement_id": "PMGSY_0086", "name": "Piphema Old", "district": "Dimapur", "source": "PMGSY", "lon": 93.962835416666238, "lat": 25.751262916666249, "elevation_m": 873.65173, "slope_deg": 27.508526, "profile_curv": 0.0005074605, "plan_curv": -0.00078608608, "static_susceptibility": 0.5374761780028906, "susceptibility_tier": "moderate" }, "geometry": { "type": "Point", "coordinates": [ 93.962835416666238, 25.751262916666249 ] } },
{ "type": "Feature", "properties": { "settlement_id": "PMGSY_0087", "name": "Piphema New", "district": "Dimapur", "source": "PMGSY", "lon": 93.958289444444333, "lat": 25.750812222222333, "elevation_m": 914.22272, "slope_deg": 23.50765, "profile_curv": 0.0017418505, "plan_curv": -0.0049733147, "static_susceptibility": 0.52041632219372491, "susceptibility_tier": "moderate" }, "geometry": { "type": "Point", "coordinates": [ 93.958289444444333, 25.750812222222333 ] } },
{ "type": "Feature", "properties": { "settlement_id": "PMGSY_0088", "name": "Pimla", "district": "Dimapur", "source": "PMGSY", "lon": 93.674646, "lat": 25.736990666666195, "elevation_m": 207.54736, "slope_deg": 3.7843564, "profile_curv": 0.0026170274, "plan_curv": 0.1067185, "static_susceptibility": 0.24758714549689256, "susceptibility_tier": "low" }, "geometry": { "type": "Point", "coordinates": [ 93.674645999999598, 25.736990666666195 ] } },
{ "type": "Feature", "properties": { "settlement_id": "PMGSY_0089", "name": "Pherima", "district": "Dimapur", "source": "PMGSY", "lon": 93.920501666666198, "lat": 25.776106, "elevation_m": 673.89789, "slope_deg": 23.453749, "profile_curv": 0.0025351341, "plan_curv": -0.0038266771, "static_susceptibility": 0.4677323270266302, "susceptibility_tier": "moderate" }, "geometry": { "type": "Point", "coordinates": [ 93.920501666666198, 25.776105999999601 ] } },
{ "type": "Feature", "properties": { "settlement_id": "PMGSY_0090", "name": "Phapijan", "district": "Dimapur", "source": "PMGSY", "lon": 93.7464425, "lat": 25.887150833333003, "elevation_m": 156.96866, "slope_deg": 5.1261873, "profile_curv": -0.00012580519, "plan_curv": -0.072803028, "static_susceptibility": 0.26529424019326925, "susceptibility_tier": "low" }, "geometry": { "type": "Point", "coordinates": [ 93.7464425, 25.887150833333003 ] } },
{ "type": "Feature", "properties": { "settlement_id": "PMGSY_0091", "name": "Padampukheri", "district": "Dimapur", "source": "PMGSY", "lon": 93.761173095237638, "lat": 25.900707142856714, "elevation_m": 142.90816, "slope_deg": 4.6608996, "profile_curv": -0.0054108822, "plan_curv": -0.12381506, "static_susceptibility": 0.26678821387664903, "susceptibility_tier": "low" }, "geometry": { "type": "Point", "coordinates": [ 93.761173095237638, 25.900707142856714 ] } },
{ "type": "Feature", "properties": { "settlement_id": "PMGSY_0092", "name": "Sovima", "district": "Dimapur", "source": "PMGSY", "lon": 93.759027499999746, "lat": 25.845676041666501, "elevation_m": 192.69356, "slope_deg": 5.9212322, "profile_curv": -0.0010508191, "plan_curv": -0.19620253, "static_susceptibility": 0.28952377593555134, "susceptibility_tier": "low" }, "geometry": { "type": "Point", "coordinates": [ 93.759027499999746, 25.845676041666501 ] } },
{ "type": "Feature", "properties": { "settlement_id": "PMGSY_0093", "name": "Sodzulhou", "district": "Dimapur", "source": "PMGSY", "lon": 93.774628333332998, "lat": 25.842880416666251, "elevation_m": 180.05859, "slope_deg": 7.8325577, "profile_curv": -0.0020658348, "plan_curv": -0.021009387, "static_susceptibility": 0.2779089165125625, "susceptibility_tier": "low" }, "geometry": { "type": "Point", "coordinates": [ 93.774628333332998, 25.842880416666251 ] } },
{ "type": "Feature", "properties": { "settlement_id": "PMGSY_0094", "name": "Sochunoma", "district": "Dimapur", "source": "PMGSY", "lon": 93.874316666666672, "lat": 25.722410555555665, "elevation_m": 384.86938, "slope_deg": 9.0247812, "profile_curv": 0.0016547438, "plan_curv": 0.078516737, "static_susceptibility": 0.30920685927000185, "susceptibility_tier": "low" }, "geometry": { "type": "Point", "coordinates": [ 93.874316666666672, 25.722410555555665 ] } },
{ "type": "Feature", "properties": { "settlement_id": "PMGSY_0095", "name": "Sirhima", "district": "Dimapur", "source": "PMGSY", "lon": 93.89399666666651, "lat": 25.739574166665999, "elevation_m": 394.28998, "slope_deg": 8.676981, "profile_curv": -0.0031307668, "plan_curv": -0.03524809, "static_susceptibility": 0.32337578329926892, "susceptibility_tier": "low" }, "geometry": { "type": "Point", "coordinates": [ 93.89399666666651, 25.739574166665999 ] } },
{ "type": "Feature", "properties": { "settlement_id": "PMGSY_0096", "name": "Singrijan", "district": "Dimapur", "source": "PMGSY", "lon": 93.720146944444323, "lat": 25.840718888888663, "elevation_m": 153.21431, "slope_deg": 7.3381605, "profile_curv": -0.00013399645, "plan_curv": -0.0230111, "static_susceptibility": 0.27063825636988209, "susceptibility_tier": "low" }, "geometry": { "type": "Point", "coordinates": [ 93.720146944444323, 25.840718888888663 ] } },
{ "type": "Feature", "properties": { "settlement_id": "PMGSY_0097", "name": "Signal Angami", "district": "Dimapur", "source": "PMGSY", "lon": 93.715489285713858, "lat": 25.891908571428139, "elevation_m": 154.87872, "slope_deg": 3.6098785, "profile_curv": -3.4177032e-05, "plan_curv": 0.066616736, "static_susceptibility": 0.24275477580754826, "susceptibility_tier": "low" }, "geometry": { "type": "Point", "coordinates": [ 93.715489285713858, 25.891908571428139 ] } },
{ "type": "Feature", "properties": { "settlement_id": "PMGSY_0098", "name": "Shozukhu", "district": "Dimapur", "source": "PMGSY", "lon": 93.774957222222341, "lat": 25.956247777778, "elevation_m": 141.14174, "slope_deg": 4.7225099, "profile_curv": -0.0015780006, "plan_curv": 0.010868542, "static_susceptibility": 0.25193719869083708, "susceptibility_tier": "low" }, "geometry": { "type": "Point", "coordinates": [ 93.774957222222341, 25.956247777778 ] } },
{ "type": "Feature", "properties": { "settlement_id": "PMGSY_0099", "name": "Shoxuvi", "district": "Dimapur", "source": "PMGSY", "lon": 93.707620666666202, "lat": 25.760274333333001, "elevation_m": 181.03368, "slope_deg": 10.603198, "profile_curv": 0.00027715653, "plan_curv": -0.066758618, "static_susceptibility": 0.29785170551218659, "susceptibility_tier": "low" }, "geometry": { "type": "Point", "coordinates": [ 93.707620666666202, 25.760274333333001 ] } },
{ "type": "Feature", "properties": { "settlement_id": "PMGSY_0100", "name": "Shitovi", "district": "Dimapur", "source": "PMGSY", "lon": 93.689655, "lat": 25.779408333332999, "elevation_m": 175.60034, "slope_deg": 2.3104351, "profile_curv": -0.0013752481, "plan_curv": -0.025416302, "static_susceptibility": 0.2493996728113384, "susceptibility_tier": "low" }, "geometry": { "type": "Point", "coordinates": [ 93.689654999999675, 25.779408333332999 ] } },
{ "type": "Feature", "properties": { "settlement_id": "PMGSY_0101", "name": "Senjum", "district": "Dimapur", "source": "PMGSY", "lon": 93.69604833333301, "lat": 25.889836666666501, "elevation_m": 196.50156, "slope_deg": 13.349731, "profile_curv": 0.0028008849, "plan_curv": 0.013529035, "static_susceptibility": 0.30612071215329839, "susceptibility_tier": "low" }, "geometry": { "type": "Point", "coordinates": [ 93.69604833333301, 25.889836666666501 ] } },
{ "type": "Feature", "properties": { "settlement_id": "PMGSY_0102", "name": "Mungya", "district": "Wokha", "source": "PMGSY", "lon": 94.359170833332996, "lat": 26.0833233333335, "elevation_m": 1041.9174, "slope_deg": 41.045792, "profile_curv": 0.0028959916, "plan_curv": 0.022323372, "static_susceptibility": 0.65409922106041218, "susceptibility_tier": "high" }, "geometry": { "type": "Point", "coordinates": [ 94.359170833332996, 26.0833233333335 ] } },
{ "type": "Feature", "properties": { "settlement_id": "PMGSY_0103", "name": "Moilan", "district": "Wokha", "source": "PMGSY", "lon": 94.067775, "lat": 26.064358333333001, "elevation_m": 853.96173, "slope_deg": 37.269287, "profile_curv": 0.0054895091, "plan_curv": -0.010580723, "static_susceptibility": 0.59661020652902119, "susceptibility_tier": "moderate" }, "geometry": { "type": "Point", "coordinates": [ 94.067775, 26.064358333333001 ] } },
{ "type": "Feature", "properties": { "settlement_id": "PMGSY_0104", "name": "Meriyan", "district": "Wokha", "source": "PMGSY", "lon": 94.127030555555663, "lat": 26.039982222221997, "elevation_m": 260.97845, "slope_deg": 14.304511, "profile_curv": -0.0087560005, "plan_curv": -0.055505645, "static_susceptibility": 0.33385376891271729, "susceptibility_tier": "low" }, "geometry": { "type": "Point", "coordinates": [ 94.127030555555663, 26.039982222221997 ] } },
{ "type": "Feature", "properties": { "settlement_id": "PMGSY_0105", "name": "Sangtamtilla", "district": "Dimapur", "source": "PMGSY", "lon": 93.71017611111067, "lat": 25.853627499999664, "elevation_m": 155.44933, "slope_deg": 10.902539, "profile_curv": -0.001217754, "plan_curv": -0.02039073, "static_susceptibility": 0.28976911776144704, "susceptibility_tier": "low" }, "geometry": { "type": "Point", "coordinates": [ 93.71017611111067, 25.853627499999664 ] } },
{ "type": "Feature", "properties": { "settlement_id": "PMGSY_0106", "name": "Wokha village", "district": "Wokha", "source": "PMGSY", "lon": 94.261725, "lat": 26.111365555555334, "elevation_m": 1425.6119, "slope_deg": 22.232149, "profile_curv": 0.004452324, "plan_curv": 0.032565359, "static_susceptibility": 0.61509763173793797, "susceptibility_tier": "moderate" }, "geometry": { "type": "Point", "coordinates": [ 94.261724999999672, 26.111365555555334 ] } },
{ "type": "Feature", "properties": { "settlement_id": "PMGSY_0107", "name": "Vidima", "district": "Dimapur", "source": "PMGSY", "lon": 93.713004444443996, "lat": 25.789439444444, "elevation_m": 176.13074, "slope_deg": 4.3832002, "profile_curv": 0.0024162894, "plan_curv": 0.22198945, "static_susceptibility": 0.23383232265313189, "susceptibility_tier": "low" }, "geometry": { "type": "Point", "coordinates": [ 93.713004444443996, 25.789439444444 ] } },
{ "type": "Feature", "properties": { "settlement_id": "PMGSY_0108", "name": "Ura", "district": "Dimapur", "source": "PMGSY", "lon": 93.686940833333011, "lat": 25.821165833332998, "elevation_m": 159.81314, "slope_deg": 6.270174, "profile_curv": -0.00041105362, "plan_curv": -0.032436371, "static_susceptibility": 0.26731387844850873, "susceptibility_tier": "low" }, "geometry": { "type": "Point", "coordinates": [ 93.686940833333011, 25.821165833332998 ] } },
{ "type": "Feature", "properties": { "settlement_id": "PMGSY_0109", "name": "Tsuma", "district": "Dimapur", "source": "PMGSY", "lon": 93.868410833333499, "lat": 25.6901116666665, "elevation_m": 440.52209, "slope_deg": 6.4660807, "profile_curv": 3.81061e-05, "plan_curv": 0.011128738, "static_susceptibility": 0.3134000185544592, "susceptibility_tier": "low" }, "geometry": { "type": "Point", "coordinates": [ 93.868410833333499, 25.6901116666665 ] } },
{ "type": "Feature", "properties": { "settlement_id": "PMGSY_0110", "name": "Tsethrongse", "district": "Dimapur", "source": "PMGSY", "lon": 93.702948333333012, "lat": 25.8418291666665, "elevation_m": 165.22787, "slope_deg": 20.786648, "profile_curv": -0.0033939893, "plan_curv": -0.030372282, "static_susceptibility": 0.34948050114739343, "susceptibility_tier": "low" }, "geometry": { "type": "Point", "coordinates": [ 93.702948333333012, 25.8418291666665 ] } },
{ "type": "Feature", "properties": { "settlement_id": "PMGSY_0111", "name": "Toshezu", "district": "Dimapur", "source": "PMGSY", "lon": 93.595420833333492, "lat": 25.7175825, "elevation_m": 232.02219, "slope_deg": 8.6397276, "profile_curv": 0.00039804104, "plan_curv": -0.031053957, "static_susceptibility": 0.29218391212413708, "susceptibility_tier": "low" }, "geometry": { "type": "Point", "coordinates": [ 93.595420833333492, 25.7175825 ] } },
{ "type": "Feature", "properties": { "settlement_id": "PMGSY_0112", "name": "Toluvi B", "district": "Dimapur", "source": "PMGSY", "lon": 93.776506388888492, "lat": 25.914172222221669, "elevation_m": 148.2323, "slope_deg": 4.4192991, "profile_curv": 0.0025224348, "plan_curv": 0.11388395, "static_susceptibility": 0.24045769581402249, "susceptibility_tier": "low" }, "geometry": { "type": "Point", "coordinates": [ 93.776506388888492, 25.914172222221669 ] } },
{ "type": "Feature", "properties": { "settlement_id": "PMGSY_0113", "name": "Thilixu", "district": "Dimapur", "source": "PMGSY", "lon": 93.744956944444155, "lat": 25.878852777777499, "elevation_m": 169.48465, "slope_deg": 5.6898508, "profile_curv": -0.00049143907, "plan_curv": -0.0027224529, "static_susceptibility": 0.26277996745631116, "susceptibility_tier": "low" }, "geometry": { "type": "Point", "coordinates": [ 93.744956944444155, 25.878852777777499 ] } },
{ "type": "Feature", "properties": { "settlement_id": "PMGSY_0114", "name": "Thahekhu", "district": "Dimapur", "source": "PMGSY", "lon": 93.718179166666332, "lat": 25.874839583332999, "elevation_m": 144.10118, "slope_deg": 13.509273, "profile_curv": -0.0010615163, "plan_curv": -0.00019730628, "static_susceptibility": 0.29960422725527142, "susceptibility_tier": "low" }, "geometry": { "type": "Point", "coordinates": [ 93.718179166666332, 25.874839583332999 ] } },
{ "type": "Feature", "properties": { "settlement_id": "PMGSY_0115", "name": "Tenyiphe II", "district": "Dimapur", "source": "PMGSY", "lon": 93.766288888888326, "lat": 25.817680555555331, "elevation_m": 177.5955, "slope_deg": 3.5978312, "profile_curv": -0.0035296152, "plan_curv": -0.031370692, "static_susceptibility": 0.25703612177023899, "susceptibility_tier": "low" }, "geometry": { "type": "Point", "coordinates": [ 93.766288888888326, 25.817680555555331 ] } },
{ "type": "Feature", "properties": { "settlement_id": "PMGSY_0116", "name": "Tenyiphe I", "district": "Dimapur", "source": "PMGSY", "lon": 93.772568333333012, "lat": 25.838365555555338, "elevation_m": 182.30627, "slope_deg": 4.3197336, "profile_curv": 9.0315283e-05, "plan_curv": 0.01720087, "static_susceptibility": 0.25580196293665675, "susceptibility_tier": "low" }, "geometry": { "type": "Point", "coordinates": [ 93.772568333333012, 25.838365555555338 ] } },
{ "type": "Feature", "properties": { "settlement_id": "PMGSY_0117", "name": "Shaki", "district": "Wokha", "source": "PMGSY", "lon": 94.18088, "lat": 26.010204999999001, "elevation_m": 1430.3325, "slope_deg": 26.11112, "profile_curv": 0.0023361831, "plan_curv": -0.0096498486, "static_susceptibility": 0.64558470746624219, "susceptibility_tier": "high" }, "geometry": { "type": "Point", "coordinates": [ 94.18088, 26.010204999999001 ] } },
{ "type": "Feature", "properties": { "settlement_id": "PMGSY_0118", "name": "Chede Model", "district": "Kohima", "source": "PMGSY", "lon": 94.151406333333341, "lat": 25.686635823333333, "elevation_m": 1376.9009, "slope_deg": 30.40765, "profile_curv": -0.010428157, "plan_curv": 0.0067799892, "static_susceptibility": 0.66065942564049651, "susceptibility_tier": "high" }, "geometry": { "type": "Point", "coordinates": [ 94.151406333333341, 25.686635823333333 ] } },
{ "type": "Feature", "properties": { "settlement_id": "PMGSY_0119", "name": "Botsa", "district": "Kohima", "source": "PMGSY", "lon": 94.155754493709722, "lat": 25.855394776252002, "elevation_m": 1418.6285, "slope_deg": 26.177265, "profile_curv": 0.0041874032, "plan_curv": 0.014867737, "static_susceptibility": 0.6402296307957458, "susceptibility_tier": "high" }, "geometry": { "type": "Point", "coordinates": [ 94.155754493709722, 25.855394776252002 ] } },
{ "type": "Feature", "properties": { "settlement_id": "PMGSY_0120", "name": "4th NAP Thiza", "district": "Kohima", "source": "PMGSY", "lon": 94.109240454521, "lat": 25.741333966844337, "elevation_m": 1345.4127, "slope_deg": 16.401632, "profile_curv": -0.0032125439, "plan_curv": 0.028899182, "static_susceptibility": 0.56307066163824038, "susceptibility_tier": "moderate" }, "geometry": { "type": "Point", "coordinates": [ 94.109240454521, 25.741333966844337 ] } },
{ "type": "Feature", "properties": { "settlement_id": "PMGSY_0121", "name": " Nerhe Model", "district": "Kohima", "source": "PMGSY", "lon": 94.130516355688997, "lat": 25.786385587445, "elevation_m": 1289.9695, "slope_deg": 23.816847, "profile_curv": -0.0032408279, "plan_curv": -0.014473411, "static_susceptibility": 0.60453657132138305, "susceptibility_tier": "moderate" }, "geometry": { "type": "Point", "coordinates": [ 94.130516355688997, 25.786385587445 ] } },
{ "type": "Feature", "properties": { "settlement_id": "PMGSY_0122", "name": "Zutovi", "district": "Dimapur", "source": "PMGSY", "lon": 93.668407777777006, "lat": 25.732397222221664, "elevation_m": 205.54463, "slope_deg": 5.0219555, "profile_curv": -0.00070367631, "plan_curv": -0.0015277296, "static_susceptibility": 0.26534663195545954, "susceptibility_tier": "low" }, "geometry": { "type": "Point", "coordinates": [ 93.668407777777006, 25.732397222221664 ] } },
{ "type": "Feature", "properties": { "settlement_id": "PMGSY_0123", "name": "Lotsu", "district": "Wokha", "source": "PMGSY", "lon": 94.08071087555534, "lat": 26.077166935555329, "elevation_m": 674.487, "slope_deg": 31.679005, "profile_curv": 0.010270001, "plan_curv": -0.0073165731, "static_susceptibility": 0.52091510694179144, "susceptibility_tier": "moderate" }, "geometry": { "type": "Point", "coordinates": [ 94.08071087555534, 26.077166935555329 ] } },
{ "type": "Feature", "properties": { "settlement_id": "PMGSY_0124", "name": "Diphupar", "district": "Dimapur", "source": "PMGSY", "lon": 93.770379365079322, "lat": 25.869298730158665, "elevation_m": 167.41568, "slope_deg": 3.3568599, "profile_curv": 0.00019848597, "plan_curv": -0.019776503, "static_susceptibility": 0.25243286308710516, "susceptibility_tier": "low" }, "geometry": { "type": "Point", "coordinates": [ 93.770379365079322, 25.869298730158665 ] } },
{ "type": "Feature", "properties": { "settlement_id": "PMGSY_0125", "name": "Zhuikhu", "district": "Dimapur", "source": "PMGSY", "lon": 93.875221111110989, "lat": 25.705163333333001, "elevation_m": 432.96664, "slope_deg": 13.448106, "profile_curv": -0.002578153, "plan_curv": 0.0046604867, "static_susceptibility": 0.35389182242504597, "susceptibility_tier": "low" }, "geometry": { "type": "Point", "coordinates": [ 93.875221111110989, 25.705163333333001 ] } },
{ "type": "Feature", "properties": { "settlement_id": "PMGSY_0126", "name": "Zani", "district": "Dimapur", "source": "PMGSY", "lon": 93.784901666666002, "lat": 25.933648333333, "elevation_m": 143.11084, "slope_deg": 5.203126, "profile_curv": -0.0035053408, "plan_curv": -0.029333005, "static_susceptibility": 0.25916579030296694, "susceptibility_tier": "low" }, "geometry": { "type": "Point", "coordinates": [ 93.784901666666002, 25.933648333333 ] } },
{ "type": "Feature", "properties": { "settlement_id": "PMGSY_0127", "name": "Khekiho", "district": "Dimapur", "source": "PMGSY", "lon": 93.574933888889007, "lat": 25.746840555555337, "elevation_m": 186.78688, "slope_deg": 8.5548782, "profile_curv": 0.0058532599, "plan_curv": 0.053841978, "static_susceptibility": 0.27344477104239356, "susceptibility_tier": "low" }, "geometry": { "type": "Point", "coordinates": [ 93.574933888889007, 25.746840555555337 ] } },
{ "type": "Feature", "properties": { "settlement_id": "PMGSY_0128", "name": "Wozhuro", "district": "Wokha", "source": "PMGSY", "lon": 94.1829116666662, "lat": 26.005202333332999, "elevation_m": 1319.7015, "slope_deg": 20.459883, "profile_curv": -0.0027855989, "plan_curv": -0.018702036, "static_susceptibility": 0.59001432581585223, "susceptibility_tier": "moderate" }, "geometry": { "type": "Point", "coordinates": [ 94.1829116666662, 26.005202333332999 ] } },
{ "type": "Feature", "properties": { "settlement_id": "PMGSY_0129", "name": "Sanis HQ", "district": "Wokha", "source": "PMGSY", "lon": 94.198865333333003, "lat": 26.205593999999401, "elevation_m": 685.73798, "slope_deg": 23.714684, "profile_curv": -0.001547265, "plan_curv": -0.034916613, "static_susceptibility": 0.47702217386215101, "susceptibility_tier": "moderate" }, "geometry": { "type": "Point", "coordinates": [ 94.198865333333003, 26.205593999999401 ] } },
{ "type": "Feature", "properties": { "settlement_id": "PMGSY_0130", "name": "Kigwema", "district": "Kohima", "source": "PMGSY", "lon": 94.116282607074183, "lat": 25.605249210735167, "elevation_m": 1591.4984, "slope_deg": 31.575155, "profile_curv": 0.012853718, "plan_curv": 0.0025944014, "static_susceptibility": 0.70445740963828518, "susceptibility_tier": "high" }, "geometry": { "type": "Point", "coordinates": [ 94.116282607074183, 25.605249210735167 ] } },
{ "type": "Feature", "properties": { "settlement_id": "PMGSY_0131", "name": "Kidima", "district": "Kohima", "source": "PMGSY", "lon": 94.183601202000006, "lat": 25.57185968, "elevation_m": 1466.1917, "slope_deg": 27.265076, "profile_curv": -0.0034056604, "plan_curv": -0.18096644, "static_susceptibility": 0.68139148846313224, "susceptibility_tier": "high" }, "geometry": { "type": "Point", "coordinates": [ 94.183601202, 25.57185968 ] } },
{ "type": "Feature", "properties": { "settlement_id": "PMGSY_0132", "name": "Khuzama", "district": "Kohima", "source": "PMGSY", "lon": 94.13035322654143, "lat": 25.544120257092427, "elevation_m": 1630.3041, "slope_deg": 35.595749, "profile_curv": 0.012038231, "plan_curv": 0.015579893, "static_susceptibility": 0.73130310928880149, "susceptibility_tier": "critical" }, "geometry": { "type": "Point", "coordinates": [ 94.13035322654143, 25.544120257092427 ] } },
{ "type": "Feature", "properties": { "settlement_id": "PMGSY_0133", "name": "Khonoma", "district": "Kohima", "source": "PMGSY", "lon": 94.020747432161329, "lat": 25.645797296900835, "elevation_m": 1511.7466, "slope_deg": 21.672815, "profile_curv": -0.00043841713, "plan_curv": 0.012227646, "static_susceptibility": 0.63263652085391275, "susceptibility_tier": "high" }, "geometry": { "type": "Point", "coordinates": [ 94.020747432161329, 25.645797296900835 ] } },
{ "type": "Feature", "properties": { "settlement_id": "PMGSY_0134", "name": "Kezoma", "district": "Kohima", "source": "PMGSY", "lon": 94.19378518000001, "lat": 25.60078001, "elevation_m": 1532.494, "slope_deg": 27.288887, "profile_curv": 0.0025834148, "plan_curv": 0.00423573, "static_susceptibility": 0.67069110752704009, "susceptibility_tier": "high" }, "geometry": { "type": "Point", "coordinates": [ 94.19378518, 25.60078001 ] } },
{ "type": "Feature", "properties": { "settlement_id": "PMGSY_0135", "name": "Kezo Basa", "district": "Kohima", "source": "PMGSY", "lon": 94.1941552, "lat": 25.67721654, "elevation_m": 1039.9489, "slope_deg": 19.292467, "profile_curv": -0.0008096036, "plan_curv": 0.0094751762, "static_susceptibility": 0.51844234884902385, "susceptibility_tier": "moderate" }, "geometry": { "type": "Point", "coordinates": [ 94.1941552, 25.67721654 ] } },
{ "type": "Feature", "properties": { "settlement_id": "PMGSY_0136", "name": "Keruphe Bawe", "district": "Kohima", "source": "PMGSY", "lon": 94.01950301462, "lat": 25.723550436735, "elevation_m": 1362.4165, "slope_deg": 24.564545, "profile_curv": 0.0038936797, "plan_curv": 0.028448511, "static_susceptibility": 0.6172637487415964, "susceptibility_tier": "moderate" }, "geometry": { "type": "Point", "coordinates": [ 94.01950301462, 25.723550436735 ] } },
{ "type": "Feature", "properties": { "settlement_id": "PMGSY_0137", "name": "Kashanyu", "district": "Kohima", "source": "PMGSY", "lon": 94.206648825000002, "lat": 25.88745323, "elevation_m": 1309.0635, "slope_deg": 83.892212, "profile_curv": -0.0032431588, "plan_curv": -0.035871807, "static_susceptibility": 0.8839885897970754, "susceptibility_tier": "critical" }, "geometry": { "type": "Point", "coordinates": [ 94.206648825, 25.88745323 ] } },
{ "type": "Feature", "properties": { "settlement_id": "PMGSY_0138", "name": "Jotsoma", "district": "Kohima", "source": "PMGSY", "lon": 94.071911595489837, "lat": 25.667471681538501, "elevation_m": 1645.8224, "slope_deg": 23.986334, "profile_curv": 0.0017520603, "plan_curv": -0.012561768, "static_susceptibility": 0.67540236065754145, "susceptibility_tier": "high" }, "geometry": { "type": "Point", "coordinates": [ 94.071911595489837, 25.667471681538501 ] } },
{ "type": "Feature", "properties": { "settlement_id": "PMGSY_0139", "name": "Jakhama", "district": "Kohima", "source": "PMGSY", "lon": 94.125183764198098, "lat": 25.586964902046773, "elevation_m": 1602.2053, "slope_deg": 15.278422, "profile_curv": -0.00029257464, "plan_curv": -0.0091586662, "static_susceptibility": 0.61438056167922561, "susceptibility_tier": "moderate" }, "geometry": { "type": "Point", "coordinates": [ 94.125183764198098, 25.586964902046773 ] } },
{ "type": "Feature", "properties": { "settlement_id": "PMGSY_0140", "name": "Gariphema Basa", "district": "Kohima", "source": "PMGSY", "lon": 94.227631022563997, "lat": 25.813952263613999, "elevation_m": 1286.4255, "slope_deg": 38.191814, "profile_curv": 0.0041506765, "plan_curv": 0.1337001, "static_susceptibility": 0.6707247537226777, "susceptibility_tier": "high" }, "geometry": { "type": "Point", "coordinates": [ 94.227631022563997, 25.813952263613999 ] } },
{ "type": "Feature", "properties": { "settlement_id": "PMGSY_0141", "name": "Dihoma", "district": "Kohima", "source": "PMGSY", "lon": 94.195688681316497, "lat": 25.737193799550504, "elevation_m": 1358.8146, "slope_deg": 28.519743, "profile_curv": 0.001907524, "plan_curv": -0.026612297, "static_susceptibility": 0.64809191413158718, "susceptibility_tier": "high" }, "geometry": { "type": "Point", "coordinates": [ 94.195688681316497, 25.737193799550504 ] } },
{ "type": "Feature", "properties": { "settlement_id": "PMGSY_0142", "name": "Chunlikha", "district": "Kohima", "source": "PMGSY", "lon": 94.23646222666666, "lat": 25.98495158, "elevation_m": 1184.7135, "slope_deg": 18.98271, "profile_curv": 0.0018636715, "plan_curv": -0.025797479, "static_susceptibility": 0.55201407328902452, "susceptibility_tier": "moderate" }, "geometry": { "type": "Point", "coordinates": [ 94.23646222666666, 25.98495158 ] } },
{ "type": "Feature", "properties": { "settlement_id": "PMGSY_0143", "name": "Chiephobozou", "district": "Kohima", "source": "PMGSY", "lon": 94.131446939339, "lat": 25.792702384615875, "elevation_m": 1308.1692, "slope_deg": 25.138041, "profile_curv": 0.0026581241, "plan_curv": 0.037551489, "static_susceptibility": 0.60869304703342397, "susceptibility_tier": "moderate" }, "geometry": { "type": "Point", "coordinates": [ 94.131446939339, 25.792702384615875 ] } },
{ "type": "Feature", "properties": { "settlement_id": "PMGSY_0144", "name": "Chiechama", "district": "Kohima", "source": "PMGSY", "lon": 94.139941331254249, "lat": 25.81155421562125, "elevation_m": 1405.8134, "slope_deg": 24.948553, "profile_curv": 0.0037654936, "plan_curv": -0.01121757, "static_susceptibility": 0.63361165922259044, "susceptibility_tier": "high" }, "geometry": { "type": "Point", "coordinates": [ 94.139941331254249, 25.81155421562125 ] } },
{ "type": "Feature", "properties": { "settlement_id": "PMGSY_0145", "name": "Chedema", "district": "Kohima", "source": "PMGSY", "lon": 94.14386611285714, "lat": 25.680017787142855, "elevation_m": 1493.327, "slope_deg": 23.239775, "profile_curv": 0.0048416574, "plan_curv": 0.011717482, "static_susceptibility": 0.63766448965621436, "susceptibility_tier": "high" }, "geometry": { "type": "Point", "coordinates": [ 94.14386611285714, 25.680017787142855 ] } },
{ "type": "Feature", "properties": { "settlement_id": "PMGSY_0146", "name": "Phesama", "district": "Kohima", "source": "PMGSY", "lon": 94.111748641999995, "lat": 25.627618292000001, "elevation_m": 1556.6715, "slope_deg": 22.345497, "profile_curv": -0.0010798173, "plan_curv": -0.026884792, "static_susceptibility": 0.65074222578383645, "susceptibility_tier": "high" }, "geometry": { "type": "Point", "coordinates": [ 94.111748642, 25.627618292 ] } },
{ "type": "Feature", "properties": { "settlement_id": "PMGSY_0147", "name": "Phenshenyu", "district": "Kohima", "source": "PMGSY", "lon": 94.16863118500001, "lat": 25.92912599, "elevation_m": 1331.2181, "slope_deg": 29.672598, "profile_curv": 0.0034685156, "plan_curv": -0.0086603127, "static_susceptibility": 0.64701640048323505, "susceptibility_tier": "high" }, "geometry": { "type": "Point", "coordinates": [ 94.16863118500001, 25.92912599 ] } },
{ "type": "Feature", "properties": { "settlement_id": "PMGSY_0148", "name": "Phekerkriema Bawe", "district": "Kohima", "source": "PMGSY", "lon": 94.039885337201, "lat": 25.883523383534001, "elevation_m": 1120.9474, "slope_deg": 39.570011, "profile_curv": 0.014199193, "plan_curv": 0.0083201537, "static_susceptibility": 0.66072804967365495, "susceptibility_tier": "high" }, "geometry": { "type": "Point", "coordinates": [ 94.039885337201, 25.883523383534001 ] } },
{ "type": "Feature", "properties": { "settlement_id": "PMGSY_0149", "name": "Phekerkriema Basa", "district": "Kohima", "source": "PMGSY", "lon": 94.13657914032251, "lat": 25.8582940024755, "elevation_m": 1305.1139, "slope_deg": 27.309364, "profile_curv": 0.014494027, "plan_curv": 0.072311297, "static_susceptibility": 0.61502178434847299, "susceptibility_tier": "moderate" }, "geometry": { "type": "Point", "coordinates": [ 94.13657914032251, 25.8582940024755 ] } },
{ "type": "Feature", "properties": { "settlement_id": "PMGSY_0150", "name": "Pfuchama", "district": "Kohima", "source": "PMGSY", "lon": 94.13042894, "lat": 25.64328829, "elevation_m": 1443.37, "slope_deg": 25.306145, "profile_curv": -0.0073962859, "plan_curv": -0.0068633878, "static_susceptibility": 0.64457089499441078, "susceptibility_tier": "high" }, "geometry": { "type": "Point", "coordinates": [ 94.13042894, 25.64328829 ] } },
{ "type": "Feature", "properties": { "settlement_id": "PMGSY_0151", "name": "Peducha", "district": "Kohima", "source": "PMGSY", "lon": 94.014646370478502, "lat": 25.736392635049167, "elevation_m": 961.58099, "slope_deg": 17.730949, "profile_curv": 0.00064513297, "plan_curv": -0.015061827, "static_susceptibility": 0.49435372111158327, "susceptibility_tier": "moderate" }, "geometry": { "type": "Point", "coordinates": [ 94.014646370478502, 25.736392635049167 ] } },
{ "type": "Feature", "properties": { "settlement_id": "PMGSY_0152", "name": "Nerhema", "district": "Kohima", "source": "PMGSY", "lon": 94.118088434952668, "lat": 25.780263873451002, "elevation_m": 1422.5155, "slope_deg": 28.585226, "profile_curv": 0.0029578898, "plan_curv": -0.0052409912, "static_susceptibility": 0.65813766520181993, "susceptibility_tier": "high" }, "geometry": { "type": "Point", "coordinates": [ 94.118088434952668, 25.780263873451002 ] } },
{ "type": "Feature", "properties": { "settlement_id": "PMGSY_0153", "name": "Nachama", "district": "Kohima", "source": "PMGSY", "lon": 94.147784611272996, "lat": 25.823022155360498, "elevation_m": 1431.474, "slope_deg": 31.055548, "profile_curv": 0.0024876194, "plan_curv": -0.0033404268, "static_susceptibility": 0.67413340533263499, "susceptibility_tier": "high" }, "geometry": { "type": "Point", "coordinates": [ 94.147784611272996, 25.823022155360498 ] } },
{ "type": "Feature", "properties": { "settlement_id": "PMGSY_0154", "name": "Mitelephe", "district": "Kohima", "source": "PMGSY", "lon": 94.16433088, "lat": 25.61881742, "elevation_m": 1244.9478, "slope_deg": 24.89802, "profile_curv": 0.0070360531, "plan_curv": 0.011419652, "static_susceptibility": 0.5967805059637713, "susceptibility_tier": "moderate" }, "geometry": { "type": "Point", "coordinates": [ 94.16433088, 25.61881742 ] } },
{ "type": "Feature", "properties": { "settlement_id": "PMGSY_0155", "name": "Mima", "district": "Kohima", "source": "PMGSY", "lon": 94.142864855, "lat": 25.609923795, "elevation_m": 1586.1254, "slope_deg": 20.886345, "profile_curv": 0.001508148, "plan_curv": 0.018549612, "static_susceptibility": 0.64163569288637912, "susceptibility_tier": "high" }, "geometry": { "type": "Point", "coordinates": [ 94.142864855, 25.609923795 ] } },
{ "type": "Feature", "properties": { "settlement_id": "PMGSY_0156", "name": "Mezoma", "district": "Kohima", "source": "PMGSY", "lon": 94.017641827576597, "lat": 25.672393927701002, "elevation_m": 1574.5398, "slope_deg": 34.874191, "profile_curv": 0.01131917, "plan_curv": 0.002533521, "static_susceptibility": 0.71944213200778317, "susceptibility_tier": "critical" }, "geometry": { "type": "Point", "coordinates": [ 94.017641827576597, 25.672393927701002 ] } },
{ "type": "Feature", "properties": { "settlement_id": "PMGSY_0157", "name": "Meriema", "district": "Kohima", "source": "PMGSY", "lon": 94.093816666943326, "lat": 25.716818589400663, "elevation_m": 1362.8406, "slope_deg": 24.528885, "profile_curv": 0.00023613102, "plan_curv": 0.013029505, "static_susceptibility": 0.61976362689731002, "susceptibility_tier": "moderate" }, "geometry": { "type": "Point", "coordinates": [ 94.093816666943326, 25.716818589400663 ] } },
{ "type": "Feature", "properties": { "settlement_id": "PMGSY_0158", "name": "Kohima", "district": "Kohima", "source": "PMGSY", "lon": 94.111328430624994, "lat": 25.681026528749999, "elevation_m": 1536.6924, "slope_deg": 20.954588, "profile_curv": 0.0022203252, "plan_curv": 0.032045223, "static_susceptibility": 0.63027970403051248, "susceptibility_tier": "high" }, "geometry": { "type": "Point", "coordinates": [ 94.111328430624994, 25.681026528749999 ] } },
{ "type": "Feature", "properties": { "settlement_id": "PMGSY_0159", "name": "Kiruphe Basa", "district": "Kohima", "source": "PMGSY", "lon": 94.021934110820496, "lat": 25.724742948009499, "elevation_m": 1264.0018, "slope_deg": 24.706205, "profile_curv": 0.0010401125, "plan_curv": 0.0055407295, "static_susceptibility": 0.60135031080345214, "susceptibility_tier": "moderate" }, "geometry": { "type": "Point", "coordinates": [ 94.021934110820496, 25.724742948009499 ] } },
{ "type": "Feature", "properties": { "settlement_id": "PMGSY_0160", "name": "Kijumetouma Bawe", "district": "Kohima", "source": "PMGSY", "lon": 94.230592244330495, "lat": 25.765304611637251, "elevation_m": 1129.2303, "slope_deg": 27.937132, "profile_curv": 0.00035419245, "plan_curv": -0.0017973463, "static_susceptibility": 0.59476050299757222, "susceptibility_tier": "moderate" }, "geometry": { "type": "Point", "coordinates": [ 94.230592244330495, 25.765304611637251 ] } },
{ "type": "Feature", "properties": { "settlement_id": "PMGSY_0161", "name": "Kijumetouma Basa", "district": "Kohima", "source": "PMGSY", "lon": 94.227146572104004, "lat": 25.761630083423501, "elevation_m": 1114.4667, "slope_deg": 29.233446, "profile_curv": -0.00013498534, "plan_curv": 0.17695925, "static_susceptibility": 0.57595009608884506, "susceptibility_tier": "moderate" }, "geometry": { "type": "Point", "coordinates": [ 94.227146572104004, 25.761630083423501 ] } },
{ "type": "Feature", "properties": { "settlement_id": "PMGSY_0162", "name": "Zhadima", "district": "Kohima", "source": "PMGSY", "lon": 94.065252764587001, "lat": 25.792381952481747, "elevation_m": 1363.6273, "slope_deg": 23.677959, "profile_curv": -0.0065008211, "plan_curv": -0.014540381, "static_susceptibility": 0.61939451200753293, "susceptibility_tier": "moderate" }, "geometry": { "type": "Point", "coordinates": [ 94.065252764587001, 25.792381952481747 ] } },
{ "type": "Feature", "properties": { "settlement_id": "PMGSY_0163", "name": "Viswema", "district": "Kohima", "source": "PMGSY", "lon": 94.140797674091445, "lat": 25.561644782354112, "elevation_m": 1734.522, "slope_deg": 33.478439, "profile_curv": 0.0076572625, "plan_curv": 0.012144575, "static_susceptibility": 0.73904605828969805, "susceptibility_tier": "critical" }, "geometry": { "type": "Point", "coordinates": [ 94.140797674091445, 25.561644782354112 ] } },
{ "type": "Feature", "properties": { "settlement_id": "PMGSY_0164", "name": "Viphoma", "district": "Kohima", "source": "PMGSY", "lon": 94.007508005789006, "lat": 25.840421144587999, "elevation_m": 1270.1359, "slope_deg": 38.226055, "profile_curv": -0.00094913028, "plan_curv": -0.00016818034, "static_susceptibility": 0.68484125044295718, "susceptibility_tier": "high" }, "geometry": { "type": "Point", "coordinates": [ 94.007508005789006, 25.840421144587999 ] } },
{ "type": "Feature", "properties": { "settlement_id": "PMGSY_0165", "name": "Tuophema", "district": "Kohima", "source": "PMGSY", "lon": 94.179464740862343, "lat": 25.844370730036331, "elevation_m": 1452.6173, "slope_deg": 27.758698, "profile_curv": 0.00093750667, "plan_curv": -0.012873286, "static_susceptibility": 0.66039801667719789, "susceptibility_tier": "high" }, "geometry": { "type": "Point", "coordinates": [ 94.179464740862343, 25.844370730036331 ] } },
{ "type": "Feature", "properties": { "settlement_id": "PMGSY_0166", "name": "Tsiemekhuma Bawe", "district": "Kohima", "source": "PMGSY", "lon": 94.133646174522994, "lat": 25.885097206780003, "elevation_m": 1273.3865, "slope_deg": 24.51679, "profile_curv": 0.0056229718, "plan_curv": 0.016886158, "static_susceptibility": 0.59981358654556982, "susceptibility_tier": "moderate" }, "geometry": { "type": "Point", "coordinates": [ 94.133646174522994, 25.885097206780003 ] } },
{ "type": "Feature", "properties": { "settlement_id": "PMGSY_0167", "name": "Tseminyu Old ", "district": "Kohima", "source": "PMGSY", "lon": 94.208290857500003, "lat": 25.913084362499998, "elevation_m": 1313.0078, "slope_deg": 32.24416, "profile_curv": 0.001873359, "plan_curv": 0.0017745985, "static_susceptibility": 0.65770022161796915, "susceptibility_tier": "high" }, "geometry": { "type": "Point", "coordinates": [ 94.208290857500003, 25.913084362499998 ] } },
{ "type": "Feature", "properties": { "settlement_id": "PMGSY_0168", "name": "Tseminyu  Hdq", "district": "Kohima", "source": "PMGSY", "lon": 94.222123417500001, "lat": 25.922945672499999, "elevation_m": 1198.073, "slope_deg": 26.314034, "profile_curv": -0.0070132655, "plan_curv": -0.053268623, "static_susceptibility": 0.60695593541835369, "susceptibility_tier": "moderate" }, "geometry": { "type": "Point", "coordinates": [ 94.222123417500001, 25.922945672499999 ] } },
{ "type": "Feature", "properties": { "settlement_id": "PMGSY_0169", "name": "Touphe Phezou", "district": "Kohima", "source": "PMGSY", "lon": 94.176930727454007, "lat": 25.834271506999499, "elevation_m": 1305.8297, "slope_deg": 23.786324, "profile_curv": 0.0030651188, "plan_curv": 0.031687975, "static_susceptibility": 0.6004282122650666, "susceptibility_tier": "moderate" }, "geometry": { "type": "Point", "coordinates": [ 94.176930727454007, 25.834271506999499 ] } },
{ "type": "Feature", "properties": { "settlement_id": "PMGSY_0170", "name": "Tesophenyu", "district": "Kohima", "source": "PMGSY", "lon": 94.213268520000014, "lat": 25.970638102499997, "elevation_m": 1513.8311, "slope_deg": 32.287132, "profile_curv": 0.004027524, "plan_curv": 0.0035996013, "static_susceptibility": 0.69545275412926966, "susceptibility_tier": "high" }, "geometry": { "type": "Point", "coordinates": [ 94.213268520000014, 25.970638102499997 ] } },
{ "type": "Feature", "properties": { "settlement_id": "PMGSY_0171", "name": "Terogunyu", "district": "Kohima", "source": "PMGSY", "lon": 94.199083463333338, "lat": 25.895979326666666, "elevation_m": 1553.1984, "slope_deg": 39.633705, "profile_curv": -0.00085276947, "plan_curv": -0.001126679, "static_susceptibility": 0.74248770546497367, "susceptibility_tier": "critical" }, "geometry": { "type": "Point", "coordinates": [ 94.199083463333338, 25.895979326666666 ] } },
{ "type": "Feature", "properties": { "settlement_id": "PMGSY_0172", "name": "Sendenyu", "district": "Kohima", "source": "PMGSY", "lon": 94.12509747499999, "lat": 25.902958575, "elevation_m": 1316.6433, "slope_deg": 26.311756, "profile_curv": 0.012391747, "plan_curv": 0.0058918269, "static_susceptibility": 0.62024581272739943, "susceptibility_tier": "high" }, "geometry": { "type": "Point", "coordinates": [ 94.125097475, 25.902958575 ] } },
{ "type": "Feature", "properties": { "settlement_id": "PMGSY_0173", "name": "Seiyhama Basa", "district": "Kohima", "source": "PMGSY", "lon": 94.110372095944001, "lat": 25.863732999325666, "elevation_m": 1488.7808, "slope_deg": 28.298697, "profile_curv": -0.0017316812, "plan_curv": 0.014349534, "static_susceptibility": 0.66761495340162536, "susceptibility_tier": "high" }, "geometry": { "type": "Point", "coordinates": [ 94.110372095944001, 25.863732999325666 ] } },
{ "type": "Feature", "properties": { "settlement_id": "PMGSY_0174", "name": "Sechu Zubza", "district": "Kohima", "source": "PMGSY", "lon": 94.037071372243005, "lat": 25.713193485375502, "elevation_m": 994.0918, "slope_deg": 25.66066, "profile_curv": -0.0021708652, "plan_curv": -0.029756056, "static_susceptibility": 0.55577673823296059, "susceptibility_tier": "moderate" }, "geometry": { "type": "Point", "coordinates": [ 94.037071372243005, 25.713193485375502 ] } },
{ "type": "Feature", "properties": { "settlement_id": "PMGSY_0175", "name": "Sakhabama", "district": "Kohima", "source": "PMGSY", "lon": 94.1940296, "lat": 25.67488309, "elevation_m": 1065.8782, "slope_deg": 21.353006, "profile_curv": -0.00071098428, "plan_curv": 0.0042639356, "static_susceptibility": 0.53823079692268549, "susceptibility_tier": "moderate" }, "geometry": { "type": "Point", "coordinates": [ 94.1940296, 25.67488309 ] } },
{ "type": "Feature", "properties": { "settlement_id": "PMGSY_0176", "name": "Rusoma", "district": "Kohima", "source": "PMGSY", "lon": 94.141340482825242, "lat": 25.726384119546246, "elevation_m": 1421.4028, "slope_deg": 23.567406, "profile_curv": -3.44921e-06, "plan_curv": 0.0072254348, "static_susceptibility": 0.62655107642897323, "susceptibility_tier": "high" }, "geometry": { "type": "Point", "coordinates": [ 94.141340482825242, 25.726384119546246 ] } },
{ "type": "Feature", "properties": { "settlement_id": "PMGSY_0177", "name": "Phezha", "district": "Kohima", "source": "PMGSY", "lon": 94.089951733963005, "lat": 25.774166561829499, "elevation_m": 1360.8557, "slope_deg": 22.251312, "profile_curv": -0.00071165571, "plan_curv": -0.016434072, "static_susceptibility": 0.60921538636538197, "susceptibility_tier": "moderate" }, "geometry": { "type": "Point", "coordinates": [ 94.089951733963005, 25.774166561829499 ] } },
{ "type": "Feature", "properties": { "settlement_id": "PMGSY_0178", "name": "Chuchuyimpang", "district": "Mokokchung", "source": "PMGSY", "lon": 94.55115149471257, "lat": 26.333872129637854, "elevation_m": 1371.677, "slope_deg": 22.059244, "profile_curv": 0.0066931262, "plan_curv": 0.014145979, "static_susceptibility": 0.60494272753500167, "susceptibility_tier": "moderate" }, "geometry": { "type": "Point", "coordinates": [ 94.55115149471257, 26.333872129637854 ] } },
{ "type": "Feature", "properties": { "settlement_id": "PMGSY_0179", "name": "Chuchuyimlang hq", "district": "Mokokchung", "source": "PMGSY", "lon": 94.639488749999487, "lat": 26.460346041666376, "elevation_m": 960.58337, "slope_deg": 27.236691, "profile_curv": 0.00053103425, "plan_curv": 0.025217725, "static_susceptibility": 0.55081759891406956, "susceptibility_tier": "moderate" }, "geometry": { "type": "Point", "coordinates": [ 94.639488749999487, 26.460346041666376 ] } },
{ "type": "Feature", "properties": { "settlement_id": "PMGSY_0180", "name": "Chuchuyimlang", "district": "Mokokchung", "source": "PMGSY", "lon": 94.646835833333, "lat": 26.471105833332999, "elevation_m": 1040.092, "slope_deg": 27.673748, "profile_curv": 0.00029013341, "plan_curv": -0.0083094155, "static_susceptibility": 0.57521070348609693, "susceptibility_tier": "moderate" }, "geometry": { "type": "Point", "coordinates": [ 94.646835833333, 26.471105833332999 ] } },
{ "type": "Feature", "properties": { "settlement_id": "PMGSY_0181", "name": "Chubayimkum", "district": "Mokokchung", "source": "PMGSY", "lon": 94.55895832, "lat": 26.23692407, "elevation_m": 1164.4408, "slope_deg": 29.244722, "profile_curv": 0.011275652, "plan_curv": 0.028514303, "static_susceptibility": 0.60442478762970064, "susceptibility_tier": "moderate" }, "geometry": { "type": "Point", "coordinates": [ 94.55895832, 26.23692407 ] } },
{ "type": "Feature", "properties": { "settlement_id": "PMGSY_0182", "name": "Changtongya Old", "district": "Mokokchung", "source": "PMGSY", "lon": 94.682421904999998, "lat": 26.542408086666498, "elevation_m": 924.66547, "slope_deg": 25.055815, "profile_curv": -0.00057589723, "plan_curv": -0.006040825, "static_susceptibility": 0.53336945305776129, "susceptibility_tier": "moderate" }, "geometry": { "type": "Point", "coordinates": [ 94.682421905, 26.542408086666498 ] } },
{ "type": "Feature", "properties": { "settlement_id": "PMGSY_0183", "name": "Changtongya Hq", "district": "Mokokchung", "source": "PMGSY", "lon": 94.676502572469744, "lat": 26.534091554082377, "elevation_m": 741.44702, "slope_deg": 24.443359, "profile_curv": 0.00094680092, "plan_curv": 0.0032608812, "static_susceptibility": 0.48812929133271915, "susceptibility_tier": "moderate" }, "geometry": { "type": "Point", "coordinates": [ 94.676502572469744, 26.534091554082377 ] } },
{ "type": "Feature", "properties": { "settlement_id": "PMGSY_0184", "name": "Changki", "district": "Mokokchung", "source": "PMGSY", "lon": 94.388050833333011, "lat": 26.419697083332746, "elevation_m": 887.47803, "slope_deg": 26.696974, "profile_curv": -0.00020918074, "plan_curv": -0.0086316885, "static_susceptibility": 0.53636537505657267, "susceptibility_tier": "moderate" }, "geometry": { "type": "Point", "coordinates": [ 94.388050833333011, 26.419697083332746 ] } },
{ "type": "Feature", "properties": { "settlement_id": "PMGSY_0185", "name": "Changdang", "district": "Mokokchung", "source": "PMGSY", "lon": 94.456314166666488, "lat": 26.589246666666, "elevation_m": 653.46387, "slope_deg": 36.857761, "profile_curv": 0.0082659991, "plan_curv": -0.0017878482, "static_susceptibility": 0.54980327338274793, "susceptibility_tier": "moderate" }, "geometry": { "type": "Point", "coordinates": [ 94.456314166666488, 26.589246666666 ] } },
{ "type": "Feature", "properties": { "settlement_id": "PMGSY_0186", "name": "Chakpa", "district": "Mokokchung", "source": "PMGSY", "lon": 94.660466666665997, "lat": 26.409719166666001, "elevation_m": 1055.2292, "slope_deg": 33.857037, "profile_curv": -0.0022602356, "plan_curv": 0.0026639858, "static_susceptibility": 0.61642810497543454, "susceptibility_tier": "moderate" }, "geometry": { "type": "Point", "coordinates": [ 94.660466666665997, 26.409719166666001 ] } },
{ "type": "Feature", "properties": { "settlement_id": "PMGSY_0187", "name": "Asangma", "district": "Mokokchung", "source": "PMGSY", "lon": 94.58996694535, "lat": 26.558016766793667, "elevation_m": 507.94327, "slope_deg": 31.488262, "profile_curv": 0.0018308335, "plan_curv": 0.06556835, "static_susceptibility": 0.47500631571270918, "susceptibility_tier": "moderate" }, "geometry": { "type": "Point", "coordinates": [ 94.58996694535, 26.558016766793667 ] } },
{ "type": "Feature", "properties": { "settlement_id": "PMGSY_0188", "name": "Anakiyimsen", "district": "Mokokchung", "source": "PMGSY", "lon": 94.71315445, "lat": 26.737156795000001, "elevation_m": 171.90918, "slope_deg": 8.6060677, "profile_curv": -0.00071482186, "plan_curv": -0.00077617407, "static_susceptibility": 0.27812329351103471, "susceptibility_tier": "low" }, "geometry": { "type": "Point", "coordinates": [ 94.71315445, 26.737156795 ] } },
{ "type": "Feature", "properties": { "settlement_id": "PMGSY_0189", "name": "Alongtaki Compound", "district": "Mokokchung", "source": "PMGSY", "lon": 94.436589166666494, "lat": 26.553965833333002, "elevation_m": 633.93634, "slope_deg": 33.317818, "profile_curv": -0.0020979079, "plan_curv": 0.030379957, "static_susceptibility": 0.51987485666590738, "susceptibility_tier": "moderate" }, "geometry": { "type": "Point", "coordinates": [ 94.436589166666494, 26.553965833333002 ] } },
{ "type": "Feature", "properties": { "settlement_id": "PMGSY_0190", "name": "Alongkima", "district": "Mokokchung", "source": "PMGSY", "lon": 94.514224166665997, "lat": 26.540588333332501, "elevation_m": 896.65442, "slope_deg": 33.231712, "profile_curv": -0.002262271, "plan_curv": 0.0072723925, "static_susceptibility": 0.57882812755460566, "susceptibility_tier": "moderate" }, "geometry": { "type": "Point", "coordinates": [ 94.514224166665997, 26.540588333332501 ] } },
{ "type": "Feature", "properties": { "settlement_id": "PMGSY_0191", "name": "Alichen", "district": "Mokokchung", "source": "PMGSY", "lon": 94.448885351428572, "lat": 26.270896197142854, "elevation_m": 1211.6823, "slope_deg": 23.695635, "profile_curv": -0.0044065095, "plan_curv": 0.056054004, "static_susceptibility": 0.57812505488832477, "susceptibility_tier": "moderate" }, "geometry": { "type": "Point", "coordinates": [ 94.448885351428572, 26.270896197142854 ] } },
{ "type": "Feature", "properties": { "settlement_id": "PMGSY_0192", "name": "Aliba", "district": "Mokokchung", "source": "PMGSY", "lon": 94.43704463, "lat": 26.379645545000002, "elevation_m": 985.49847, "slope_deg": 29.675856, "profile_curv": -0.0092503494, "plan_curv": 0.01983132, "static_susceptibility": 0.57434966201788995, "susceptibility_tier": "moderate" }, "geometry": { "type": "Point", "coordinates": [ 94.43704463, 26.379645545 ] } },
{ "type": "Feature", "properties": { "settlement_id": "PMGSY_0193", "name": "Ziezou", "district": "Kohima", "source": "PMGSY", "lon": 94.056534737961996, "lat": 25.862712462135001, "elevation_m": 944.51862, "slope_deg": 25.786053, "profile_curv": 0.0023048669, "plan_curv": -0.016818412, "static_susceptibility": 0.54338661869976257, "susceptibility_tier": "moderate" }, "geometry": { "type": "Point", "coordinates": [ 94.056534737961996, 25.862712462135001 ] } },
{ "type": "Feature", "properties": { "settlement_id": "PMGSY_0194", "name": "Longjongkong", "district": "Mokokchung", "source": "PMGSY", "lon": 94.43289053000001, "lat": 26.426682895, "elevation_m": 699.98389, "slope_deg": 30.415258, "profile_curv": -0.00047856779, "plan_curv": 0.020139646, "static_susceptibility": 0.5162644997402358, "susceptibility_tier": "moderate" }, "geometry": { "type": "Point", "coordinates": [ 94.43289053, 26.426682895 ] } },
{ "type": "Feature", "properties": { "settlement_id": "PMGSY_0195", "name": "Longjang", "district": "Mokokchung", "source": "PMGSY", "lon": 94.54848156, "lat": 26.450723645, "elevation_m": 697.86169, "slope_deg": 26.147074, "profile_curv": -0.0012264979, "plan_curv": 0.008437275, "static_susceptibility": 0.48954065601201979, "susceptibility_tier": "moderate" }, "geometry": { "type": "Point", "coordinates": [ 94.54848156, 26.450723645 ] } },
{ "type": "Feature", "properties": { "settlement_id": "PMGSY_0196", "name": "Longchem Compound", "district": "Mokokchung", "source": "PMGSY", "lon": 94.498573333332672, "lat": 26.613246666666331, "elevation_m": 614.54474, "slope_deg": 30.281273, "profile_curv": 0.00093030574, "plan_curv": -0.011456832, "static_susceptibility": 0.50100100705221806, "susceptibility_tier": "moderate" }, "geometry": { "type": "Point", "coordinates": [ 94.498573333332672, 26.613246666666331 ] } },
{ "type": "Feature", "properties": { "settlement_id": "PMGSY_0197", "name": "Lirmen", "district": "Mokokchung", "source": "PMGSY", "lon": 94.510917499999493, "lat": 26.651940833333001, "elevation_m": 704.05511, "slope_deg": 39.428173, "profile_curv": 0.0035189621, "plan_curv": 0.011360129, "static_susceptibility": 0.57623890134309041, "susceptibility_tier": "moderate" }, "geometry": { "type": "Point", "coordinates": [ 94.510917499999493, 26.651940833333001 ] } },
{ "type": "Feature", "properties": { "settlement_id": "PMGSY_0198", "name": "Kubza", "district": "Mokokchung", "source": "PMGSY", "lon": 94.449284166666246, "lat": 26.32450458333275, "elevation_m": 1129.8102, "slope_deg": 27.204542, "profile_curv": 0.010205163, "plan_curv": 0.0076652439, "static_susceptibility": 0.58726055751578476, "susceptibility_tier": "moderate" }, "geometry": { "type": "Point", "coordinates": [ 94.449284166666246, 26.32450458333275 ] } },
{ "type": "Feature", "properties": { "settlement_id": "PMGSY_0199", "name": "Kobulong", "district": "Mokokchung", "source": "PMGSY", "lon": 94.535480725, "lat": 26.41482477, "elevation_m": 837.37061, "slope_deg": 16.654131, "profile_curv": -0.0050497921, "plan_curv": -0.0015726504, "static_susceptibility": 0.45959883141939467, "susceptibility_tier": "moderate" }, "geometry": { "type": "Point", "coordinates": [ 94.535480725, 26.41482477 ] } },
{ "type": "Feature", "properties": { "settlement_id": "PMGSY_0200", "name": "Kinunger", "district": "Mokokchung", "source": "PMGSY", "lon": 94.429461115000009, "lat": 26.37393716, "elevation_m": 939.16974, "slope_deg": 31.2104, "profile_curv": 0.0039732824, "plan_curv": 0.0031362791, "static_susceptibility": 0.57433636443688352, "susceptibility_tier": "moderate" }, "geometry": { "type": "Point", "coordinates": [ 94.429461115, 26.37393716 ] } },
{ "type": "Feature", "properties": { "settlement_id": "PMGSY_0201", "name": "Khensa", "district": "Mokokchung", "source": "PMGSY", "lon": 94.489029444444, "lat": 26.343893888888669, "elevation_m": 1199.7505, "slope_deg": 31.866068, "profile_curv": -0.002118025, "plan_curv": 0.00094518746, "static_susceptibility": 0.63373173866330745, "susceptibility_tier": "high" }, "geometry": { "type": "Point", "coordinates": [ 94.489029444444, 26.343893888888669 ] } },
{ "type": "Feature", "properties": { "settlement_id": "PMGSY_0202", "name": "Khar", "district": "Mokokchung", "source": "PMGSY", "lon": 94.464455833332494, "lat": 26.469430833333, "elevation_m": 776.49609, "slope_deg": 29.11393, "profile_curv": 0.0049867113, "plan_curv": 0.026134072, "static_susceptibility": 0.52248473025000208, "susceptibility_tier": "moderate" }, "geometry": { "type": "Point", "coordinates": [ 94.464455833332494, 26.469430833333 ] } },
{ "type": "Feature", "properties": { "settlement_id": "PMGSY_0203", "name": "Khanimu", "district": "Mokokchung", "source": "PMGSY", "lon": 94.556948495, "lat": 26.480675605000002, "elevation_m": 542.36938, "slope_deg": 20.740217, "profile_curv": -0.0022035267, "plan_curv": 0.04140497, "static_susceptibility": 0.41672335917538711, "susceptibility_tier": "low" }, "geometry": { "type": "Point", "coordinates": [ 94.556948495, 26.480675605 ] } },
{ "type": "Feature", "properties": { "settlement_id": "PMGSY_0204", "name": "Kangtsung Yimsen", "district": "Mokokchung", "source": "PMGSY", "lon": 94.70064036, "lat": 26.73592142, "elevation_m": 150.2451, "slope_deg": 8.5858259, "profile_curv": 0.0023866175, "plan_curv": 0.02833152, "static_susceptibility": 0.27062412558777332, "susceptibility_tier": "low" }, "geometry": { "type": "Point", "coordinates": [ 94.70064036, 26.73592142 ] } },
{ "type": "Feature", "properties": { "settlement_id": "PMGSY_0205", "name": "Kangtsung", "district": "Mokokchung", "source": "PMGSY", "lon": 94.706881395000011, "lat": 26.70760166, "elevation_m": 770.01099, "slope_deg": 37.587601, "profile_curv": 0.0088006435, "plan_curv": -0.052275598, "static_susceptibility": 0.58605805878140238, "susceptibility_tier": "moderate" }, "geometry": { "type": "Point", "coordinates": [ 94.706881395000011, 26.70760166 ] } },
{ "type": "Feature", "properties": { "settlement_id": "PMGSY_0206", "name": "Impur Compound", "district": "Mokokchung", "source": "PMGSY", "lon": 94.542005773333344, "lat": 26.389520923333333, "elevation_m": 1172.2075, "slope_deg": 30.238869, "profile_curv": 0.00038198108, "plan_curv": 0.0072784624, "static_susceptibility": 0.61688410249450787, "susceptibility_tier": "moderate" }, "geometry": { "type": "Point", "coordinates": [ 94.542005773333344, 26.389520923333333 ] } },
{ "type": "Feature", "properties": { "settlement_id": "PMGSY_0207", "name": "Dibuia", "district": "Mokokchung", "source": "PMGSY", "lon": 94.504742499999494, "lat": 26.528044166666497, "elevation_m": 948.99933, "slope_deg": 25.79002, "profile_curv": -0.0057133078, "plan_curv": -0.074676506, "static_susceptibility": 0.55373763172709256, "susceptibility_tier": "moderate" }, "geometry": { "type": "Point", "coordinates": [ 94.504742499999494, 26.528044166666497 ] } },
{ "type": "Feature", "properties": { "settlement_id": "PMGSY_0208", "name": "Chungtia", "district": "Mokokchung", "source": "PMGSY", "lon": 94.445709294999986, "lat": 26.380383665, "elevation_m": 898.23871, "slope_deg": 22.20857, "profile_curv": 0.0081003159, "plan_curv": 0.034647334, "static_susceptibility": 0.50180480671728389, "susceptibility_tier": "moderate" }, "geometry": { "type": "Point", "coordinates": [ 94.445709294999986, 26.380383665 ] } },
{ "type": "Feature", "properties": { "settlement_id": "PMGSY_0209", "name": "Mongsenyimti", "district": "Mokokchung", "source": "PMGSY", "lon": 94.619677499999511, "lat": 26.426862499999501, "elevation_m": 1313.2878, "slope_deg": 19.055452, "profile_curv": 0.0035469031, "plan_curv": 0.0012786991, "static_susceptibility": 0.57590139782690497, "susceptibility_tier": "moderate" }, "geometry": { "type": "Point", "coordinates": [ 94.619677499999511, 26.426862499999501 ] } },
{ "type": "Feature", "properties": { "settlement_id": "PMGSY_0210", "name": "Molungyimsen", "district": "Mokokchung", "source": "PMGSY", "lon": 94.603057499999494, "lat": 26.665541666666002, "elevation_m": 712.89136, "slope_deg": 28.823601, "profile_curv": 0.00029011935, "plan_curv": -0.024467763, "static_susceptibility": 0.5146575797047197, "susceptibility_tier": "moderate" }, "geometry": { "type": "Point", "coordinates": [ 94.603057499999494, 26.665541666666002 ] } },
{ "type": "Feature", "properties": { "settlement_id": "PMGSY_0211", "name": "Mokokchung Village", "district": "Mokokchung", "source": "PMGSY", "lon": 94.528555472499988, "lat": 26.3263119, "elevation_m": 1379.7374, "slope_deg": 30.631723, "profile_curv": 0.0085952086, "plan_curv": 0.021266524, "static_susceptibility": 0.65767421608109322, "susceptibility_tier": "high" }, "geometry": { "type": "Point", "coordinates": [ 94.528555472499988, 26.3263119 ] } },
{ "type": "Feature", "properties": { "settlement_id": "PMGSY_0212", "name": "Moalenden", "district": "Mokokchung", "source": "PMGSY", "lon": 94.556405476666669, "lat": 26.258303316666666, "elevation_m": 673.31854, "slope_deg": 19.725357, "profile_curv": 0.0030376641, "plan_curv": -0.084458753, "static_susceptibility": 0.45429408202945359, "susceptibility_tier": "moderate" }, "geometry": { "type": "Point", "coordinates": [ 94.556405476666669, 26.258303316666666 ] } },
{ "type": "Feature", "properties": { "settlement_id": "PMGSY_0213", "name": "Merangkong Compound", "district": "Mokokchung", "source": "PMGSY", "lon": 94.64843500500001, "lat": 26.60442276, "elevation_m": 671.79688, "slope_deg": 28.877663, "profile_curv": 0.0021767847, "plan_curv": 0.12826769, "static_susceptibility": 0.48460726176583402, "susceptibility_tier": "moderate" }, "geometry": { "type": "Point", "coordinates": [ 94.64843500500001, 26.60442276 ] } },
{ "type": "Feature", "properties": { "settlement_id": "PMGSY_0214", "name": "Merangkong", "district": "Mokokchung", "source": "PMGSY", "lon": 94.6667332225, "lat": 26.611381532499998, "elevation_m": 795.36377, "slope_deg": 25.562893, "profile_curv": 0.0052207075, "plan_curv": 0.014348932, "static_susceptibility": 0.5048628831084564, "susceptibility_tier": "moderate" }, "geometry": { "type": "Point", "coordinates": [ 94.6667332225, 26.611381532499998 ] } },
{ "type": "Feature", "properties": { "settlement_id": "PMGSY_0215", "name": "Mekuli", "district": "Mokokchung", "source": "PMGSY", "lon": 94.473171666665991, "lat": 26.356733333333001, "elevation_m": 1100.976, "slope_deg": 27.336189, "profile_curv": 0.0053201783, "plan_curv": -0.014465456, "static_susceptibility": 0.58585968842918779, "susceptibility_tier": "moderate" }, "geometry": { "type": "Point", "coordinates": [ 94.473171666665991, 26.356733333333001 ] } },
{ "type": "Feature", "properties": { "settlement_id": "PMGSY_0216", "name": "Mangmetong", "district": "Mokokchung", "source": "PMGSY", "lon": 94.399599646, "lat": 26.291012668, "elevation_m": 1114.0588, "slope_deg": 25.144197, "profile_curv": 0.0022384869, "plan_curv": 0.00062819291, "static_susceptibility": 0.57309188287216251, "susceptibility_tier": "moderate" }, "geometry": { "type": "Point", "coordinates": [ 94.399599646, 26.291012668 ] } },
{ "type": "Feature", "properties": { "settlement_id": "PMGSY_0217", "name": "Mangkolemba HQ", "district": "Mokokchung", "source": "PMGSY", "lon": 94.434951388888337, "lat": 26.498357499999667, "elevation_m": 533.88129, "slope_deg": 22.573997, "profile_curv": 0.0073263757, "plan_curv": 0.01438253, "static_susceptibility": 0.42867424856862602, "susceptibility_tier": "low" }, "geometry": { "type": "Point", "coordinates": [ 94.434951388888337, 26.498357499999667 ] } },
{ "type": "Feature", "properties": { "settlement_id": "PMGSY_0218", "name": "Longpa", "district": "Mokokchung", "source": "PMGSY", "lon": 94.53619585, "lat": 26.435591175, "elevation_m": 666.65491, "slope_deg": 30.625143, "profile_curv": 0.0014222177, "plan_curv": -0.012160087, "static_susceptibility": 0.51455830355940879, "susceptibility_tier": "moderate" }, "geometry": { "type": "Point", "coordinates": [ 94.53619585, 26.435591175 ] } },
{ "type": "Feature", "properties": { "settlement_id": "PMGSY_0219", "name": "Longnak", "district": "Mokokchung", "source": "PMGSY", "lon": 94.380191666666491, "lat": 26.454193333333002, "elevation_m": 251.67569, "slope_deg": 21.973, "profile_curv": 0.0038939491, "plan_curv": 0.018463118, "static_susceptibility": 0.36644317418338151, "susceptibility_tier": "low" }, "geometry": { "type": "Point", "coordinates": [ 94.380191666666491, 26.454193333333002 ] } },
{ "type": "Feature", "properties": { "settlement_id": "PMGSY_0220", "name": "Longmisa", "district": "Mokokchung", "source": "PMGSY", "lon": 94.60296526347301, "lat": 26.355945424670502, "elevation_m": 1005.0911, "slope_deg": 23.250153, "profile_curv": -0.0012278209, "plan_curv": 0.014368745, "static_susceptibility": 0.53621694281218601, "susceptibility_tier": "moderate" }, "geometry": { "type": "Point", "coordinates": [ 94.60296526347301, 26.355945424670502 ] } },
{ "type": "Feature", "properties": { "settlement_id": "PMGSY_0221", "name": "Longkong", "district": "Mokokchung", "source": "PMGSY", "lon": 94.620807222221671, "lat": 26.391574444444, "elevation_m": 1315.0464, "slope_deg": 23.084667, "profile_curv": -0.0048463535, "plan_curv": 0.055400647, "static_susceptibility": 0.59611870278658352, "susceptibility_tier": "moderate" }, "geometry": { "type": "Point", "coordinates": [ 94.620807222221671, 26.391574444444 ] } },
{ "type": "Feature", "properties": { "settlement_id": "PMGSY_0222", "name": "Longkhum", "district": "Mokokchung", "source": "PMGSY", "lon": 94.415325237499999, "lat": 26.2629209925, "elevation_m": 1514.8951, "slope_deg": 19.421165, "profile_curv": -0.0052223462, "plan_curv": -0.012863173, "static_susceptibility": 0.62350775225628075, "susceptibility_tier": "high" }, "geometry": { "type": "Point", "coordinates": [ 94.415325237499999, 26.2629209925 ] } },
{ "type": "Feature", "properties": { "settlement_id": "PMGSY_0223", "name": "Yaongyimsen village", "district": "Mokokchung", "source": "PMGSY", "lon": 94.700234205000001, "lat": 26.561718575, "elevation_m": 967.57007, "slope_deg": 38.715996, "profile_curv": -9.7145283e-05, "plan_curv": 0.017376492, "static_susceptibility": 0.6262920899737493, "susceptibility_tier": "high" }, "geometry": { "type": "Point", "coordinates": [ 94.700234205, 26.561718575 ] } },
{ "type": "Feature", "properties": { "settlement_id": "PMGSY_0224", "name": "Ungma", "district": "Mokokchung", "source": "PMGSY", "lon": 94.50178060606018, "lat": 26.29636151515091, "elevation_m": 1256.1102, "slope_deg": 21.41466, "profile_curv": -0.001649576, "plan_curv": -0.0093837893, "static_susceptibility": 0.58127156992142393, "susceptibility_tier": "moderate" }, "geometry": { "type": "Point", "coordinates": [ 94.50178060606018, 26.29636151515091 ] } },
{ "type": "Feature", "properties": { "settlement_id": "PMGSY_0225", "name": "Unger", "district": "Mokokchung", "source": "PMGSY", "lon": 94.656072442698004, "lat": 26.484376558701747, "elevation_m": 971.22992, "slope_deg": 35.137589, "profile_curv": -0.0084383711, "plan_curv": -0.02876826, "static_susceptibility": 0.61231957061654363, "susceptibility_tier": "moderate" }, "geometry": { "type": "Point", "coordinates": [ 94.656072442698004, 26.484376558701747 ] } },
{ "type": "Feature", "properties": { "settlement_id": "PMGSY_0226", "name": "Tzudikong", "district": "Mokokchung", "source": "PMGSY", "lon": 94.629950432499996, "lat": 26.719445028750002, "elevation_m": 153.7863, "slope_deg": 16.093639, "profile_curv": 0.0022570472, "plan_curv": -0.026114872, "static_susceptibility": 0.31844895678434143, "susceptibility_tier": "low" }, "geometry": { "type": "Point", "coordinates": [ 94.629950432499996, 26.719445028750002 ] } },
{ "type": "Feature", "properties": { "settlement_id": "PMGSY_0227", "name": "Sungratsu", "district": "Mokokchung", "source": "PMGSY", "lon": 94.553196645999989, "lat": 26.387309815999998, "elevation_m": 931.1131, "slope_deg": 31.112705, "profile_curv": 0.0023330923, "plan_curv": -0.0033700366, "static_susceptibility": 0.57316968308886873, "susceptibility_tier": "moderate" }, "geometry": { "type": "Point", "coordinates": [ 94.553196645999989, 26.387309816 ] } },
{ "type": "Feature", "properties": { "settlement_id": "PMGSY_0228", "name": "Salulemang", "district": "Mokokchung", "source": "PMGSY", "lon": 94.683080833333008, "lat": 26.4623091666665, "elevation_m": 890.8847, "slope_deg": 27.836422, "profile_curv": 0.0087999273, "plan_curv": -0.0021078759, "static_susceptibility": 0.54203627826504241, "susceptibility_tier": "moderate" }, "geometry": { "type": "Point", "coordinates": [ 94.683080833333008, 26.4623091666665 ] } },
{ "type": "Feature", "properties": { "settlement_id": "PMGSY_0229", "name": "Phangsang", "district": "Mokokchung", "source": "PMGSY", "lon": 94.66251, "lat": 26.430523333333003, "elevation_m": 1255.3948, "slope_deg": 30.611557, "profile_curv": -0.0016139799, "plan_curv": -0.015356835, "static_susceptibility": 0.63927670407420201, "susceptibility_tier": "high" }, "geometry": { "type": "Point", "coordinates": [ 94.66251, 26.430523333333003 ] } },
{ "type": "Feature", "properties": { "settlement_id": "PMGSY_0230", "name": "Nukshiyim Yaongyimsen Compound", "district": "Mokokchung", "source": "PMGSY", "lon": 94.69098802000001, "lat": 26.56885256, "elevation_m": 709.39758, "slope_deg": 23.359535, "profile_curv": -0.00089121709, "plan_curv": 0.0038579048, "static_susceptibility": 0.47433241705293627, "susceptibility_tier": "moderate" }, "geometry": { "type": "Point", "coordinates": [ 94.69098802, 26.56885256 ] } },
{ "type": "Feature", "properties": { "settlement_id": "PMGSY_0231", "name": "Mulongkimong", "district": "Mokokchung", "source": "PMGSY", "lon": 94.579073333333, "lat": 26.637250833332999, "elevation_m": 910.7724, "slope_deg": 39.178066, "profile_curv": 0.00089131779, "plan_curv": 0.012853588, "static_susceptibility": 0.61799367215764722, "susceptibility_tier": "moderate" }, "geometry": { "type": "Point", "coordinates": [ 94.579073333333, 26.637250833332999 ] } },
{ "type": "Feature", "properties": { "settlement_id": "PMGSY_0232", "name": "Mopungchuket", "district": "Mokokchung", "source": "PMGSY", "lon": 94.53257713, "lat": 26.393792562500003, "elevation_m": 1219.9625, "slope_deg": 17.14868, "profile_curv": -0.00066018495, "plan_curv": 0.033805825, "static_susceptibility": 0.5399037230301853, "susceptibility_tier": "moderate" }, "geometry": { "type": "Point", "coordinates": [ 94.53257713, 26.393792562500003 ] } },
{ "type": "Feature", "properties": { "settlement_id": "PMGSY_0233", "name": "Mongsenyimti Compound", "district": "Mokokchung", "source": "PMGSY", "lon": 94.637134444444357, "lat": 26.43379, "elevation_m": 1212.4695, "slope_deg": 36.235268, "profile_curv": 0.004510778, "plan_curv": -0.0044152341, "static_susceptibility": 0.6620135114830874, "susceptibility_tier": "high" }, "geometry": { "type": "Point", "coordinates": [ 94.637134444444357, 26.433789999999664 ] } },
{ "type": "Feature", "properties": { "settlement_id": "PMGSY_0234", "name": "Mon Village", "district": "Mon", "source": "PMGSY", "lon": 95.057061516666678, "lat": 26.732953006666662, "elevation_m": 1006.5979, "slope_deg": 33.544609, "profile_curv": 0.00017555236, "plan_curv": 0.0045940271, "static_susceptibility": 0.60377933089278446, "susceptibility_tier": "moderate" }, "geometry": { "type": "Point", "coordinates": [ 95.057061516666678, 26.732953006666662 ] } },
{ "type": "Feature", "properties": { "settlement_id": "PMGSY_0235", "name": "Longwa", "district": "Mon", "source": "PMGSY", "lon": 95.21484251, "lat": 26.662903631999995, "elevation_m": 1242.2877, "slope_deg": 28.750635, "profile_curv": -0.00055772427, "plan_curv": -0.0023403631, "static_susceptibility": 0.62340185686581451, "susceptibility_tier": "high" }, "geometry": { "type": "Point", "coordinates": [ 95.21484251, 26.662903632 ] } },
{ "type": "Feature", "properties": { "settlement_id": "PMGSY_0236", "name": "Longching hdq", "district": "Mon", "source": "PMGSY", "lon": 94.936540216666671, "lat": 26.515220436666663, "elevation_m": 1347.2802, "slope_deg": 23.544954, "profile_curv": -0.0020580273, "plan_curv": 0.001872158, "static_susceptibility": 0.61231123382494534, "susceptibility_tier": "moderate" }, "geometry": { "type": "Point", "coordinates": [ 94.936540216666671, 26.515220436666663 ] } },
{ "type": "Feature", "properties": { "settlement_id": "PMGSY_0237", "name": "Lapa Lampong", "district": "Mon", "source": "PMGSY", "lon": 95.057101404999997, "lat": 26.922796335000001, "elevation_m": 117.71743, "slope_deg": 3.7390676, "profile_curv": -0.0013773778, "plan_curv": 0.031557959, "static_susceptibility": 0.24120954781699977, "susceptibility_tier": "low" }, "geometry": { "type": "Point", "coordinates": [ 95.057101405, 26.922796335 ] } },
{ "type": "Feature", "properties": { "settlement_id": "PMGSY_0238", "name": "Jakphang", "district": "Mon", "source": "PMGSY", "lon": 94.93455332000001, "lat": 26.46324738, "elevation_m": 1103.8318, "slope_deg": 31.876806, "profile_curv": -3.6886668e-05, "plan_curv": -0.016915487, "static_susceptibility": 0.61628344015161007, "susceptibility_tier": "moderate" }, "geometry": { "type": "Point", "coordinates": [ 94.93455332, 26.46324738 ] } },
{ "type": "Feature", "properties": { "settlement_id": "PMGSY_0239", "name": "Chingkao Chingnyu", "district": "Mon", "source": "PMGSY", "lon": 95.032288946666668, "lat": 26.53777517, "elevation_m": 927.22986, "slope_deg": 28.469303, "profile_curv": 0.0051346538, "plan_curv": 0.050509728, "static_susceptibility": 0.54738768767417467, "susceptibility_tier": "moderate" }, "geometry": { "type": "Point", "coordinates": [ 95.032288946666668, 26.53777517 ] } },
{ "type": "Feature", "properties": { "settlement_id": "PMGSY_0240", "name": "Chenloishu", "district": "Mon", "source": "PMGSY", "lon": 95.077499403333334, "lat": 26.54630233, "elevation_m": 1363.1208, "slope_deg": 36.62883, "profile_curv": -0.0010055843, "plan_curv": -0.017388701, "static_susceptibility": 0.69516037171936362, "susceptibility_tier": "high" }, "geometry": { "type": "Point", "coordinates": [ 95.077499403333334, 26.54630233 ] } },
{ "type": "Feature", "properties": { "settlement_id": "PMGSY_0241", "name": "Chen", "district": "Mon", "source": "PMGSY", "lon": 95.068759278000002, "lat": 26.575475992000001, "elevation_m": 1301.0007, "slope_deg": 30.962967, "profile_curv": 0.0054284777, "plan_curv": 0.011388041, "static_susceptibility": 0.64591474400885074, "susceptibility_tier": "high" }, "geometry": { "type": "Point", "coordinates": [ 95.068759278, 26.575475992 ] } },
{ "type": "Feature", "properties": { "settlement_id": "PMGSY_0242", "name": "Changlanshu", "district": "Mon", "source": "PMGSY", "lon": 95.00813816, "lat": 26.419728176666666, "elevation_m": 1656.1501, "slope_deg": 35.046947, "profile_curv": 0.0062028212, "plan_curv": 0.011193751, "static_susceptibility": 0.73416138306584722, "susceptibility_tier": "critical" }, "geometry": { "type": "Point", "coordinates": [ 95.00813816, 26.419728176666666 ] } },
{ "type": "Feature", "properties": { "settlement_id": "PMGSY_0243", "name": "Bumei", "district": "Mon", "source": "PMGSY", "lon": 95.019675435000011, "lat": 26.427437335, "elevation_m": 1685.1536, "slope_deg": 29.657055, "profile_curv": -0.00091325521, "plan_curv": -0.0056434972, "static_susceptibility": 0.71378436504122067, "susceptibility_tier": "high" }, "geometry": { "type": "Point", "coordinates": [ 95.019675435000011, 26.427437335 ] } },
{ "type": "Feature", "properties": { "settlement_id": "PMGSY_0244", "name": "Angyangjang Hqd", "district": "Mon", "source": "PMGSY", "lon": 94.948094905000005, "lat": 26.482343972500001, "elevation_m": 1220.0847, "slope_deg": 20.73484, "profile_curv": -0.00048278517, "plan_curv": 0.00056375645, "static_susceptibility": 0.56772095550269508, "susceptibility_tier": "moderate" }, "geometry": { "type": "Point", "coordinates": [ 94.948094905, 26.482343972500001 ] } },
{ "type": "Feature", "properties": { "settlement_id": "PMGSY_0245", "name": "Angphang", "district": "Mon", "source": "PMGSY", "lon": 94.98252023, "lat": 26.50001587, "elevation_m": 1663.7091, "slope_deg": 26.112612, "profile_curv": -0.00076610822, "plan_curv": -0.0058772275, "static_susceptibility": 0.69043873495914387, "susceptibility_tier": "high" }, "geometry": { "type": "Point", "coordinates": [ 94.98252023, 26.50001587 ] } },
{ "type": "Feature", "properties": { "settlement_id": "PMGSY_0246", "name": "Aboi", "district": "Mon", "source": "PMGSY", "lon": 94.964285056153841, "lat": 26.60451556, "elevation_m": 630.55444, "slope_deg": 26.066435, "profile_curv": -0.0025831461, "plan_curv": 0.026553487, "static_susceptibility": 0.47218223984799795, "susceptibility_tier": "moderate" }, "geometry": { "type": "Point", "coordinates": [ 94.964285056153841, 26.60451556 ] } },
{ "type": "Feature", "properties": { "settlement_id": "PMGSY_0247", "name": "Yisemyong Compound", "district": "Mokokchung", "source": "PMGSY", "lon": 94.62255745, "lat": 26.441241353333329, "elevation_m": 842.2981, "slope_deg": 24.173532, "profile_curv": -0.00131815, "plan_curv": 0.0067050853, "static_susceptibility": 0.50813938856034624, "susceptibility_tier": "moderate" }, "geometry": { "type": "Point", "coordinates": [ 94.62255745, 26.441241353333329 ] } },
{ "type": "Feature", "properties": { "settlement_id": "PMGSY_0248", "name": "Yaongyimti Old", "district": "Mokokchung", "source": "PMGSY", "lon": 94.666982499999506, "lat": 26.431761666665999, "elevation_m": 1421.5785, "slope_deg": 34.850903, "profile_curv": 0.0012891239, "plan_curv": 0.0028261731, "static_susceptibility": 0.69327762081855537, "susceptibility_tier": "high" }, "geometry": { "type": "Point", "coordinates": [ 94.666982499999506, 26.431761666665999 ] } },
{ "type": "Feature", "properties": { "settlement_id": "PMGSY_0249", "name": "Yaongyimti New", "district": "Mokokchung", "source": "PMGSY", "lon": 94.668761666666342, "lat": 26.425451666666333, "elevation_m": 1313.9865, "slope_deg": 29.291985, "profile_curv": -0.0089931143, "plan_curv": 0.073533349, "static_susceptibility": 0.63282413832584539, "susceptibility_tier": "high" }, "geometry": { "type": "Point", "coordinates": [ 94.668761666666342, 26.425451666666333 ] } },
{ "type": "Feature", "properties": { "settlement_id": "PMGSY_0250", "name": "Athibung", "district": "Peren", "source": "PMGSY", "lon": 93.622053582500001, "lat": 25.54716976, "elevation_m": 735.03094, "slope_deg": 15.639123, "profile_curv": -0.0015446721, "plan_curv": -0.030012658, "static_susceptibility": 0.43436209275714249, "susceptibility_tier": "moderate" }, "geometry": { "type": "Point", "coordinates": [ 93.622053582500001, 25.54716976 ] } },
{ "type": "Feature", "properties": { "settlement_id": "PMGSY_0251", "name": "Wanching", "district": "Mon", "source": "PMGSY", "lon": 94.847202301025007, "lat": 26.666956543922002, "elevation_m": 1262.5265, "slope_deg": 27.583363, "profile_curv": 0.0023891435, "plan_curv": 0.046292536, "static_susceptibility": 0.61344766520316762, "susceptibility_tier": "moderate" }, "geometry": { "type": "Point", "coordinates": [ 94.847202301025007, 26.666956543922002 ] } },
{ "type": "Feature", "properties": { "settlement_id": "PMGSY_0252", "name": "Wakching", "district": "Mon", "source": "PMGSY", "lon": 94.900156965304205, "lat": 26.699801442148601, "elevation_m": 1172.4573, "slope_deg": 21.014851, "profile_curv": -0.0070057865, "plan_curv": -0.020846922, "static_susceptibility": 0.56344579753519619, "susceptibility_tier": "moderate" }, "geometry": { "type": "Point", "coordinates": [ 94.900156965304205, 26.699801442148601 ] } },
{ "type": "Feature", "properties": { "settlement_id": "PMGSY_0253", "name": "Tuimei", "district": "Mon", "source": "PMGSY", "lon": 95.075320640000015, "lat": 26.824225173333332, "elevation_m": 393.93295, "slope_deg": 28.785093, "profile_curv": -0.0055591618, "plan_curv": -0.0059718499, "static_susceptibility": 0.44399871099578514, "susceptibility_tier": "moderate" }, "geometry": { "type": "Point", "coordinates": [ 95.075320640000015, 26.824225173333332 ] } },
{ "type": "Feature", "properties": { "settlement_id": "PMGSY_0254", "name": "Totok Chingnyu", "district": "Mon", "source": "PMGSY", "lon": 94.994814552500003, "lat": 26.667814527500003, "elevation_m": 979.81592, "slope_deg": 32.811279, "profile_curv": -2.0265275e-06, "plan_curv": -0.0029490069, "static_susceptibility": 0.59461266637121502, "susceptibility_tier": "moderate" }, "geometry": { "type": "Point", "coordinates": [ 94.994814552500003, 26.667814527500003 ] } },
{ "type": "Feature", "properties": { "settlement_id": "PMGSY_0255", "name": "Tobu Hq", "district": "Mon", "source": "PMGSY", "lon": 94.934893081111113, "lat": 26.363350602222223, "elevation_m": 1360.2977, "slope_deg": 29.125334, "profile_curv": 0.0047844518, "plan_curv": 0.012946875, "static_susceptibility": 0.64653997144943265, "susceptibility_tier": "high" }, "geometry": { "type": "Point", "coordinates": [ 94.934893081111113, 26.363350602222223 ] } },
{ "type": "Feature", "properties": { "settlement_id": "PMGSY_0256", "name": "Tizit Vill", "district": "Mon", "source": "PMGSY", "lon": 95.07594823, "lat": 26.887001666666663, "elevation_m": 139.39107, "slope_deg": 7.8910937, "profile_curv": -0.00026240284, "plan_curv": -0.020241218, "static_susceptibility": 0.27085459350992791, "susceptibility_tier": "low" }, "geometry": { "type": "Point", "coordinates": [ 95.07594823, 26.887001666666663 ] } },
{ "type": "Feature", "properties": { "settlement_id": "PMGSY_0257", "name": "Tizit Hq", "district": "Mon", "source": "PMGSY", "lon": 95.057351746249992, "lat": 26.94775592, "elevation_m": 116.58344, "slope_deg": 5.6108069, "profile_curv": -0.0014530651, "plan_curv": -0.073209211, "static_susceptibility": 0.26120050031643083, "susceptibility_tier": "low" }, "geometry": { "type": "Point", "coordinates": [ 95.057351746249992, 26.94775592 ] } },
{ "type": "Feature", "properties": { "settlement_id": "PMGSY_0258", "name": "Shangnyu", "district": "Mon", "source": "PMGSY", "lon": 95.13012082, "lat": 26.7650430825, "elevation_m": 1080.3927, "slope_deg": 27.119909, "profile_curv": 0.0022451652, "plan_curv": -0.016566677, "static_susceptibility": 0.58095963604880307, "susceptibility_tier": "moderate" }, "geometry": { "type": "Point", "coordinates": [ 95.13012082, 26.7650430825 ] } },
{ "type": "Feature", "properties": { "settlement_id": "PMGSY_0259", "name": "S Chingnyu", "district": "Mon", "source": "PMGSY", "lon": 95.125210036666658, "lat": 26.640009713333331, "elevation_m": 1159.1622, "slope_deg": 31.47098, "profile_curv": 0.0017299902, "plan_curv": 0.034725491, "static_susceptibility": 0.61803482605900584, "susceptibility_tier": "moderate" }, "geometry": { "type": "Point", "coordinates": [ 95.125210036666658, 26.640009713333331 ] } },
{ "type": "Feature", "properties": { "settlement_id": "PMGSY_0260", "name": "Phomching ", "district": "Mon", "source": "PMGSY", "lon": 95.183762533999996, "lat": 26.685308618000001, "elevation_m": 815.43524, "slope_deg": 22.911163, "profile_curv": -0.0017281461, "plan_curv": 0.00067122694, "static_susceptibility": 0.4949386169450668, "susceptibility_tier": "moderate" }, "geometry": { "type": "Point", "coordinates": [ 95.183762534, 26.685308618 ] } },
{ "type": "Feature", "properties": { "settlement_id": "PMGSY_0261", "name": "Oting", "district": "Mon", "source": "PMGSY", "lon": 94.963309883333338, "lat": 26.849503136666669, "elevation_m": 597.16589, "slope_deg": 26.762602, "profile_curv": 0.010238447, "plan_curv": 0.0077586989, "static_susceptibility": 0.46983879990177047, "susceptibility_tier": "moderate" }, "geometry": { "type": "Point", "coordinates": [ 94.963309883333338, 26.849503136666669 ] } },
{ "type": "Feature", "properties": { "settlement_id": "PMGSY_0262", "name": "Naginimora Hq", "district": "Mon", "source": "PMGSY", "lon": 94.810735248880675, "lat": 26.815791762454666, "elevation_m": 119.64114, "slope_deg": 4.78087, "profile_curv": 0.0036875927, "plan_curv": 0.18166304, "static_susceptibility": 0.23078681788559904, "susceptibility_tier": "low" }, "geometry": { "type": "Point", "coordinates": [ 94.810735248880675, 26.815791762454666 ] } },
{ "type": "Feature", "properties": { "settlement_id": "PMGSY_0263", "name": "Mopong Hq", "district": "Mon", "source": "PMGSY", "lon": 94.95168795333332, "lat": 26.423183903333335, "elevation_m": 1244.5118, "slope_deg": 30.933899, "profile_curv": 0.0032475151, "plan_curv": 0.0012883467, "static_susceptibility": 0.63611786262165881, "susceptibility_tier": "high" }, "geometry": { "type": "Point", "coordinates": [ 94.95168795333332, 26.423183903333335 ] } },
{ "type": "Feature", "properties": { "settlement_id": "PMGSY_0264", "name": "Monyashu", "district": "Mon", "source": "PMGSY", "lon": 95.02848797, "lat": 26.44119036, "elevation_m": 1684.1245, "slope_deg": 41.006092, "profile_curv": 0.0044157291, "plan_curv": 0.027785657, "static_susceptibility": 0.76650697042538529, "susceptibility_tier": "critical" }, "geometry": { "type": "Point", "coordinates": [ 95.02848797, 26.44119036 ] } },
{ "type": "Feature", "properties": { "settlement_id": "PMGSY_0265", "name": "Monyakshu Hq", "district": "Mon", "source": "PMGSY", "lon": 95.028075326666666, "lat": 26.43569484, "elevation_m": 1604.819, "slope_deg": 33.356018, "profile_curv": 0.0086607495, "plan_curv": 0.0029757298, "static_susceptibility": 0.71701946824179585, "susceptibility_tier": "high" }, "geometry": { "type": "Point", "coordinates": [ 95.028075326666666, 26.43569484 ] } },
{ "type": "Feature", "properties": { "settlement_id": "PMGSY_0266", "name": "Tenning Village", "district": "Peren", "source": "PMGSY", "lon": 93.60599015839334, "lat": 25.353861367329333, "elevation_m": 1291.8137, "slope_deg": 12.884966, "profile_curv": -0.0054768864, "plan_curv": -0.15940358, "static_susceptibility": 0.55498205375069842, "susceptibility_tier": "moderate" }, "geometry": { "type": "Point", "coordinates": [ 93.60599015839334, 25.353861367329333 ] } },
{ "type": "Feature", "properties": { "settlement_id": "PMGSY_0267", "name": "Tenning Hdq", "district": "Peren", "source": "PMGSY", "lon": 93.598317168652486, "lat": 25.350085641256999, "elevation_m": 1302.7572, "slope_deg": 17.733812, "profile_curv": -0.0021497945, "plan_curv": 0.038441293, "static_susceptibility": 0.56109205666934825, "susceptibility_tier": "moderate" }, "geometry": { "type": "Point", "coordinates": [ 93.598317168652486, 25.350085641256999 ] } },
{ "type": "Feature", "properties": { "settlement_id": "PMGSY_0268", "name": "Poilwa", "district": "Peren", "source": "PMGSY", "lon": 93.919091203333338, "lat": 25.583910486666667, "elevation_m": 1744.2557, "slope_deg": 32.141243, "profile_curv": -0.0030715889, "plan_curv": -0.013490333, "static_susceptibility": 0.73811908857357444, "susceptibility_tier": "critical" }, "geometry": { "type": "Point", "coordinates": [ 93.919091203333338, 25.583910486666667 ] } },
{ "type": "Feature", "properties": { "settlement_id": "PMGSY_0269", "name": "Ntu", "district": "Peren", "source": "PMGSY", "lon": 93.609428443013996, "lat": 25.269141099415332, "elevation_m": 1109.0859, "slope_deg": 33.951942, "profile_curv": 0.0075871837, "plan_curv": -0.0065336963, "static_susceptibility": 0.62753501343698603, "susceptibility_tier": "high" }, "geometry": { "type": "Point", "coordinates": [ 93.609428443013996, 25.269141099415332 ] } },
{ "type": "Feature", "properties": { "settlement_id": "PMGSY_0270", "name": "Nsong Hdq", "district": "Peren", "source": "PMGSY", "lon": 93.547690305858509, "lat": 25.333229745738002, "elevation_m": 1209.8831, "slope_deg": 21.495838, "profile_curv": 0.0078174667, "plan_curv": 0.056817573, "static_susceptibility": 0.56133442264589739, "susceptibility_tier": "moderate" }, "geometry": { "type": "Point", "coordinates": [ 93.547690305858509, 25.333229745738002 ] } },
{ "type": "Feature", "properties": { "settlement_id": "PMGSY_0271", "name": "Nsong", "district": "Peren", "source": "PMGSY", "lon": 93.555517075582998, "lat": 25.322988233528999, "elevation_m": 1256.6848, "slope_deg": 29.72047, "profile_curv": 0.0039943615, "plan_curv": 0.12726238, "static_susceptibility": 0.61463927709143118, "susceptibility_tier": "moderate" }, "geometry": { "type": "Point", "coordinates": [ 93.555517075582998, 25.322988233528999 ] } },
{ "type": "Feature", "properties": { "settlement_id": "PMGSY_0272", "name": "Ngwalwa", "district": "Peren", "source": "PMGSY", "lon": 93.78654791, "lat": 25.664821615000001, "elevation_m": 509.86411, "slope_deg": 7.9446998, "profile_curv": -0.0033513126, "plan_curv": -0.026825415, "static_susceptibility": 0.34032332601444271, "susceptibility_tier": "low" }, "geometry": { "type": "Point", "coordinates": [ 93.78654791, 25.664821615 ] } },
{ "type": "Feature", "properties": { "settlement_id": "PMGSY_0273", "name": "Mhainamtse", "district": "Peren", "source": "PMGSY", "lon": 93.70019852, "lat": 25.6672142, "elevation_m": 318.51672, "slope_deg": 2.581933, "profile_curv": -0.0010721447, "plan_curv": -0.059861764, "static_susceptibility": 0.27850146207859233, "susceptibility_tier": "low" }, "geometry": { "type": "Point", "coordinates": [ 93.70019852, 25.6672142 ] } },
{ "type": "Feature", "properties": { "settlement_id": "PMGSY_0274", "name": "Mbaulwa", "district": "Peren", "source": "PMGSY", "lon": 93.647010473333339, "lat": 25.45317554, "elevation_m": 1421.3715, "slope_deg": 25.407749, "profile_curv": 0.00029559215, "plan_curv": 0.016494062, "static_susceptibility": 0.63654680020612164, "susceptibility_tier": "high" }, "geometry": { "type": "Point", "coordinates": [ 93.647010473333339, 25.45317554 ] } },
{ "type": "Feature", "properties": { "settlement_id": "PMGSY_0275", "name": "Maikham", "district": "Peren", "source": "PMGSY", "lon": 93.686321085000003, "lat": 25.769077215000003, "elevation_m": 182.56328, "slope_deg": 6.8956723, "profile_curv": -0.0019094589, "plan_curv": 0.019477822, "static_susceptibility": 0.26897007386967797, "susceptibility_tier": "low" }, "geometry": { "type": "Point", "coordinates": [ 93.686321085, 25.769077215 ] } },
{ "type": "Feature", "properties": { "settlement_id": "PMGSY_0276", "name": "Lilen", "district": "Peren", "source": "PMGSY", "lon": 93.596662124999995, "lat": 25.64454543, "elevation_m": 260.63, "slope_deg": 17.711155, "profile_curv": 0.0014908588, "plan_curv": -0.035285261, "static_susceptibility": 0.34974362934427428, "susceptibility_tier": "low" }, "geometry": { "type": "Point", "coordinates": [ 93.596662125, 25.64454543 ] } },
{ "type": "Feature", "properties": { "settlement_id": "PMGSY_0277", "name": "Julukie B", "district": "Peren", "source": "PMGSY", "lon": 93.684974133333341, "lat": 25.62887816, "elevation_m": 359.15402, "slope_deg": 4.758481, "profile_curv": 0.0058495174, "plan_curv": 0.010617399, "static_susceptibility": 0.28832483749467819, "susceptibility_tier": "low" }, "geometry": { "type": "Point", "coordinates": [ 93.684974133333341, 25.62887816 ] } },
{ "type": "Feature", "properties": { "settlement_id": "PMGSY_0278", "name": "Heningkunglwa", "district": "Peren", "source": "PMGSY", "lon": 93.7752964, "lat": 25.669843403333331, "elevation_m": 486.08154, "slope_deg": 8.5591946, "profile_curv": -0.015076989, "plan_curv": -0.034423884, "static_susceptibility": 0.34214828691077592, "susceptibility_tier": "low" }, "geometry": { "type": "Point", "coordinates": [ 93.7752964, 25.669843403333331 ] } },
{ "type": "Feature", "properties": { "settlement_id": "PMGSY_0279", "name": "Dunki", "district": "Peren", "source": "PMGSY", "lon": 93.73571662, "lat": 25.6418911, "elevation_m": 551.96069, "slope_deg": 11.683258, "profile_curv": 0.0020734686, "plan_curv": 0.020018427, "static_susceptibility": 0.36423882128099, "susceptibility_tier": "low" }, "geometry": { "type": "Point", "coordinates": [ 93.73571662, 25.6418911 ] } },
{ "type": "Feature", "properties": { "settlement_id": "PMGSY_0280", "name": "Bongkolong", "district": "Peren", "source": "PMGSY", "lon": 93.52708031, "lat": 25.53698671, "elevation_m": 365.46088, "slope_deg": 4.0033998, "profile_curv": 0.0042134039, "plan_curv": 0.16127518, "static_susceptibility": 0.26889018003614551, "susceptibility_tier": "low" }, "geometry": { "type": "Point", "coordinates": [ 93.52708031, 25.53698671 ] } },
{ "type": "Feature", "properties": { "settlement_id": "PMGSY_0281", "name": "Azailong", "district": "Peren", "source": "PMGSY", "lon": 93.676081923767342, "lat": 25.455838870256333, "elevation_m": 1098.348, "slope_deg": 25.714046, "profile_curv": 0.00060554926, "plan_curv": 0.015873861, "static_susceptibility": 0.57163850914796421, "susceptibility_tier": "moderate" }, "geometry": { "type": "Point", "coordinates": [ 93.676081923767342, 25.455838870256333 ] } },
{ "type": "Feature", "properties": { "settlement_id": "PMGSY_0282", "name": "Kanjang", "district": "Phek", "source": "PMGSY", "lon": 94.604498333332984, "lat": 25.545493888888331, "elevation_m": 1911.0394, "slope_deg": 40.446468, "profile_curv": 0.008056351, "plan_curv": -0.0022396264, "static_susceptibility": 0.79975346435443528, "susceptibility_tier": "critical" }, "geometry": { "type": "Point", "coordinates": [ 94.604498333332984, 25.545493888888331 ] } },
{ "type": "Feature", "properties": { "settlement_id": "PMGSY_0283", "name": "Kami Vill", "district": "Phek", "source": "PMGSY", "lon": 94.26613878, "lat": 25.5440451025, "elevation_m": 1726.4214, "slope_deg": 37.429726, "profile_curv": 0.0014519641, "plan_curv": 0.00042689382, "static_susceptibility": 0.75927536494949943, "susceptibility_tier": "critical" }, "geometry": { "type": "Point", "coordinates": [ 94.26613878, 25.5440451025 ] } },
{ "type": "Feature", "properties": { "settlement_id": "PMGSY_0284", "name": "Kade UR", "district": "Phek", "source": "PMGSY", "lon": 94.267216440879679, "lat": 25.534867567304001, "elevation_m": 1824.9542, "slope_deg": 32.314041, "profile_curv": -0.00015389844, "plan_curv": -0.0082190325, "static_susceptibility": 0.75132745358107711, "susceptibility_tier": "critical" }, "geometry": { "type": "Point", "coordinates": [ 94.267216440879679, 25.534867567304001 ] } },
{ "type": "Feature", "properties": { "settlement_id": "PMGSY_0285", "name": "K Bawe", "district": "Phek", "source": "PMGSY", "lon": 94.276347263406507, "lat": 25.641648125298499, "elevation_m": 1600.2344, "slope_deg": 33.205299, "profile_curv": -0.0035459625, "plan_curv": 0.023385778, "static_susceptibility": 0.71487950764482389, "susceptibility_tier": "high" }, "geometry": { "type": "Point", "coordinates": [ 94.276347263406507, 25.641648125298499 ] } },
{ "type": "Feature", "properties": { "settlement_id": "PMGSY_0286", "name": "Hutsu", "district": "Phek", "source": "PMGSY", "lon": 94.744546111110665, "lat": 25.709712777777668, "elevation_m": 1209.6235, "slope_deg": 31.613159, "profile_curv": -0.0006432173, "plan_curv": -0.03356621, "static_susceptibility": 0.63836071390763782, "susceptibility_tier": "high" }, "geometry": { "type": "Point", "coordinates": [ 94.744546111110665, 25.709712777777668 ] } },
{ "type": "Feature", "properties": { "settlement_id": "PMGSY_0287", "name": "Enhulumi", "district": "Phek", "source": "PMGSY", "lon": 94.3626285562585, "lat": 25.585011219152001, "elevation_m": 1414.3199, "slope_deg": 37.42609, "profile_curv": 0.0021100712, "plan_curv": 0.0043131639, "static_susceptibility": 0.7058728892274394, "susceptibility_tier": "high" }, "geometry": { "type": "Point", "coordinates": [ 94.3626285562585, 25.585011219152001 ] } },
{ "type": "Feature", "properties": { "settlement_id": "PMGSY_0288", "name": "Dzulhami", "district": "Phek", "source": "PMGSY", "lon": 94.393277921666666, "lat": 25.826669298333332, "elevation_m": 1811.8724, "slope_deg": 27.183725, "profile_curv": 0.0093754847, "plan_curv": 0.044663642, "static_susceptibility": 0.71575031900680264, "susceptibility_tier": "high" }, "geometry": { "type": "Point", "coordinates": [ 94.393277921666666, 25.826669298333332 ] } },
{ "type": "Feature", "properties": { "settlement_id": "PMGSY_0289", "name": "Chozuba village", "district": "Phek", "source": "PMGSY", "lon": 94.313975832500006, "lat": 25.71420647, "elevation_m": 1534.9954, "slope_deg": 20.871944, "profile_curv": -0.0026395167, "plan_curv": -0.00022647258, "static_susceptibility": 0.63440055097170989, "susceptibility_tier": "high" }, "geometry": { "type": "Point", "coordinates": [ 94.313975832500006, 25.71420647 ] } },
{ "type": "Feature", "properties": { "settlement_id": "PMGSY_0290", "name": "Chozu Basa", "district": "Phek", "source": "PMGSY", "lon": 94.272215606666677, "lat": 25.740063646666666, "elevation_m": 1092.8467, "slope_deg": 31.088192, "profile_curv": 0.002391459, "plan_curv": 0.010070606, "static_susceptibility": 0.60512544979131555, "susceptibility_tier": "moderate" }, "geometry": { "type": "Point", "coordinates": [ 94.272215606666677, 25.740063646666666 ] } },
{ "type": "Feature", "properties": { "settlement_id": "PMGSY_0291", "name": "Chizami village", "district": "Phek", "source": "PMGSY", "lon": 94.382685182499998, "lat": 25.59184674, "elevation_m": 1453.4424, "slope_deg": 25.624334, "profile_curv": 0.0040990985, "plan_curv": 0.0079331538, "static_susceptibility": 0.64472380219237724, "susceptibility_tier": "high" }, "geometry": { "type": "Point", "coordinates": [ 94.382685182499998, 25.59184674 ] } },
{ "type": "Feature", "properties": { "settlement_id": "PMGSY_0292", "name": "Chizami Hq", "district": "Phek", "source": "PMGSY", "lon": 94.389924132988583, "lat": 25.597055217199799, "elevation_m": 1407.943, "slope_deg": 25.295649, "profile_curv": -0.00085147488, "plan_curv": -0.0094965026, "static_susceptibility": 0.63669589677165994, "susceptibility_tier": "high" }, "geometry": { "type": "Point", "coordinates": [ 94.389924132988583, 25.597055217199799 ] } },
{ "type": "Feature", "properties": { "settlement_id": "PMGSY_0293", "name": "Chetheba Hq", "district": "Phek", "source": "PMGSY", "lon": 94.261465898333327, "lat": 25.66910978, "elevation_m": 1543.3307, "slope_deg": 28.208672, "profile_curv": 0.0026191357, "plan_curv": 0.0082479995, "static_susceptibility": 0.67756760888037237, "susceptibility_tier": "high" }, "geometry": { "type": "Point", "coordinates": [ 94.261465898333327, 25.66910978 ] } },
{ "type": "Feature", "properties": { "settlement_id": "PMGSY_0294", "name": "Chesezumi Chesezu Nawe", "district": "Phek", "source": "PMGSY", "lon": 94.267373543333335, "lat": 25.67948262, "elevation_m": 1693.3153, "slope_deg": 23.682037, "profile_curv": 0.012340616, "plan_curv": 0.015208376, "static_susceptibility": 0.67763740197259059, "susceptibility_tier": "high" }, "geometry": { "type": "Point", "coordinates": [ 94.267373543333335, 25.67948262 ] } },
{ "type": "Feature", "properties": { "settlement_id": "PMGSY_0295", "name": "Chesezu Nasa", "district": "Phek", "source": "PMGSY", "lon": 94.27713149, "lat": 25.65468675, "elevation_m": 1563.1461, "slope_deg": 31.727425, "profile_curv": 0.0057552666, "plan_curv": 0.015055268, "static_susceptibility": 0.69976963960117011, "susceptibility_tier": "high" }, "geometry": { "type": "Point", "coordinates": [ 94.27713149, 25.65468675 ] } },
{ "type": "Feature", "properties": { "settlement_id": "PMGSY_0296", "name": "Chepoketa", "district": "Phek", "source": "PMGSY", "lon": 94.483462147500006, "lat": 25.796875907500002, "elevation_m": 1249.7211, "slope_deg": 34.567558, "profile_curv": 0.0077406322, "plan_curv": 0.0065210811, "static_susceptibility": 0.65755057652201621, "susceptibility_tier": "high" }, "geometry": { "type": "Point", "coordinates": [ 94.483462147500006, 25.796875907500002 ] } },
{ "type": "Feature", "properties": { "settlement_id": "PMGSY_0297", "name": "Akhegow", "district": "Phek", "source": "PMGSY", "lon": 94.682296111110659, "lat": 25.721742777777333, "elevation_m": 1246.1809, "slope_deg": 30.845823, "profile_curv": 0.0054614348, "plan_curv": -0.010685265, "static_susceptibility": 0.6370870591967065, "susceptibility_tier": "high" }, "geometry": { "type": "Point", "coordinates": [ 94.682296111110659, 25.721742777777333 ] } },
{ "type": "Feature", "properties": { "settlement_id": "PMGSY_0298", "name": "Losami", "district": "Phek", "source": "PMGSY", "lon": 94.443496173333344, "lat": 25.624354673333332, "elevation_m": 1517.4749, "slope_deg": 31.273663, "profile_curv": -0.0012230253, "plan_curv": -0.00073358935, "static_susceptibility": 0.69177531855696572, "susceptibility_tier": "high" }, "geometry": { "type": "Point", "coordinates": [ 94.443496173333344, 25.624354673333332 ] } },
{ "type": "Feature", "properties": { "settlement_id": "PMGSY_0299", "name": "Leshemi", "district": "Phek", "source": "PMGSY", "lon": 94.225677167861505, "lat": 25.536652339200998, "elevation_m": 1627.4786, "slope_deg": 26.287106, "profile_curv": -0.00075675908, "plan_curv": 0.00017279184, "static_susceptibility": 0.68395001684519552, "susceptibility_tier": "high" }, "geometry": { "type": "Point", "coordinates": [ 94.225677167861505, 25.536652339200998 ] } },
{ "type": "Feature", "properties": { "settlement_id": "PMGSY_0300", "name": "Lephori", "district": "Phek", "source": "PMGSY", "lon": 94.624007222221678, "lat": 25.605455, "elevation_m": 1467.3326, "slope_deg": 33.849365, "profile_curv": 0.001574135, "plan_curv": -0.014548406, "static_susceptibility": 0.69810196906193112, "susceptibility_tier": "high" }, "geometry": { "type": "Point", "coordinates": [ 94.624007222221678, 25.605454999999665 ] } },
{ "type": "Feature", "properties": { "settlement_id": "PMGSY_0301", "name": "Lekromi", "district": "Phek", "source": "PMGSY", "lon": 94.275140665651676, "lat": 25.548118872643887, "elevation_m": 1600.275, "slope_deg": 39.046455, "profile_curv": -0.015796205, "plan_curv": -0.010562859, "static_susceptibility": 0.75030524643283847, "susceptibility_tier": "critical" }, "geometry": { "type": "Point", "coordinates": [ 94.275140665651676, 25.548118872643887 ] } },
{ "type": "Feature", "properties": { "settlement_id": "PMGSY_0302", "name": "Lasumi", "district": "Phek", "source": "PMGSY", "lon": 94.240022640303508, "lat": 25.535107571619999, "elevation_m": 1689.7686, "slope_deg": 36.929714, "profile_curv": 0.0049576578, "plan_curv": 0.05083115, "static_susceptibility": 0.74523346470322949, "susceptibility_tier": "critical" }, "geometry": { "type": "Point", "coordinates": [ 94.240022640303508, 25.535107571619999 ] } },
{ "type": "Feature", "properties": { "settlement_id": "PMGSY_0303", "name": "Laruri", "district": "Phek", "source": "PMGSY", "lon": 94.837633333333002, "lat": 25.680191666666001, "elevation_m": 937.87488, "slope_deg": 29.195168, "profile_curv": -0.0053167418, "plan_curv": 0.0046637887, "static_susceptibility": 0.56249792134126253, "susceptibility_tier": "moderate" }, "geometry": { "type": "Point", "coordinates": [ 94.837633333333002, 25.680191666666001 ] } },
{ "type": "Feature", "properties": { "settlement_id": "PMGSY_0304", "name": "Lanyezho", "district": "Phek", "source": "PMGSY", "lon": 94.502252233333323, "lat": 25.613949436666662, "elevation_m": 718.02252, "slope_deg": 65.258682, "profile_curv": -0.0031067394, "plan_curv": -0.032800417, "static_susceptibility": 0.73636176829274136, "susceptibility_tier": "critical" }, "geometry": { "type": "Point", "coordinates": [ 94.502252233333323, 25.613949436666662 ] } },
{ "type": "Feature", "properties": { "settlement_id": "PMGSY_0305", "name": "Kizari", "district": "Phek", "source": "PMGSY", "lon": 94.5794062, "lat": 25.743067403333331, "elevation_m": 992.2287, "slope_deg": 38.158112, "profile_curv": -0.011306803, "plan_curv": -0.0061544939, "static_susceptibility": 0.63277183965530059, "susceptibility_tier": "high" }, "geometry": { "type": "Point", "coordinates": [ 94.5794062, 25.743067403333331 ] } },
{ "type": "Feature", "properties": { "settlement_id": "PMGSY_0306", "name": "Kikruma", "district": "Phek", "source": "PMGSY", "lon": 94.216946009999987, "lat": 25.581334888000001, "elevation_m": 1549.1862, "slope_deg": 25.406271, "profile_curv": 0.0022272784, "plan_curv": 0.0044851424, "static_susceptibility": 0.66294613195744567, "susceptibility_tier": "high" }, "geometry": { "type": "Point", "coordinates": [ 94.216946009999987, 25.581334888 ] } },
{ "type": "Feature", "properties": { "settlement_id": "PMGSY_0307", "name": "Khumiasu", "district": "Phek", "source": "PMGSY", "lon": 94.614373333333006, "lat": 25.672318333332999, "elevation_m": 1198.8784, "slope_deg": 26.471811, "profile_curv": 0.00010362385, "plan_curv": 0.012913232, "static_susceptibility": 0.59810966714646741, "susceptibility_tier": "moderate" }, "geometry": { "type": "Point", "coordinates": [ 94.614373333333006, 25.672318333332999 ] } },
{ "type": "Feature", "properties": { "settlement_id": "PMGSY_0308", "name": "Khulazu Basa K.Basa", "district": "Phek", "source": "PMGSY", "lon": 94.287666319252324, "lat": 25.657953114766332, "elevation_m": 1652.7679, "slope_deg": 33.112534, "profile_curv": 0.0050940658, "plan_curv": -0.010735321, "static_susceptibility": 0.72612479126410001, "susceptibility_tier": "critical" }, "geometry": { "type": "Point", "coordinates": [ 94.287666319252324, 25.657953114766332 ] } },
{ "type": "Feature", "properties": { "settlement_id": "PMGSY_0309", "name": "Khezhakeno Village K.Keno", "district": "Phek", "source": "PMGSY", "lon": 94.208518654282429, "lat": 25.512932402343143, "elevation_m": 1664.1261, "slope_deg": 40.400627, "profile_curv": -0.0025031869, "plan_curv": 0.0042681112, "static_susceptibility": 0.76376570821149004, "susceptibility_tier": "critical" }, "geometry": { "type": "Point", "coordinates": [ 94.208518654282429, 25.512932402343143 ] } },
{ "type": "Feature", "properties": { "settlement_id": "PMGSY_0310", "name": "Khetsami", "district": "Phek", "source": "PMGSY", "lon": 94.35289355, "lat": 25.79282679, "elevation_m": 1462.0608, "slope_deg": 32.136768, "profile_curv": -0.0021483041, "plan_curv": 0.021323062, "static_susceptibility": 0.68384425401657523, "susceptibility_tier": "high" }, "geometry": { "type": "Point", "coordinates": [ 94.35289355, 25.79282679 ] } },
{ "type": "Feature", "properties": { "settlement_id": "PMGSY_0311", "name": "Khesomi", "district": "Phek", "source": "PMGSY", "lon": 94.292817155785997, "lat": 25.713842817164664, "elevation_m": 1310.1693, "slope_deg": 31.997818, "profile_curv": 0.0078028427, "plan_curv": 0.024676612, "static_susceptibility": 0.65185300600936558, "susceptibility_tier": "high" }, "geometry": { "type": "Point", "coordinates": [ 94.292817155785997, 25.713842817164664 ] } },
{ "type": "Feature", "properties": { "settlement_id": "PMGSY_0312", "name": "Ketsapo", "district": "Phek", "source": "PMGSY", "lon": 94.446488685714286, "lat": 25.72810355, "elevation_m": 1342.6703, "slope_deg": 24.573351, "profile_curv": 0.0026730308, "plan_curv": -0.095773488, "static_susceptibility": 0.62967198162263294, "susceptibility_tier": "high" }, "geometry": { "type": "Point", "coordinates": [ 94.446488685714286, 25.72810355 ] } },
{ "type": "Feature", "properties": { "settlement_id": "PMGSY_0313", "name": "Phungwimi", "district": "Phek", "source": "PMGSY", "lon": 94.414924031666672, "lat": 25.78421295000001, "elevation_m": 1549.4679, "slope_deg": 25.626167, "profile_curv": 0.0060589924, "plan_curv": 0.00085516594, "static_susceptibility": 0.66412789104764358, "susceptibility_tier": "high" }, "geometry": { "type": "Point", "coordinates": [ 94.414924031666672, 25.78421295 ] } },
{ "type": "Feature", "properties": { "settlement_id": "PMGSY_0314", "name": "Phor", "district": "Phek", "source": "PMGSY", "lon": 94.776625, "lat": 25.737988333332996, "elevation_m": 1502.5914, "slope_deg": 33.16811, "profile_curv": -0.0050805509, "plan_curv": 3.7244488e-05, "static_susceptibility": 0.70006748165335708, "susceptibility_tier": "high" }, "geometry": { "type": "Point", "coordinates": [ 94.776624999999669, 25.737988333332996 ] } },
{ "type": "Feature", "properties": { "settlement_id": "PMGSY_0315", "name": "Phongkhuri EAC Hq", "district": "Phek", "source": "PMGSY", "lon": 94.83148, "lat": 25.602685, "elevation_m": 1479.5896, "slope_deg": 37.733177, "profile_curv": -0.00032807342, "plan_curv": 0.0014665299, "static_susceptibility": 0.71978471599132943, "susceptibility_tier": "critical" }, "geometry": { "type": "Point", "coordinates": [ 94.831479999999502, 25.6026849999995 ] } },
{ "type": "Feature", "properties": { "settlement_id": "PMGSY_0316", "name": "Phongkhuri", "district": "Phek", "source": "PMGSY", "lon": 94.831887222221667, "lat": 25.603359444443999, "elevation_m": 1484.3761, "slope_deg": 34.864655, "profile_curv": 0.001152574, "plan_curv": -0.00075243006, "static_susceptibility": 0.70523880422454921, "susceptibility_tier": "high" }, "geometry": { "type": "Point", "coordinates": [ 94.831887222221667, 25.603359444443999 ] } },
{ "type": "Feature", "properties": { "settlement_id": "PMGSY_0317", "name": "Pholami old", "district": "Phek", "source": "PMGSY", "lon": 94.379653637926992, "lat": 25.644848609249003, "elevation_m": 1425.8203, "slope_deg": 30.91301, "profile_curv": -0.0055097877, "plan_curv": -0.0013417387, "static_susceptibility": 0.6732461817469878, "susceptibility_tier": "high" }, "geometry": { "type": "Point", "coordinates": [ 94.379653637926992, 25.644848609249003 ] } },
{ "type": "Feature", "properties": { "settlement_id": "PMGSY_0318", "name": "Pholami New", "district": "Phek", "source": "PMGSY", "lon": 94.377385746285995, "lat": 25.652865331036999, "elevation_m": 1572.3645, "slope_deg": 33.949764, "profile_curv": -0.0078591742, "plan_curv": -0.0049278452, "static_susceptibility": 0.71775991588657262, "susceptibility_tier": "high" }, "geometry": { "type": "Point", "coordinates": [ 94.377385746285995, 25.652865331036999 ] } },
{ "type": "Feature", "properties": { "settlement_id": "PMGSY_0319", "name": "Phek Village", "district": "Phek", "source": "PMGSY", "lon": 94.468767166000006, "lat": 25.665797574000003, "elevation_m": 1437.7512, "slope_deg": 30.460674, "profile_curv": -0.00094740884, "plan_curv": 0.015226305, "static_susceptibility": 0.67016213315351247, "susceptibility_tier": "high" }, "geometry": { "type": "Point", "coordinates": [ 94.468767166, 25.665797574 ] } },
{ "type": "Feature", "properties": { "settlement_id": "PMGSY_0320", "name": "Phek Town", "district": "Phek", "source": "PMGSY", "lon": 94.460498393822007, "lat": 25.702568193424202, "elevation_m": 1517.4187, "slope_deg": 21.788576, "profile_curv": 0.0051159705, "plan_curv": 0.013514511, "static_susceptibility": 0.63339696619421504, "susceptibility_tier": "high" }, "geometry": { "type": "Point", "coordinates": [ 94.460498393822007, 25.702568193424202 ] } },
{ "type": "Feature", "properties": { "settlement_id": "PMGSY_0321", "name": "Pfutseromi", "district": "Phek", "source": "PMGSY", "lon": 94.286355134604548, "lat": 25.563241726397269, "elevation_m": 1834.4786, "slope_deg": 18.547354, "profile_curv": -0.0014305215, "plan_curv": -0.0017263745, "static_susceptibility": 0.67910898908270811, "susceptibility_tier": "high" }, "geometry": { "type": "Point", "coordinates": [ 94.286355134604548, 25.563241726397269 ] } },
{ "type": "Feature", "properties": { "settlement_id": "PMGSY_0322", "name": "Metsale", "district": "Phek", "source": "PMGSY", "lon": 94.433887676666657, "lat": 25.78501629, "elevation_m": 1078.4678, "slope_deg": 36.404331, "profile_curv": 0.0057900092, "plan_curv": -0.0064806938, "static_susceptibility": 0.63663358440165474, "susceptibility_tier": "high" }, "geometry": { "type": "Point", "coordinates": [ 94.433887676666657, 25.78501629 ] } },
{ "type": "Feature", "properties": { "settlement_id": "PMGSY_0323", "name": "Mesulumi", "district": "Phek", "source": "PMGSY", "lon": 94.340743293625337, "lat": 25.578746539766332, "elevation_m": 1581.7312, "slope_deg": 30.682369, "profile_curv": -0.00087875954, "plan_curv": -0.0023334629, "static_susceptibility": 0.70040924437958096, "susceptibility_tier": "high" }, "geometry": { "type": "Point", "coordinates": [ 94.340743293625337, 25.578746539766332 ] } },
{ "type": "Feature", "properties": { "settlement_id": "PMGSY_0324", "name": "Meluri Hq", "district": "Phek", "source": "PMGSY", "lon": 94.626911666666572, "lat": 25.68542333333286, "elevation_m": 1305.0304, "slope_deg": 23.24807, "profile_curv": -0.011823305, "plan_curv": -0.012464136, "static_susceptibility": 0.60528673234231345, "susceptibility_tier": "moderate" }, "geometry": { "type": "Point", "coordinates": [ 94.626911666666572, 25.68542333333286 ] } },
{ "type": "Feature", "properties": { "settlement_id": "PMGSY_0325", "name": "Meluri", "district": "Phek", "source": "PMGSY", "lon": 94.618962777777327, "lat": 25.678694999999333, "elevation_m": 1227.2454, "slope_deg": 18.878958, "profile_curv": -0.0009135732, "plan_curv": 0.015601163, "static_susceptibility": 0.55527085631626516, "susceptibility_tier": "moderate" }, "geometry": { "type": "Point", "coordinates": [ 94.618962777777327, 25.678694999999333 ] } },
{ "type": "Feature", "properties": { "settlement_id": "PMGSY_0326", "name": "M Khomi", "district": "Phek", "source": "PMGSY", "lon": 94.3989657, "lat": 25.657338494999998, "elevation_m": 1468.3638, "slope_deg": 32.498676, "profile_curv": -0.0015553131, "plan_curv": -0.05761556, "static_susceptibility": 0.6963143892049648, "susceptibility_tier": "high" }, "geometry": { "type": "Point", "coordinates": [ 94.3989657, 25.657338495 ] } },
{ "type": "Feature", "properties": { "settlement_id": "PMGSY_0327", "name": "Lozaphuhu", "district": "Phek", "source": "PMGSY", "lon": 94.48757697, "lat": 25.63794914875, "elevation_m": 1648.0872, "slope_deg": 25.395672, "profile_curv": -0.0030601032, "plan_curv": -0.017424908, "static_susceptibility": 0.68521433447922753, "susceptibility_tier": "high" }, "geometry": { "type": "Point", "coordinates": [ 94.48757697, 25.63794914875 ] } },
{ "type": "Feature", "properties": { "settlement_id": "PMGSY_0328", "name": "Lowuza UR", "district": "Phek", "source": "PMGSY", "lon": 94.237644709566993, "lat": 25.524533391555, "elevation_m": 1854.2606, "slope_deg": 30.986469, "profile_curv": -0.00022446926, "plan_curv": 0.044663541, "static_susceptibility": 0.74402048549795963, "susceptibility_tier": "critical" }, "geometry": { "type": "Point", "coordinates": [ 94.237644709566993, 25.524533391555 ] } },
{ "type": "Feature", "properties": { "settlement_id": "PMGSY_0329", "name": "Sutsu", "district": "Phek", "source": "PMGSY", "lon": 94.838599166666498, "lat": 25.699306666666502, "elevation_m": 1098.7576, "slope_deg": 28.865755, "profile_curv": -0.003502869, "plan_curv": -0.0030200246, "static_susceptibility": 0.59510005744270245, "susceptibility_tier": "moderate" }, "geometry": { "type": "Point", "coordinates": [ 94.838599166666498, 25.699306666666502 ] } },
{ "type": "Feature", "properties": { "settlement_id": "PMGSY_0330", "name": "Sumi Swemi", "district": "Phek", "source": "PMGSY", "lon": 94.388798313333325, "lat": 25.59393277, "elevation_m": 1359.8602, "slope_deg": 29.01383, "profile_curv": -0.0044898554, "plan_curv": -0.010020733, "static_susceptibility": 0.65020060755782239, "susceptibility_tier": "high" }, "geometry": { "type": "Point", "coordinates": [ 94.388798313333325, 25.59393277 ] } },
{ "type": "Feature", "properties": { "settlement_id": "PMGSY_0331", "name": "Sohomi", "district": "Phek", "source": "PMGSY", "lon": 94.49411050142858, "lat": 25.718603175714286, "elevation_m": 1068.2513, "slope_deg": 33.128513, "profile_curv": 0.0069245682, "plan_curv": 0.024873625, "static_susceptibility": 0.61008942959929002, "susceptibility_tier": "moderate" }, "geometry": { "type": "Point", "coordinates": [ 94.49411050142858, 25.718603175714286 ] } },
{ "type": "Feature", "properties": { "settlement_id": "PMGSY_0332", "name": "Sekhruzu hq", "district": "Phek", "source": "PMGSY", "lon": 94.38608358, "lat": 25.780875395000002, "elevation_m": 1812.1025, "slope_deg": 34.165844, "profile_curv": 0.005102769, "plan_curv": 0.019668667, "static_susceptibility": 0.75472664696808667, "susceptibility_tier": "critical" }, "geometry": { "type": "Point", "coordinates": [ 94.38608358, 25.780875395 ] } },
{ "type": "Feature", "properties": { "settlement_id": "PMGSY_0333", "name": "Satazu Nawe", "district": "Phek", "source": "PMGSY", "lon": 94.36863439199999, "lat": 25.76261065000001, "elevation_m": 1743.3855, "slope_deg": 33.245148, "profile_curv": -0.0077245636, "plan_curv": -0.13236232, "static_susceptibility": 0.75651925448504609, "susceptibility_tier": "critical" }, "geometry": { "type": "Point", "coordinates": [ 94.368634392, 25.76261065 ] } },
{ "type": "Feature", "properties": { "settlement_id": "PMGSY_0334", "name": "Satazu Nasa", "district": "Phek", "source": "PMGSY", "lon": 94.335764568018007, "lat": 25.746732413938002, "elevation_m": 1410.7502, "slope_deg": 36.027916, "profile_curv": -0.0011515506, "plan_curv": -0.0047808471, "static_susceptibility": 0.69909206528660561, "susceptibility_tier": "high" }, "geometry": { "type": "Point", "coordinates": [ 94.335764568018007, 25.746732413938002 ] } },
{ "type": "Feature", "properties": { "settlement_id": "PMGSY_0335", "name": "Sakraba Hq", "district": "Phek", "source": "PMGSY", "lon": 94.367434355027996, "lat": 25.624799876595752, "elevation_m": 1729.5486, "slope_deg": 32.852119, "profile_curv": 0.004430112, "plan_curv": 0.0030991915, "static_susceptibility": 0.73644572399178443, "susceptibility_tier": "critical" }, "geometry": { "type": "Point", "coordinates": [ 94.367434355027996, 25.624799876595752 ] } },
{ "type": "Feature", "properties": { "settlement_id": "PMGSY_0336", "name": "Ruzazho", "district": "Phek", "source": "PMGSY", "lon": 94.381033512499997, "lat": 25.7581035975, "elevation_m": 1463.4861, "slope_deg": 32.788742, "profile_curv": 0.0034091556, "plan_curv": -0.0065151602, "static_susceptibility": 0.69025616088787856, "susceptibility_tier": "high" }, "geometry": { "type": "Point", "coordinates": [ 94.381033512499997, 25.7581035975 ] } },
{ "type": "Feature", "properties": { "settlement_id": "PMGSY_0337", "name": "Runguzu Nawe", "district": "Phek", "source": "PMGSY", "lon": 94.31877059333334, "lat": 25.695797196666664, "elevation_m": 1547.6859, "slope_deg": 31.553995, "profile_curv": -0.0029475028, "plan_curv": 0.015501081, "static_susceptibility": 0.69724598388460268, "susceptibility_tier": "high" }, "geometry": { "type": "Point", "coordinates": [ 94.31877059333334, 25.695797196666664 ] } },
{ "type": "Feature", "properties": { "settlement_id": "PMGSY_0338", "name": "Runguzu Nasa", "district": "Phek", "source": "PMGSY", "lon": 94.305910197499998, "lat": 25.6962568575, "elevation_m": 1521.3397, "slope_deg": 29.314095, "profile_curv": 0.001659972, "plan_curv": 0.013321314, "static_susceptibility": 0.67927875396520609, "susceptibility_tier": "high" }, "geometry": { "type": "Point", "coordinates": [ 94.305910197499998, 25.6962568575 ] } },
{ "type": "Feature", "properties": { "settlement_id": "PMGSY_0339", "name": "Rihuba", "district": "Phek", "source": "PMGSY", "lon": 94.27624689, "lat": 25.636407145, "elevation_m": 1670.3857, "slope_deg": 32.91114, "profile_curv": 0.0024327089, "plan_curv": 0.010218019, "static_susceptibility": 0.7261782135218996, "susceptibility_tier": "critical" }, "geometry": { "type": "Point", "coordinates": [ 94.27624689, 25.636407145 ] } },
{ "type": "Feature", "properties": { "settlement_id": "PMGSY_0340", "name": "Razieba Hq", "district": "Phek", "source": "PMGSY", "lon": 94.328875765999982, "lat": 25.517727988000001, "elevation_m": 1721.0233, "slope_deg": 36.969406, "profile_curv": -0.0011382381, "plan_curv": -0.0012106195, "static_susceptibility": 0.75670524141616213, "susceptibility_tier": "critical" }, "geometry": { "type": "Point", "coordinates": [ 94.328875765999982, 25.517727988 ] } },
{ "type": "Feature", "properties": { "settlement_id": "PMGSY_0341", "name": "R.D Block Kikruma UR", "district": "Phek", "source": "PMGSY", "lon": 94.221050995, "lat": 25.59863714, "elevation_m": 1372.3013, "slope_deg": 26.535774, "profile_curv": -0.0058713118, "plan_curv": -0.017424932, "static_susceptibility": 0.63892721387094309, "susceptibility_tier": "high" }, "geometry": { "type": "Point", "coordinates": [ 94.221050995, 25.59863714 ] } },
{ "type": "Feature", "properties": { "settlement_id": "PMGSY_0342", "name": "Porba", "district": "Phek", "source": "PMGSY", "lon": 94.332656989411007, "lat": 25.616308571857331, "elevation_m": 1695.1199, "slope_deg": 35.324188, "profile_curv": -0.0018036515, "plan_curv": -0.023889108, "static_susceptibility": 0.74688747926871624, "susceptibility_tier": "critical" }, "geometry": { "type": "Point", "coordinates": [ 94.332656989411007, 25.616308571857331 ] } },
{ "type": "Feature", "properties": { "settlement_id": "PMGSY_0343", "name": "Phuyoba", "district": "Phek", "source": "PMGSY", "lon": 94.2913987029835, "lat": 25.640673628038002, "elevation_m": 1826.2603, "slope_deg": 25.787855, "profile_curv": 0.0025930412, "plan_curv": -0.013666495, "static_susceptibility": 0.71838753117354814, "susceptibility_tier": "critical" }, "geometry": { "type": "Point", "coordinates": [ 94.2913987029835, 25.640673628038002 ] } },
{ "type": "Feature", "properties": { "settlement_id": "PMGSY_0344", "name": "Phusachodu", "district": "Phek", "source": "PMGSY", "lon": 94.261783295968598, "lat": 25.602727770651597, "elevation_m": 1774.682, "slope_deg": 32.842926, "profile_curv": 0.0011034785, "plan_curv": -0.0026032648, "static_susceptibility": 0.74497740356477671, "susceptibility_tier": "critical" }, "geometry": { "type": "Point", "coordinates": [ 94.261783295968598, 25.602727770651597 ] } },
{ "type": "Feature", "properties": { "settlement_id": "PMGSY_0345", "name": "kotisu", "district": "Phek", "source": "PMGSY", "lon": 94.553197395714292, "lat": 25.715514244285714, "elevation_m": 1222.5481, "slope_deg": 36.399555, "profile_curv": 0.010427547, "plan_curv": 0.0043763183, "static_susceptibility": 0.66289634906244055, "susceptibility_tier": "high" }, "geometry": { "type": "Point", "coordinates": [ 94.553197395714292, 25.715514244285714 ] } },
{ "type": "Feature", "properties": { "settlement_id": "PMGSY_0346", "name": "khuzami", "district": "Phek", "source": "PMGSY", "lon": 94.4744801075, "lat": 25.76667635, "elevation_m": 1105.2598, "slope_deg": 28.082792, "profile_curv": 0.00027502939, "plan_curv": 0.036296908, "static_susceptibility": 0.58556508403570973, "susceptibility_tier": "moderate" }, "geometry": { "type": "Point", "coordinates": [ 94.4744801075, 25.76667635 ] } },
{ "type": "Feature", "properties": { "settlement_id": "PMGSY_0347", "name": "Zuketsa", "district": "Phek", "source": "PMGSY", "lon": 94.232567691793136, "lat": 25.537108001276287, "elevation_m": 1727.5001, "slope_deg": 27.029427, "profile_curv": 0.0036543033, "plan_curv": -0.0058949557, "static_susceptibility": 0.70649128249528004, "susceptibility_tier": "high" }, "geometry": { "type": "Point", "coordinates": [ 94.232567691793136, 25.537108001276287 ] } },
{ "type": "Feature", "properties": { "settlement_id": "PMGSY_0348", "name": "Henevi", "district": "Dimapur", "source": "PMGSY", "lon": 93.792500833333008, "lat": 25.922557499999499, "elevation_m": 450.0, "slope_deg": 82.386307, "profile_curv": 0.066308878, "plan_curv": -4.3689752e-08, "static_susceptibility": 0.76438097269788474, "susceptibility_tier": "critical" }, "geometry": { "type": "Point", "coordinates": [ 93.792500833333008, 25.922557499999499 ] } },
{ "type": "Feature", "properties": { "settlement_id": "PMGSY_0349", "name": "Seithekima A", "district": "Dimapur", "source": "PMGSY", "lon": 93.821693333332988, "lat": 25.840104444443998, "elevation_m": 450.0, "slope_deg": 83.513145, "profile_curv": 0.0, "plan_curv": 0.0, "static_susceptibility": 0.77796600755435119, "susceptibility_tier": "critical" }, "geometry": { "type": "Point", "coordinates": [ 93.821693333332988, 25.840104444443998 ] } },
{ "type": "Feature", "properties": { "settlement_id": "PMGSY_0350", "name": "Hazadisa", "district": "Dimapur", "source": "PMGSY", "lon": 93.562441111110672, "lat": 25.73832, "elevation_m": 450.0, "slope_deg": 86.071831, "profile_curv": 0.0, "plan_curv": 0.0, "static_susceptibility": 0.78935775753109017, "susceptibility_tier": "critical" }, "geometry": { "type": "Point", "coordinates": [ 93.562441111110672, 25.73832 ] } },
{ "type": "Feature", "properties": { "settlement_id": "PMGSY_0351", "name": "Nihokhu", "district": "Dimapur", "source": "PMGSY", "lon": 93.919285666666411, "lat": 25.88592, "elevation_m": 450.0, "slope_deg": 81.839806, "profile_curv": 0.0, "plan_curv": 0.0, "static_susceptibility": 0.77028135763181127, "susceptibility_tier": "critical" }, "geometry": { "type": "Point", "coordinates": [ 93.919285666666411, 25.88592 ] } },
{ "type": "Feature", "properties": { "settlement_id": "PMGSY_0352", "name": "Saring", "district": "Mokokchung", "source": "PMGSY", "lon": 94.457522499999499, "lat": 26.645768333332501, "elevation_m": 450.0, "slope_deg": 73.010284, "profile_curv": 0.0, "plan_curv": 0.0, "static_susceptibility": 0.72670828280269473, "susceptibility_tier": "critical" }, "geometry": { "type": "Point", "coordinates": [ 94.457522499999499, 26.645768333332501 ] } },
{ "type": "Feature", "properties": { "settlement_id": "PMGSY_0353", "name": "Longsa", "district": "Mokokchung", "source": "PMGSY", "lon": 94.547474148006501, "lat": 26.215279097802004, "elevation_m": 450.0, "slope_deg": 76.027237, "profile_curv": 0.0, "plan_curv": 0.0, "static_susceptibility": 0.74216051218841494, "susceptibility_tier": "critical" }, "geometry": { "type": "Point", "coordinates": [ 94.547474148006501, 26.215279097802004 ] } },
{ "type": "Feature", "properties": { "settlement_id": "PMGSY_0354", "name": "Seithekima New", "district": "Dimapur", "source": "PMGSY", "lon": 93.784524444444003, "lat": 25.849568888888331, "elevation_m": 450.0, "slope_deg": 0.0, "profile_curv": 0.0, "plan_curv": 0.0, "static_susceptibility": 0.28096200578475433, "susceptibility_tier": "low" }, "geometry": { "type": "Point", "coordinates": [ 93.784524444444003, 25.849568888888331 ] } },
{ "type": "Feature", "properties": { "settlement_id": "PMGSY_0355", "name": "Nikhekhu", "district": "Dimapur", "source": "PMGSY", "lon": 93.932340833333001, "lat": 25.891634166666499, "elevation_m": 450.0, "slope_deg": 0.0, "profile_curv": 0.0, "plan_curv": 0.0, "static_susceptibility": 0.28096200578475433, "susceptibility_tier": "low" }, "geometry": { "type": "Point", "coordinates": [ 93.932340833333001, 25.891634166666499 ] } },
{ "type": "Feature", "properties": { "settlement_id": "PMGSY_0356", "name": "Settsu", "district": "Mokokchung", "source": "PMGSY", "lon": 94.47006682, "lat": 26.27417589, "elevation_m": 450.0, "slope_deg": 0.0, "profile_curv": 0.0, "plan_curv": 0.0, "static_susceptibility": 0.28096200578475433, "susceptibility_tier": "low" }, "geometry": { "type": "Point", "coordinates": [ 94.47006682, 26.27417589 ] } },
{ "type": "Feature", "properties": { "settlement_id": "PMGSY_0357", "name": "Naga United", "district": "Dimapur", "source": "PMGSY", "lon": 93.791938124999618, "lat": 25.863210833333, "elevation_m": 450.0, "slope_deg": 0.0, "profile_curv": 0.0, "plan_curv": 0.0, "static_susceptibility": 0.28096200578475433, "susceptibility_tier": "low" }, "geometry": { "type": "Point", "coordinates": [ 93.791938124999618, 25.863210833333 ] } },
{ "type": "Feature", "properties": { "settlement_id": "PMGSY_0358", "name": "Khezakeno", "district": "Phek", "source": "PMGSY", "lon": 94.202019556602252, "lat": 25.50846329256775, "elevation_m": 450.0, "slope_deg": 0.0, "profile_curv": 0.0, "plan_curv": 0.0, "static_susceptibility": 0.28096200578475433, "susceptibility_tier": "low" }, "geometry": { "type": "Point", "coordinates": [ 94.202019556602252, 25.50846329256775 ] } },
{ "type": "Feature", "properties": { "settlement_id": "PMGSY_0359", "name": "Zukihe", "district": "Dimapur", "source": "PMGSY", "lon": 93.783094444443989, "lat": 25.958091111110665, "elevation_m": 450.0, "slope_deg": 0.0, "profile_curv": 0.0, "plan_curv": 0.0, "static_susceptibility": 0.28096200578475433, "susceptibility_tier": "low" }, "geometry": { "type": "Point", "coordinates": [ 93.783094444443989, 25.958091111110665 ] } },
{ "type": "Feature", "properties": { "settlement_id": "PMGSY_0360", "name": "Xukiye", "district": "Dimapur", "source": "PMGSY", "lon": 93.79179, "lat": 25.950471666666999, "elevation_m": 450.0, "slope_deg": 0.0, "profile_curv": 0.0, "plan_curv": 0.0, "static_susceptibility": 0.28096200578475433, "susceptibility_tier": "low" }, "geometry": { "type": "Point", "coordinates": [ 93.79179, 25.950471666666999 ] } },
{ "type": "Feature", "properties": { "settlement_id": "PMGSY_0361", "name": "Khughovi", "district": "Dimapur", "source": "PMGSY", "lon": 93.800814999999488, "lat": 25.901085, "elevation_m": 450.0, "slope_deg": 0.0, "profile_curv": 0.0, "plan_curv": 0.0, "static_susceptibility": 0.28096200578475433, "susceptibility_tier": "low" }, "geometry": { "type": "Point", "coordinates": [ 93.800814999999488, 25.901085 ] } },
{ "type": "Feature", "properties": { "settlement_id": "PMGSY_0362", "name": "New Showuba", "district": "Dimapur", "source": "PMGSY", "lon": 93.829535555555012, "lat": 25.855855555555333, "elevation_m": 450.0, "slope_deg": 0.0, "profile_curv": 0.0, "plan_curv": 0.0, "static_susceptibility": 0.28096200578475433, "susceptibility_tier": "low" }, "geometry": { "type": "Point", "coordinates": [ 93.829535555555012, 25.855855555555333 ] } },
{ "type": "Feature", "properties": { "settlement_id": "PMGSY_0363", "name": "Hozukhe", "district": "Dimapur", "source": "PMGSY", "lon": 93.954128888888661, "lat": 25.903926111111002, "elevation_m": 450.0, "slope_deg": 0.0, "profile_curv": 0.0, "plan_curv": 0.0, "static_susceptibility": 0.28096200578475433, "susceptibility_tier": "low" }, "geometry": { "type": "Point", "coordinates": [ 93.954128888888661, 25.903926111111002 ] } },
{ "type": "Feature", "properties": { "settlement_id": "PMGSY_0364", "name": "Meyilong", "district": "Mokokchung", "source": "PMGSY", "lon": 94.571411123333334, "lat": 26.27940201, "elevation_m": 450.0, "slope_deg": 0.0, "profile_curv": 0.0, "plan_curv": 0.0, "static_susceptibility": 0.28096200578475433, "susceptibility_tier": "low" }, "geometry": { "type": "Point", "coordinates": [ 94.571411123333334, 26.27940201 ] } },
{ "type": "Feature", "properties": { "settlement_id": "PMGSY_0365", "name": "Seithekima C", "district": "Dimapur", "source": "PMGSY", "lon": 93.803448055555165, "lat": 25.817763055555332, "elevation_m": 450.0, "slope_deg": 0.0, "profile_curv": 0.0, "plan_curv": 0.0, "static_susceptibility": 0.28096200578475433, "susceptibility_tier": "low" }, "geometry": { "type": "Point", "coordinates": [ 93.803448055555165, 25.817763055555332 ] } },
{ "type": "Feature", "properties": { "settlement_id": "PMGSY_0366", "name": "Merapani", "district": "Wokha", "source": "PMGSY", "lon": 94.095785966666497, "lat": 26.310186214999749, "elevation_m": 450.0, "slope_deg": 0.0, "profile_curv": 0.0, "plan_curv": 0.0, "static_susceptibility": 0.28096200578475433, "susceptibility_tier": "low" }, "geometry": { "type": "Point", "coordinates": [ 94.095785966666497, 26.310186214999749 ] } },
{ "type": "Feature", "properties": { "settlement_id": "PMGSY_0367", "name": "Hovukhe", "district": "Dimapur", "source": "PMGSY", "lon": 93.949294444444334, "lat": 25.975597777777335, "elevation_m": 450.0, "slope_deg": 0.0, "profile_curv": 0.0, "plan_curv": 0.0, "static_susceptibility": 0.28096200578475433, "susceptibility_tier": "low" }, "geometry": { "type": "Point", "coordinates": [ 93.949294444444334, 25.975597777777335 ] } },
{ "type": "Feature", "properties": { "settlement_id": "PMGSY_0368", "name": "Niuland HQ", "district": "Dimapur", "source": "PMGSY", "lon": 93.964437222222116, "lat": 25.929170185185335, "elevation_m": 450.0, "slope_deg": 0.0, "profile_curv": 0.0, "plan_curv": 0.0, "static_susceptibility": 0.28096200578475433, "susceptibility_tier": "low" }, "geometry": { "type": "Point", "coordinates": [ 93.964437222222116, 25.929170185185335 ] } },
{ "type": "Feature", "properties": { "settlement_id": "PMGSY_0369", "name": "Yajang C", "district": "Mokokchung", "source": "PMGSY", "lon": 94.553265914999997, "lat": 26.715554105000002, "elevation_m": 450.0, "slope_deg": 0.0, "profile_curv": 0.0, "plan_curv": 0.0, "static_susceptibility": 0.28096200578475433, "susceptibility_tier": "low" }, "geometry": { "type": "Point", "coordinates": [ 94.553265915, 26.715554105 ] } },
{ "type": "Feature", "properties": { "settlement_id": "PMGSY_0370", "name": "Viyito", "district": "Dimapur", "source": "PMGSY", "lon": 93.957685833332746, "lat": 25.942770416666249, "elevation_m": 450.0, "slope_deg": 0.0, "profile_curv": 0.0, "plan_curv": 0.0, "static_susceptibility": 0.28096200578475433, "susceptibility_tier": "low" }, "geometry": { "type": "Point", "coordinates": [ 93.957685833332746, 25.942770416666249 ] } },
{ "type": "Feature", "properties": { "settlement_id": "PMGSY_0371", "name": "Kheyoyi", "district": "Dimapur", "source": "PMGSY", "lon": 93.891080555554993, "lat": 25.874187222222002, "elevation_m": 450.0, "slope_deg": 0.0, "profile_curv": 0.0, "plan_curv": 0.0, "static_susceptibility": 0.28096200578475433, "susceptibility_tier": "low" }, "geometry": { "type": "Point", "coordinates": [ 93.891080555554993, 25.874187222222002 ] } },
{ "type": "Feature", "properties": { "settlement_id": "PMGSY_0372", "name": "Nihoto", "district": "Dimapur", "source": "PMGSY", "lon": 93.803539444443985, "lat": 25.881488333332999, "elevation_m": 450.0, "slope_deg": 0.0, "profile_curv": 0.0, "plan_curv": 0.0, "static_susceptibility": 0.28096200578475433, "susceptibility_tier": "low" }, "geometry": { "type": "Point", "coordinates": [ 93.803539444443985, 25.881488333332999 ] } },
{ "type": "Feature", "properties": { "settlement_id": "PMGSY_0373", "name": "Ralan Old", "district": "Wokha", "source": "PMGSY", "lon": 93.940488119999983, "lat": 26.00908654, "elevation_m": 450.0, "slope_deg": 0.0, "profile_curv": 0.0, "plan_curv": 0.0, "static_susceptibility": 0.28096200578475433, "susceptibility_tier": "low" }, "geometry": { "type": "Point", "coordinates": [ 93.940488119999983, 26.00908654 ] } },
{ "type": "Feature", "properties": { "settlement_id": "PMGSY_0374", "name": "Old Shoba", "district": "Dimapur", "source": "PMGSY", "lon": 93.804660833333003, "lat": 25.861176249999499, "elevation_m": 450.0, "slope_deg": 0.0, "profile_curv": 0.0, "plan_curv": 0.0, "static_susceptibility": 0.28096200578475433, "susceptibility_tier": "low" }, "geometry": { "type": "Point", "coordinates": [ 93.804660833333003, 25.861176249999499 ] } },
{ "type": "Feature", "properties": { "settlement_id": "PMGSY_0375", "name": "Tsuremen", "district": "Mokokchung", "source": "PMGSY", "lon": 94.468291666666005, "lat": 26.679827499999501, "elevation_m": 450.0, "slope_deg": 0.0, "profile_curv": 0.0, "plan_curv": 0.0, "static_susceptibility": 0.28096200578475433, "susceptibility_tier": "low" }, "geometry": { "type": "Point", "coordinates": [ 94.468291666666005, 26.679827499999501 ] } },
{ "type": "Feature", "properties": { "settlement_id": "PMGSY_0376", "name": "Vihokhu", "district": "Dimapur", "source": "PMGSY", "lon": 93.860898, "lat": 25.871230666666399, "elevation_m": 450.0, "slope_deg": 0.0, "profile_curv": 0.0, "plan_curv": 0.0, "static_susceptibility": 0.28096200578475433, "susceptibility_tier": "low" }, "geometry": { "type": "Point", "coordinates": [ 93.860897999999594, 25.871230666666399 ] } },
{ "type": "Feature", "properties": { "settlement_id": "PMGSY_0377", "name": "Pishikhu", "district": "Dimapur", "source": "PMGSY", "lon": 93.793055, "lat": 25.9675674999995, "elevation_m": 450.0, "slope_deg": 0.0, "profile_curv": 0.0, "plan_curv": 0.0, "static_susceptibility": 0.28096200578475433, "susceptibility_tier": "low" }, "geometry": { "type": "Point", "coordinates": [ 93.793055, 25.9675674999995 ] } },
{ "type": "Feature", "properties": { "settlement_id": "PMGSY_0378", "name": "Chungtiayimsen", "district": "Mokokchung", "source": "PMGSY", "lon": 94.37271333333301, "lat": 26.537002222222, "elevation_m": 450.0, "slope_deg": 0.0, "profile_curv": 0.0, "plan_curv": 0.0, "static_susceptibility": 0.28096200578475433, "susceptibility_tier": "low" }, "geometry": { "type": "Point", "coordinates": [ 94.37271333333301, 26.537002222222 ] } },
{ "type": "Feature", "properties": { "settlement_id": "PMGSY_0379", "name": "Lotovi", "district": "Dimapur", "source": "PMGSY", "lon": 93.813714814814219, "lat": 25.912463518518003, "elevation_m": 450.0, "slope_deg": 0.0, "profile_curv": 0.0, "plan_curv": 0.0, "static_susceptibility": 0.28096200578475433, "susceptibility_tier": "low" }, "geometry": { "type": "Point", "coordinates": [ 93.813714814814219, 25.912463518518003 ] } },
{ "type": "Feature", "properties": { "settlement_id": "PMGSY_0380", "name": "Watiyim", "district": "Mokokchung", "source": "PMGSY", "lon": 94.373607222221665, "lat": 26.538576666666334, "elevation_m": 450.0, "slope_deg": 0.0, "profile_curv": 0.0, "plan_curv": 0.0, "static_susceptibility": 0.28096200578475433, "susceptibility_tier": "low" }, "geometry": { "type": "Point", "coordinates": [ 94.373607222221665, 26.538576666666334 ] } },
{ "type": "Feature", "properties": { "settlement_id": "PMGSY_0381", "name": "Ahozhe", "district": "Dimapur", "source": "PMGSY", "lon": 93.812416666667005, "lat": 25.934393333332999, "elevation_m": 450.0, "slope_deg": 0.0, "profile_curv": 0.0, "plan_curv": 0.0, "static_susceptibility": 0.28096200578475433, "susceptibility_tier": "low" }, "geometry": { "type": "Point", "coordinates": [ 93.812416666667005, 25.934393333332999 ] } },
{ "type": "Feature", "properties": { "settlement_id": "PMGSY_0382", "name": "Zuheshe", "district": "Dimapur", "source": "PMGSY", "lon": 93.933375, "lat": 25.966685555555667, "elevation_m": 450.0, "slope_deg": 0.0, "profile_curv": 0.0, "plan_curv": 0.0, "static_susceptibility": 0.28096200578475433, "susceptibility_tier": "low" }, "geometry": { "type": "Point", "coordinates": [ 93.933375, 25.966685555555667 ] } },
{ "type": "Feature", "properties": { "settlement_id": "PMGSY_0383", "name": "Ghonivi", "district": "Dimapur", "source": "PMGSY", "lon": 93.799936666665999, "lat": 25.969455833333001, "elevation_m": 450.0, "slope_deg": 0.0, "profile_curv": 0.0, "plan_curv": 0.0, "static_susceptibility": 0.28096200578475433, "susceptibility_tier": "low" }, "geometry": { "type": "Point", "coordinates": [ 93.799936666665999, 25.969455833333001 ] } },
{ "type": "Feature", "properties": { "settlement_id": "PMGSY_0384", "name": "Khehokhu", "district": "Dimapur", "source": "PMGSY", "lon": 93.815932499999505, "lat": 25.868883611110835, "elevation_m": 450.0, "slope_deg": 0.0, "profile_curv": 0.0, "plan_curv": 0.0, "static_susceptibility": 0.28096200578475433, "susceptibility_tier": "low" }, "geometry": { "type": "Point", "coordinates": [ 93.815932499999505, 25.868883611110835 ] } },
{ "type": "Feature", "properties": { "settlement_id": "PMGSY_0385", "name": "Xekiye", "district": "Dimapur", "source": "PMGSY", "lon": 93.824471666666511, "lat": 25.880234166666501, "elevation_m": 450.0, "slope_deg": 0.0, "profile_curv": 0.0, "plan_curv": 0.0, "static_susceptibility": 0.28096200578475433, "susceptibility_tier": "low" }, "geometry": { "type": "Point", "coordinates": [ 93.824471666666511, 25.880234166666501 ] } },
{ "type": "Feature", "properties": { "settlement_id": "PMGSY_0386", "name": "Hakhizhe", "district": "Dimapur", "source": "PMGSY", "lon": 93.935291111110658, "lat": 25.92316888888833, "elevation_m": 450.0, "slope_deg": 0.0, "profile_curv": 0.0, "plan_curv": 0.0, "static_susceptibility": 0.28096200578475433, "susceptibility_tier": "low" }, "geometry": { "type": "Point", "coordinates": [ 93.935291111110658, 25.92316888888833 ] } },
{ "type": "Feature", "properties": { "settlement_id": "PMGSY_0387", "name": "Hoito", "district": "Dimapur", "source": "PMGSY", "lon": 93.821788333332989, "lat": 25.885329999999499, "elevation_m": 450.0, "slope_deg": 0.0, "profile_curv": 0.0, "plan_curv": 0.0, "static_susceptibility": 0.28096200578475433, "susceptibility_tier": "low" }, "geometry": { "type": "Point", "coordinates": [ 93.821788333332989, 25.885329999999499 ] } },
{ "type": "Feature", "properties": { "settlement_id": "PMGSY_0388", "name": "Suhoi", "district": "Dimapur", "source": "PMGSY", "lon": 93.831633888888334, "lat": 25.899567222222004, "elevation_m": 450.0, "slope_deg": 0.0, "profile_curv": 0.0, "plan_curv": 0.0, "static_susceptibility": 0.28096200578475433, "susceptibility_tier": "low" }, "geometry": { "type": "Point", "coordinates": [ 93.831633888888334, 25.899567222222004 ] } },
{ "type": "Feature", "properties": { "settlement_id": "PMGSY_0389", "name": "Hevishe", "district": "Dimapur", "source": "PMGSY", "lon": 93.80702, "lat": 25.979965833332997, "elevation_m": 450.0, "slope_deg": 0.0, "profile_curv": 0.0, "plan_curv": 0.0, "static_susceptibility": 0.28096200578475433, "susceptibility_tier": "low" }, "geometry": { "type": "Point", "coordinates": [ 93.80702, 25.979965833332997 ] } },
{ "type": "Feature", "properties": { "settlement_id": "PMGSY_0390", "name": "Henito", "district": "Dimapur", "source": "PMGSY", "lon": 93.917475, "lat": 25.982246666666498, "elevation_m": 450.0, "slope_deg": 0.0, "profile_curv": 0.0, "plan_curv": 0.0, "static_susceptibility": 0.28096200578475433, "susceptibility_tier": "low" }, "geometry": { "type": "Point", "coordinates": [ 93.917475, 25.982246666666498 ] } },
{ "type": "Feature", "properties": { "settlement_id": "PMGSY_0391", "name": "K Hetoi", "district": "Dimapur", "source": "PMGSY", "lon": 93.91632, "lat": 25.960295833332999, "elevation_m": 450.0, "slope_deg": 0.0, "profile_curv": 0.0, "plan_curv": 0.0, "static_susceptibility": 0.28096200578475433, "susceptibility_tier": "low" }, "geometry": { "type": "Point", "coordinates": [ 93.916319999999502, 25.960295833332999 ] } },
{ "type": "Feature", "properties": { "settlement_id": "PMGSY_0392", "name": "Kuhuboto hq", "district": "Dimapur", "source": "PMGSY", "lon": 93.8434598333331, "lat": 25.912924833332902, "elevation_m": 450.0, "slope_deg": 0.0, "profile_curv": 0.0, "plan_curv": 0.0, "static_susceptibility": 0.28096200578475433, "susceptibility_tier": "low" }, "geometry": { "type": "Point", "coordinates": [ 93.8434598333331, 25.912924833332902 ] } },
{ "type": "Feature", "properties": { "settlement_id": "PMGSY_0393", "name": "Pukhato", "district": "Dimapur", "source": "PMGSY", "lon": 93.888611666665994, "lat": 25.921747222221999, "elevation_m": 450.0, "slope_deg": 0.0, "profile_curv": 0.0, "plan_curv": 0.0, "static_susceptibility": 0.28096200578475433, "susceptibility_tier": "low" }, "geometry": { "type": "Point", "coordinates": [ 93.888611666665994, 25.921747222221999 ] } },
{ "type": "Feature", "properties": { "settlement_id": "PMGSY_0394", "name": "Zhekishe", "district": "Dimapur", "source": "PMGSY", "lon": 93.92451, "lat": 26.064831666667001, "elevation_m": 450.0, "slope_deg": 0.0, "profile_curv": 0.0, "plan_curv": 0.0, "static_susceptibility": 0.28096200578475433, "susceptibility_tier": "low" }, "geometry": { "type": "Point", "coordinates": [ 93.92451, 26.064831666667001 ] } },
{ "type": "Feature", "properties": { "settlement_id": "PMGSY_0395", "name": "Shitoi", "district": "Dimapur", "source": "PMGSY", "lon": 93.80852, "lat": 25.99603, "elevation_m": 450.0, "slope_deg": 0.0, "profile_curv": 0.0, "plan_curv": 0.0, "static_susceptibility": 0.28096200578475433, "susceptibility_tier": "low" }, "geometry": { "type": "Point", "coordinates": [ 93.80852, 25.99603 ] } },
{ "type": "Feature", "properties": { "settlement_id": "PMGSY_0396", "name": "Khutovi", "district": "Dimapur", "source": "PMGSY", "lon": 93.934675, "lat": 26.091634166666502, "elevation_m": 450.0, "slope_deg": 0.0, "profile_curv": 0.0, "plan_curv": 0.0, "static_susceptibility": 0.28096200578475433, "susceptibility_tier": "low" }, "geometry": { "type": "Point", "coordinates": [ 93.934675, 26.091634166666502 ] } },
{ "type": "Feature", "properties": { "settlement_id": "PMGSY_0397", "name": "Sahoi", "district": "Dimapur", "source": "PMGSY", "lon": 93.835597777777664, "lat": 25.968068333332997, "elevation_m": 450.0, "slope_deg": 0.0, "profile_curv": 0.0, "plan_curv": 0.0, "static_susceptibility": 0.28096200578475433, "susceptibility_tier": "low" }, "geometry": { "type": "Point", "coordinates": [ 93.835597777777664, 25.968068333332997 ] } },
{ "type": "Feature", "properties": { "settlement_id": "PMGSY_0398", "name": "Kughato", "district": "Dimapur", "source": "PMGSY", "lon": 93.848621666667, "lat": 25.913363333332999, "elevation_m": 450.0, "slope_deg": 0.0, "profile_curv": 0.0, "plan_curv": 0.0, "static_susceptibility": 0.28096200578475433, "susceptibility_tier": "low" }, "geometry": { "type": "Point", "coordinates": [ 93.848621666667, 25.913363333332999 ] } },
{ "type": "Feature", "properties": { "settlement_id": "PMGSY_0399", "name": "Zutoi", "district": "Dimapur", "source": "PMGSY", "lon": 93.932270833333007, "lat": 26.082015, "elevation_m": 450.0, "slope_deg": 0.0, "profile_curv": 0.0, "plan_curv": 0.0, "static_susceptibility": 0.28096200578475433, "susceptibility_tier": "low" }, "geometry": { "type": "Point", "coordinates": [ 93.932270833333007, 26.082015 ] } },
{ "type": "Feature", "properties": { "settlement_id": "PMGSY_0400", "name": "Tokishe", "district": "Dimapur", "source": "PMGSY", "lon": 93.914655833333498, "lat": 26.054835833333499, "elevation_m": 450.0, "slope_deg": 0.0, "profile_curv": 0.0, "plan_curv": 0.0, "static_susceptibility": 0.28096200578475433, "susceptibility_tier": "low" }, "geometry": { "type": "Point", "coordinates": [ 93.914655833333498, 26.054835833333499 ] } },
{ "type": "Feature", "properties": { "settlement_id": "PMGSY_0401", "name": "Vikheto", "district": "Dimapur", "source": "PMGSY", "lon": 93.929936666667004, "lat": 26.076048333332999, "elevation_m": 450.0, "slope_deg": 0.0, "profile_curv": 0.0, "plan_curv": 0.0, "static_susceptibility": 0.28096200578475433, "susceptibility_tier": "low" }, "geometry": { "type": "Point", "coordinates": [ 93.929936666667004, 26.076048333332999 ] } },
{ "type": "Feature", "properties": { "settlement_id": "PMGSY_0402", "name": "Izhevi", "district": "Dimapur", "source": "PMGSY", "lon": 93.934491666667, "lat": 26.102753333332998, "elevation_m": 450.0, "slope_deg": 0.0, "profile_curv": 0.0, "plan_curv": 0.0, "static_susceptibility": 0.28096200578475433, "susceptibility_tier": "low" }, "geometry": { "type": "Point", "coordinates": [ 93.934491666667, 26.102753333332998 ] } },
{ "type": "Feature", "properties": { "settlement_id": "PMGSY_0403", "name": "S. Hotovi", "district": "Dimapur", "source": "PMGSY", "lon": 93.848813333332998, "lat": 25.924162499999497, "elevation_m": 450.0, "slope_deg": 0.0, "profile_curv": 0.0, "plan_curv": 0.0, "static_susceptibility": 0.28096200578475433, "susceptibility_tier": "low" }, "geometry": { "type": "Point", "coordinates": [ 93.848813333332998, 25.924162499999497 ] } },
{ "type": "Feature", "properties": { "settlement_id": "PMGSY_0404", "name": "Hukhai", "district": "Dimapur", "source": "PMGSY", "lon": 93.906284166666495, "lat": 26.038129166666998, "elevation_m": 450.0, "slope_deg": 0.0, "profile_curv": 0.0, "plan_curv": 0.0, "static_susceptibility": 0.28096200578475433, "susceptibility_tier": "low" }, "geometry": { "type": "Point", "coordinates": [ 93.906284166666495, 26.038129166666998 ] } }
]
}
